  0
SECTION
  2
HEADER
  9
$ACADVER
  1
AC1012
  9
$DWGCODEPAGE
  3
ansi_1252
  9
$INSBASE
 10
0.0
 20
0.0
 30
0.0
  9
$EXTMIN
 10
1.000000000000000E+20
 20
1.000000000000000E+20
 30
1.000000000000000E+20
  9
$EXTMAX
 10
-1.000000000000000E+20
 20
-1.000000000000000E+20
 30
-1.000000000000000E+20
  9
$LIMMIN
 10
0.0
 20
0.0
  9
$LIMMAX
 10
12.0
 20
9.0
  9
$ORTHOMODE
 70
     0
  9
$REGENMODE
 70
     1
  9
$FILLMODE
 70
     1
  9
$QTEXTMODE
 70
     0
  9
$MIRRTEXT
 70
     1
  9
$DRAGMODE
 70
     2
  9
$LTSCALE
 40
1.0
  9
$OSMODE
 70
    37
  9
$ATTMODE
 70
     1
  9
$TEXTSIZE
 40
0.2
  9
$TRACEWID
 40
0.05
  9
$TEXTSTYLE
  7
STANDARD
  9
$CLAYER
  8
0
  9
$CELTYPE
  6
BYLAYER
  9
$CECOLOR
 62
   256
  9
$CELTSCALE
 40
1.0
  9
$DELOBJ
 70
     1
  9
$DISPSILH
 70
     0
  9
$DIMSCALE
 40
1.0
  9
$DIMASZ
 40
0.18
  9
$DIMEXO
 40
0.0625
  9
$DIMDLI
 40
0.38
  9
$DIMRND
 40
0.0
  9
$DIMDLE
 40
0.0
  9
$DIMEXE
 40
0.18
  9
$DIMTP
 40
0.0
  9
$DIMTM
 40
0.0
  9
$DIMTXT
 40
0.18
  9
$DIMCEN
 40
0.09
  9
$DIMTSZ
 40
0.0
  9
$DIMTOL
 70
     0
  9
$DIMLIM
 70
     0
  9
$DIMTIH
 70
     1
  9
$DIMTOH
 70
     1
  9
$DIMSE1
 70
     0
  9
$DIMSE2
 70
     0
  9
$DIMTAD
 70
     0
  9
$DIMZIN
 70
     0
  9
$DIMBLK
  1

  9
$DIMASO
 70
     1
  9
$DIMSHO
 70
     1
  9
$DIMPOST
  1

  9
$DIMAPOST
  1

  9
$DIMALT
 70
     0
  9
$DIMALTD
 70
     2
  9
$DIMALTF
 40
25.4
  9
$DIMLFAC
 40
1.0
  9
$DIMTOFL
 70
     0
  9
$DIMTVP
 40
0.0
  9
$DIMTIX
 70
     0
  9
$DIMSOXD
 70
     0
  9
$DIMSAH
 70
     0
  9
$DIMBLK1
  1

  9
$DIMBLK2
  1

  9
$DIMSTYLE
  2
STANDARD
  9
$DIMCLRD
 70
     0
  9
$DIMCLRE
 70
     0
  9
$DIMCLRT
 70
     0
  9
$DIMTFAC
 40
1.0
  9
$DIMGAP
 40
0.09
  9
$DIMJUST
 70
     0
  9
$DIMSD1
 70
     0
  9
$DIMSD2
 70
     0
  9
$DIMTOLJ
 70
     1
  9
$DIMTZIN
 70
     0
  9
$DIMALTZ
 70
     0
  9
$DIMALTTZ
 70
     0
  9
$DIMFIT
 70
     3
  9
$DIMUPT
 70
     0
  9
$DIMUNIT
 70
     2
  9
$DIMDEC
 70
     4
  9
$DIMTDEC
 70
     4
  9
$DIMALTU
 70
     2
  9
$DIMALTTD
 70
     2
  9
$DIMTXSTY
  7
STANDARD
  9
$DIMAUNIT
 70
     0
  9
$LUNITS
 70
     2
  9
$LUPREC
 70
     4
  9
$SKETCHINC
 40
0.1
  9
$FILLETRAD
 40
0.5
  9
$AUNITS
 70
     0
  9
$AUPREC
 70
     0
  9
$MENU
  1
.
  9
$ELEVATION
 40
0.0
  9
$PELEVATION
 40
0.0
  9
$THICKNESS
 40
0.0
  9
$LIMCHECK
 70
     0
  9
$CHAMFERA
 40
0.5
  9
$CHAMFERB
 40
0.5
  9
$CHAMFERC
 40
1.0
  9
$CHAMFERD
 40
0.0
  9
$SKPOLY
 70
     0
  9
$TDCREATE
 40
2460338.876529711
  9
$TDUPDATE
 40
2460338.876529815
  9
$TDINDWG
 40
0.0000000116
  9
$TDUSRTIMER
 40
0.0000000116
  9
$USRTIMER
 70
     1
  9
$ANGBASE
 50
0.0
  9
$ANGDIR
 70
     0
  9
$PDMODE
 70
     0
  9
$PDSIZE
 40
0.0
  9
$PLINEWID
 40
0.0
  9
$COORDS
 70
     1
  9
$SPLFRAME
 70
     0
  9
$SPLINETYPE
 70
     6
  9
$SPLINESEGS
 70
     8
  9
$ATTDIA
 70
     0
  9
$ATTREQ
 70
     1
  9
$HANDLING
 70
     1
  9
$HANDSEED
  5
1C5
  9
$SURFTAB1
 70
     6
  9
$SURFTAB2
 70
     6
  9
$SURFTYPE
 70
     6
  9
$SURFU
 70
     6
  9
$SURFV
 70
     6
  9
$UCSNAME
  2

  9
$UCSORG
 10
0.0
 20
0.0
 30
0.0
  9
$UCSXDIR
 10
1.0
 20
0.0
 30
0.0
  9
$UCSYDIR
 10
0.0
 20
1.0
 30
0.0
  9
$PUCSNAME
  2

  9
$PUCSORG
 10
0.0
 20
0.0
 30
0.0
  9
$PUCSXDIR
 10
1.0
 20
0.0
 30
0.0
  9
$PUCSYDIR
 10
0.0
 20
1.0
 30
0.0
  9
$USERI1
 70
     0
  9
$USERI2
 70
     0
  9
$USERI3
 70
     0
  9
$USERI4
 70
     0
  9
$USERI5
 70
     0
  9
$USERR1
 40
0.0
  9
$USERR2
 40
0.0
  9
$USERR3
 40
0.0
  9
$USERR4
 40
0.0
  9
$USERR5
 40
0.0
  9
$WORLDVIEW
 70
     1
  9
$SHADEDGE
 70
     3
  9
$SHADEDIF
 70
    70
  9
$TILEMODE
 70
     1
  9
$MAXACTVP
 70
    64
  9
$PINSBASE
 10
0.0
 20
0.0
 30
0.0
  9
$PLIMCHECK
 70
     0
  9
$PEXTMIN
 10
1.000000000000000E+20
 20
1.000000000000000E+20
 30
1.000000000000000E+20
  9
$PEXTMAX
 10
-1.000000000000000E+20
 20
-1.000000000000000E+20
 30
-1.000000000000000E+20
  9
$PLIMMIN
 10
0.0
 20
0.0
  9
$PLIMMAX
 10
12.0
 20
9.0
  9
$UNITMODE
 70
     0
  9
$VISRETAIN
 70
     1
  9
$PLINEGEN
 70
     0
  9
$PSLTSCALE
 70
     1
  9
$TREEDEPTH
 70
  3020
  9
$PICKSTYLE
 70
     1
  9
$CMLSTYLE
  2
STANDARD
  9
$CMLJUST
 70
     0
  9
$CMLSCALE
 40
1.0
  9
$SAVEIMAGES
 70
     1
  0
ENDSEC
  0
SECTION
  2
CLASSES
  0
CLASS
  1
ACDBDICTIONARYWDFLT
  2
AcDbDictionaryWithDefault
  3
ObjectDBX Classes
 90
    32768
280
     0
281
     0
  0
CLASS
  1
VISUALSTYLE
  2
AcDbVisualStyle
  3
ObjectDBX Classes
 90
     4095
280
     0
281
     0
  0
CLASS
  1
MATERIAL
  2
AcDbMaterial
  3
ObjectDBX Classes
 90
     1153
280
     0
281
     0
  0
CLASS
  1
SUN
  2
AcDbSun
  3
SCENEOE
 90
     1024
280
     0
281
     0
  0
CLASS
  1
DICTIONARYVAR
  2
AcDbDictionaryVar
  3
ObjectDBX Classes
 90
        0
280
     0
281
     0
  0
CLASS
  1
XRECORD
  2
AcDbXrecord
  3
AutoCAD 2000
 90
    32768
280
     0
281
     0
  0
CLASS
  1
LWPOLYLINE
  2
AcDbPolyline
  3
AutoCAD 2000
 90
    32768
280
     0
281
     1
  0
CLASS
  1
HATCH
  2
AcDbHatch
  3
AutoCAD 2000
 90
    32768
280
     0
281
     1
  0
CLASS
  1
ACDBPLACEHOLDER
  2
AcDbPlaceHolder
  3
ObjectDBX Classes
 90
        0
280
     0
281
     0
  0
CLASS
  1
LAYOUT
  2
AcDbLayout
  3
ObjectDBX Classes
 90
        0
280
     0
281
     0
  0
ENDSEC
  0
SECTION
  2
TABLES
  0
TABLE
  2
VPORT
  5
8
330
0
100
AcDbSymbolTable
 70
     1
  0
VPORT
  5
29
330
8
100
AcDbSymbolTableRecord
100
AcDbViewportTableRecord
  2
*ACTIVE
 70
     0
 10
0.0
 20
0.0
 11
1.0
 21
1.0
 12
0.0
 22
0.0
 13
0.0
 23
0.0
 14
0.5
 24
0.5
 15
0.5
 25
0.5
 16
0.0
 26
0.0
 36
1.0
 17
8.564904954698408
 27
7.57157897949215
 37
0.0
 40
61.51893785264764
 41
0.8164022743506425
 42
50.0
 43
0.0
 44
0.0
 50
0.0
 51
0.0
 71
     0
 72
   100
 73
     1
 74
     3
 75
     0
 76
     0
 77
     0
 78
     0
  0
ENDTAB
  0
TABLE
  2
LTYPE
  5
5
330
0
100
AcDbSymbolTable
 70
     1
  0
LTYPE
  5
14
330
5
100
AcDbSymbolTableRecord
100
AcDbLinetypeTableRecord
  2
BYBLOCK
 70
     0
  3

 72
    65
 73
     0
 40
0.0
  0
LTYPE
  5
15
330
5
100
AcDbSymbolTableRecord
100
AcDbLinetypeTableRecord
  2
BYLAYER
 70
     0
  3

 72
    65
 73
     0
 40
0.0
  0
LTYPE
  5
16
330
5
100
AcDbSymbolTableRecord
100
AcDbLinetypeTableRecord
  2
CONTINUOUS
 70
     0
  3
Solid line
 72
    65
 73
     0
 40
0.0
  0
ENDTAB
  0
TABLE
  2
LAYER
  5
2
330
0
100
AcDbSymbolTable
 70
     2
  0
LAYER
  5
10
330
2
100
AcDbSymbolTableRecord
100
AcDbLayerTableRecord
  2
0
 70
     0
 62
     7
  6
CONTINUOUS
  0
LAYER
  5
40
330
2
100
AcDbSymbolTableRecord
100
AcDbLayerTableRecord
  2
LAYER_1
 70
     0
 62
     7
  6
CONTINUOUS
  0
ENDTAB
  0
TABLE
  2
STYLE
  5
3
330
0
100
AcDbSymbolTable
 70
     1
  0
STYLE
  5
11
330
3
100
AcDbSymbolTableRecord
100
AcDbTextStyleTableRecord
  2
STANDARD
 70
     0
 40
0.0
 41
1.0
 50
0.0
 71
     0
 42
0.2
  3
txt
  4

  0
ENDTAB
  0
TABLE
  2
VIEW
  5
6
330
0
100
AcDbSymbolTable
 70
     0
  0
ENDTAB
  0
TABLE
  2
UCS
  5
7
330
0
100
AcDbSymbolTable
 70
     0
  0
ENDTAB
  0
TABLE
  2
APPID
  5
9
330
0
100
AcDbSymbolTable
 70
     1
  0
APPID
  5
12
330
9
100
AcDbSymbolTableRecord
100
AcDbRegAppTableRecord
  2
ACAD
 70
     0
  0
ENDTAB
  0
TABLE
  2
DIMSTYLE
  5
A
330
0
100
AcDbSymbolTable
 70
     1
  0
DIMSTYLE
105
27
330
A
100
AcDbSymbolTableRecord
100
AcDbDimStyleTableRecord
  2
STANDARD
 70
     0
  3

  4

  5

  6

  7

 40
1.0
 41
0.18
 42
0.0625
 43
0.38
 44
0.18
 45
0.0
 46
0.0
 47
0.0
 48
0.0
140
0.18
141
0.09
142
0.0
143
25.4
144
1.0
145
0.0
146
1.0
147
0.09
 71
     0
 72
     0
 73
     1
 74
     1
 75
     0
 76
     0
 77
     0
 78
     0
170
     0
171
     2
172
     0
173
     0
174
     0
175
     0
176
     0
177
     0
178
     0
270
     2
271
     4
272
     4
273
     2
274
     2
340
11
275
     0
280
     0
281
     0
282
     0
283
     1
284
     0
285
     0
286
     0
287
     3
288
     0
  0
ENDTAB
  0
TABLE
  2
BLOCK_RECORD
  5
1
330
0
100
AcDbSymbolTable
 70
     1
  0
BLOCK_RECORD
  5
1F
330
1
100
AcDbSymbolTableRecord
100
AcDbBlockTableRecord
  2
*MODEL_SPACE
  0
BLOCK_RECORD
  5
1B
330
1
100
AcDbSymbolTableRecord
100
AcDbBlockTableRecord
  2
*PAPER_SPACE
  0
ENDTAB
  0
ENDSEC
  0
SECTION
  2
BLOCKS
  0
BLOCK
  5
20
330
1F
100
AcDbEntity
  8
0
100
AcDbBlockBegin
  2
*MODEL_SPACE
 70
     0
 10
0.0
 20
0.0
 30
0.0
  3
*MODEL_SPACE
  1

  0
ENDBLK
  5
21
330
1F
100
AcDbEntity
  8
0
100
AcDbBlockEnd
  0
BLOCK
  5
1C
330
1B
100
AcDbEntity
 67
     1
  8
0
100
AcDbBlockBegin
  2
*PAPER_SPACE
 70
     0
 10
0.0
 20
0.0
 30
0.0
  3
*PAPER_SPACE
  1

  0
ENDBLK
  5
1D
330
1B
100
AcDbEntity
 67
     1
  8
0
100
AcDbBlockEnd
  0
ENDSEC
  0
SECTION
  2
ENTITIES
  0
SPLINE
  5
41
330
1F
100
AcDbEntity
  8
LAYER_1
 62
     7
100
AcDbSpline
210
0.0
220
0.0
230
1.0
 70
    11
 71
     3
 72
   104
 73
   100
 74
     0
 42
0.0000000001
 43
0.0000000001
 12
1.0
 22
0.0
 32
0.0
 13
1.0
 23
0.0
 33
0.0
 40
0.0
 40
0.0
 40
0.0
 40
0.0
 40
1.0
 40
1.0
 40
1.0
 40
2.0
 40
2.0
 40
2.0
 40
3.0
 40
3.0
 40
3.0
 40
4.0
 40
4.0
 40
4.0
 40
5.0
 40
5.0
 40
5.0
 40
6.0
 40
6.0
 40
6.0
 40
7.0
 40
7.0
 40
7.0
 40
8.0
 40
8.0
 40
8.0
 40
9.0
 40
9.0
 40
9.0
 40
10.0
 40
10.0
 40
10.0
 40
11.0
 40
11.0
 40
11.0
 40
12.0
 40
12.0
 40
12.0
 40
13.0
 40
13.0
 40
13.0
 40
14.0
 40
14.0
 40
14.0
 40
15.0
 40
15.0
 40
15.0
 40
16.0
 40
16.0
 40
16.0
 40
17.0
 40
17.0
 40
17.0
 40
18.0
 40
18.0
 40
18.0
 40
19.0
 40
19.0
 40
19.0
 40
20.0
 40
20.0
 40
20.0
 40
21.0
 40
21.0
 40
21.0
 40
22.0
 40
22.0
 40
22.0
 40
23.0
 40
23.0
 40
23.0
 40
24.0
 40
24.0
 40
24.0
 40
25.0
 40
25.0
 40
25.0
 40
26.0
 40
26.0
 40
26.0
 40
27.0
 40
27.0
 40
27.0
 40
28.0
 40
28.0
 40
28.0
 40
29.0
 40
29.0
 40
29.0
 40
30.0
 40
30.0
 40
30.0
 40
31.0
 40
31.0
 40
31.0
 40
32.0
 40
32.0
 40
32.0
 40
33.0
 40
33.0
 40
33.0
 40
33.0
 10
32.98588731553819
 20
1.641151428222656
 30
0.0
 10
32.73655870225694
 20
1.719095865885417
 30
0.0
 10
32.46523030598958
 20
1.641128540039062
 30
0.0
 10
32.2281494140625
 20
1.53143564860026
 30
0.0
 10
31.99106852213541
 20
1.421742757161458
 30
0.0
 10
31.76573689778653
 20
1.279062059190538
 30
0.0
 10
31.51168484157986
 20
1.218255784776476
 30
0.0
 10
31.26261732313375
 20
1.158643086751302
 30
0.0
 10
30.9941711425782
 20
1.183259752061632
 30
0.0
 10
30.76009792751736
 20
1.287177191840278
 30
0.0
 10
30.62980821397569
 20
1.345020718044705
 30
0.0
 10
30.51018948025181
 20
1.426438225640191
 30
0.0
 10
30.37587822808167
 20
1.474220275878906
 30
0.0
 10
30.18326483832473
 20
1.542743259006076
 30
0.0
 10
29.97670491536458
 20
1.535290188259548
 30
0.0
 10
29.77849663628472
 20
1.497973124186198
 30
0.0
 10
29.62520684136292
 20
1.469111972384983
 30
0.0
 10
29.43102010091153
 20
1.357836405436198
 30
0.0
 10
29.28173149956597
 20
1.372268676757812
 30
0.0
 10
29.28419664171014
 20
1.420305887858073
 30
0.0
 10
29.30675591362847
 20
1.47052256266276
 30
0.0
 10
29.33801947699653
 20
1.520426432291667
 30
0.0
 10
29.39476860894097
 20
1.611012776692708
 30
0.0
 10
29.48019748263889
 20
1.700566609700521
 30
0.0
 10
29.52617390950528
 20
1.774174160427517
 30
0.0
 10
29.66404554579
 20
1.994905259874132
 30
0.0
 10
29.79022555881084
 20
2.224180433485243
 30
0.0
 10
29.91642252604166
 20
2.451716105143229
 30
0.0
 10
30.16974894205737
 20
2.908479478624132
 30
0.0
 10
30.40822007921014
 20
3.373481750488281
 30
0.0
 10
30.63129340277778
 20
3.845760769314236
 30
0.0
 10
31.0809326171875
 20
4.797726949055989
 30
0.0
 10
31.46789211697056
 20
5.779263814290364
 30
0.0
 10
31.78863186306431
 20
6.782034132215712
 30
0.0
 10
32.44696384006084
 20
8.840263366699219
 30
0.0
 10
32.82364908854166
 20
10.98623911539713
 30
0.0
 10
32.91159735785597
 20
13.14522806803385
 30
0.0
 10
32.92516411675347
 20
13.47832234700521
 30
0.0
 10
32.93192206488722
 20
13.81169213189019
 30
0.0
 10
32.93192206488722
 20
14.14506191677513
 30
0.0
 10
32.93192206488722
 20
27.47960069444444
 30
0.0
 10
22.12214152018237
 20
38.2893812391493
 30
0.0
 10
8.787603590223524
 20
38.2893812391493
 30
0.0
 10
-4.546934339735255
 20
38.2893812391493
 30
0.0
 10
-15.35671318901917
 20
27.47960069444444
 30
0.0
 10
-15.35671318901917
 20
14.14506191677513
 30
0.0
 10
-15.35671318901917
 20
13.30599551730686
 30
0.0
 10
-15.3138427734375
 20
12.46692233615451
 30
0.0
 10
-15.22753228081597
 20
11.63229793972439
 30
0.0
 10
-14.94495985243056
 20
8.899764166937933
 30
0.0
 10
-14.19193183051223
 20
6.220520867241754
 30
0.0
 10
-13.00676812065972
 20
3.742098490397135
 30
0.0
 10
-12.42794291178385
 20
2.531656053331163
 30
0.0
 10
-11.74760352240668
 20
1.369921366373698
 30
0.0
 10
-10.97580295138889
 20
0.2724278767903646
 30
0.0
 10
-10.59180619981554
 20
-0.2736121283637153
 30
0.0
 10
-10.18524000379774
 20
-0.803800794813368
 30
0.0
 10
-9.75746324327257
 20
-1.316268073187934
 30
0.0
 10
-9.653623792860243
 20
-1.440666198730469
 30
0.0
 10
-9.554928249782986
 20
-1.545569525824653
 30
0.0
 10
-9.494622124565971
 20
-1.692379421657986
 30
0.0
 10
-9.416769239637587
 20
-1.881907145182292
 30
0.0
 10
-9.451501634385851
 20
-1.926194085015191
 30
0.0
 10
-9.611509535047743
 20
-2.058253818088108
 30
0.0
 10
-9.858406914605034
 20
-2.262027316623264
 30
0.0
 10
-10.16486443413628
 20
-2.383399115668403
 30
0.0
 10
-10.4773440890842
 20
-2.442459106445312
 30
0.0
 10
-10.88179524739583
 20
-2.518902248806424
 30
0.0
 10
-11.29748280843099
 20
-2.498861524793837
 30
0.0
 10
-11.70859273274739
 20
-2.478530883789062
 30
0.0
 10
-12.2054197523329
 20
-2.453961690266927
 30
0.0
 10
-12.7022459242079
 20
-2.429392496744792
 30
0.0
 10
-13.1990720960829
 20
-2.404823303222656
 30
0.0
 10
-13.43291642930772
 20
-2.393258836534288
 30
0.0
 10
-13.67387051052517
 20
-2.382678561740451
 30
0.0
 10
-13.89437188042542
 20
-2.461394415961371
 30
0.0
 10
-14.2650146484375
 20
-2.593709309895833
 30
0.0
 10
-14.52438524034292
 20
-2.959191216362847
 30
0.0
 10
-14.90543111165361
 20
-3.057620578342014
 30
0.0
 10
-15.14826965332027
 20
-3.120348612467448
 30
0.0
 10
-15.40344407823347
 20
-3.064531962076823
 30
0.0
 10
-15.65246921115459
 20
-3.034671359592014
 30
0.0
 10
-15.82772996690542
 20
-3.013655768500434
 30
0.0
 10
-16.01795789930555
 20
-3.005485534667969
 30
0.0
 10
-16.18703375922305
 20
-3.065373738606771
 30
0.0
 10
-16.19592793782556
 20
-3.068524678548177
 30
0.0
 10
-16.50552876790361
 20
-3.223509046766493
 30
0.0
 10
-16.50552876790361
 20
-3.174425760904948
 30
0.0
 10
-16.50552876790361
 20
-3.314815097384983
 30
0.0
 10
-16.50552876790361
 20
-23.14622328016501
 30
0.0
 10
-16.50552876790361
 20
-23.14622328016501
 30
0.0
 10
-16.50552876790361
 20
-23.14622328016501
 30
0.0
 10
33.63533867730042
 20
-23.14622328016501
 30
0.0
 10
33.63533867730042
 20
-23.14622328016501
 30
0.0
 10
33.63533867730042
 20
-23.14622328016501
 30
0.0
 10
33.63533867730042
 20
1.467425876193576
 30
0.0
 10
33.63533867730042
 20
1.505162556966146
 30
0.0
 10
33.63533867730042
 20
1.404939439561632
 30
0.0
 10
33.01333957248264
 20
1.632569207085503
 30
0.0
 10
32.98588731553819
 20
1.641151428222656
 30
0.0
  0
SPLINE
  5
42
330
1F
100
AcDbEntity
  8
LAYER_1
 62
     7
100
AcDbSpline
210
0.0
220
0.0
230
1.0
 70
    11
 71
     3
 72
    20
 73
    16
 74
     0
 42
0.0000000001
 43
0.0000000001
 12
1.0
 22
0.0
 32
0.0
 13
1.0
 23
0.0
 33
0.0
 40
0.0
 40
0.0
 40
0.0
 40
0.0
 40
1.0
 40
1.0
 40
1.0
 40
2.0
 40
2.0
 40
2.0
 40
3.0
 40
3.0
 40
3.0
 40
4.0
 40
4.0
 40
4.0
 40
5.0
 40
5.0
 40
5.0
 40
5.0
 10
-13.68656836615668
 20
-4.551712036132812
 30
0.0
 10
-13.7041744656033
 20
-4.572760687934028
 30
0.0
 10
-13.72720506456163
 20
-4.589847140842013
 30
0.0
 10
-13.75250498453776
 20
-4.600780063205295
 30
0.0
 10
-13.78667704264323
 20
-4.615546332465278
 30
0.0
 10
-13.82498847113715
 20
-4.619087219238281
 30
0.0
 10
-13.85966491699219
 20
-4.606000264485677
 30
0.0
 10
-13.92259809705945
 20
-4.582249111599392
 30
0.0
 10
-13.95746188693584
 20
-4.511279635959201
 30
0.0
 10
-13.95934295654292
 20
-4.444040086534288
 30
0.0
 10
-13.96561686197917
 20
-4.219745212131076
 30
0.0
 10
-13.62482198079427
 20
-4.075435214572482
 30
0.0
 10
-13.62890370686849
 20
-4.37094963921441
 30
0.0
 10
-13.62979465060764
 20
-4.435448540581597
 30
0.0
 10
-13.64518229166667
 20
-4.502234564887153
 30
0.0
 10
-13.68656836615668
 20
-4.551712036132812
 30
0.0
  0
SPLINE
  5
43
330
1F
100
AcDbEntity
  8
LAYER_1
 62
     7
100
AcDbSpline
210
0.0
220
0.0
230
1.0
 70
    11
 71
     3
 72
    20
 73
    16
 74
     0
 42
0.0000000001
 43
0.0000000001
 12
1.0
 22
0.0
 32
0.0
 13
1.0
 23
0.0
 33
0.0
 40
0.0
 40
0.0
 40
0.0
 40
0.0
 40
1.0
 40
1.0
 40
1.0
 40
2.0
 40
2.0
 40
2.0
 40
3.0
 40
3.0
 40
3.0
 40
4.0
 40
4.0
 40
4.0
 40
5.0
 40
5.0
 40
5.0
 40
5.0
 10
-12.80578189425998
 20
-3.571938408745659
 30
0.0
 10
-12.86347452799479
 20
-3.63433837890625
 30
0.0
 10
-12.94338989257812
 20
-3.678654988606771
 30
0.0
 10
-13.02826944986979
 20
-3.682837592230903
 30
0.0
 10
-13.11314900716146
 20
-3.687020195855034
 30
0.0
 10
-13.20152537027995
 20
-3.646976047092014
 30
0.0
 10
-13.24534691704644
 20
-3.574162801106771
 30
0.0
 10
-13.32681698269314
 20
-3.438795301649305
 30
0.0
 10
-13.25236680772569
 20
-3.142334832085503
 30
0.0
 10
-13.12552134195963
 20
-3.04400889078776
 30
0.0
 10
-12.96081373426649
 20
-2.916333516438802
 30
0.0
 10
-12.73425038655599
 20
-3.036510043674045
 30
0.0
 10
-12.70264434814453
 20
-3.227953592936198
 30
0.0
 10
-12.68245697021484
 20
-3.350234137641059
 30
0.0
 10
-12.72164577907986
 20
-3.480938381618923
 30
0.0
 10
-12.80578189425998
 20
-3.571938408745659
 30
0.0
  0
SPLINE
  5
44
330
1F
100
AcDbEntity
  8
LAYER_1
 62
     7
100
AcDbSpline
210
0.0
220
0.0
230
1.0
 70
    11
 71
     3
 72
    14
 73
    10
 74
     0
 42
0.0000000001
 43
0.0000000001
 12
1.0
 22
0.0
 32
0.0
 13
1.0
 23
0.0
 33
0.0
 40
0.0
 40
0.0
 40
0.0
 40
0.0
 40
1.0
 40
1.0
 40
1.0
 40
2.0
 40
2.0
 40
2.0
 40
3.0
 40
3.0
 40
3.0
 40
3.0
 10
-11.51007080078125
 20
-4.719534979926215
 30
0.0
 10
-11.57505713568793
 20
-4.783936394585504
 30
0.0
 10
-11.68334113226996
 20
-4.819062127007379
 30
0.0
 10
-11.75826093885634
 20
-4.766547309027778
 30
0.0
 10
-11.919189453125
 20
-4.653740776909722
 30
0.0
 10
-11.7449713812934
 20
-4.244404262966579
 30
0.0
 10
-11.57303873697917
 20
-4.228497823079427
 30
0.0
 10
-11.33458031548394
 20
-4.206437004937066
 30
0.0
 10
-11.41111416286892
 20
-4.621467590332031
 30
0.0
 10
-11.51007080078125
 20
-4.719534979926215
 30
0.0
  0
SPLINE
  5
45
330
1F
100
AcDbEntity
  8
LAYER_1
 62
     7
100
AcDbSpline
210
0.0
220
0.0
230
1.0
 70
    11
 71
     3
 72
    23
 73
    19
 74
     0
 42
0.0000000001
 43
0.0000000001
 12
1.0
 22
0.0
 32
0.0
 13
1.0
 23
0.0
 33
0.0
 40
0.0
 40
0.0
 40
0.0
 40
0.0
 40
1.0
 40
1.0
 40
1.0
 40
2.0
 40
2.0
 40
2.0
 40
3.0
 40
3.0
 40
3.0
 40
4.0
 40
4.0
 40
4.0
 40
5.0
 40
5.0
 40
5.0
 40
6.0
 40
6.0
 40
6.0
 40
6.0
 10
-11.27203453911675
 20
-3.616250779893663
 30
0.0
 10
-11.35351392957899
 20
-3.601872762044271
 30
0.0
 10
-11.41359202067057
 20
-3.525061713324653
 30
0.0
 10
-11.42943657769097
 20
-3.443854437934028
 30
0.0
 10
-11.44528198242188
 20
-3.362646314832899
 30
0.0
 10
-11.42454444037543
 20
-3.278570387098524
 30
0.0
 10
-11.39436848958333
 20
-3.201530456542969
 30
0.0
 10
-11.35713958740234
 20
-3.106481764051649
 30
0.0
 10
-11.1765391031901
 20
-3.078792995876736
 30
0.0
 10
-11.08986070421007
 20
-3.125889248318142
 30
0.0
 10
-11.02515072292752
 20
-3.161048041449653
 30
0.0
 10
-10.98625776502821
 20
-3.234669155544704
 30
0.0
 10
-10.98325008816189
 20
-3.3082521226671
 30
0.0
 10
-10.98024325900608
 20
-3.38183848063151
 30
0.0
 10
-11.00979614257812
 20
-3.454305860731337
 30
0.0
 10
-11.05507320827908
 20
-3.512390984429253
 30
0.0
 10
-11.10689205593533
 20
-3.578870137532552
 30
0.0
 10
-11.18902842203776
 20
-3.630899217393663
 30
0.0
 10
-11.27203453911675
 20
-3.616250779893663
 30
0.0
  0
SPLINE
  5
46
330
1F
100
AcDbEntity
  8
LAYER_1
 62
     7
100
AcDbSpline
210
0.0
220
0.0
230
1.0
 70
    11
 71
     3
 72
    20
 73
    16
 74
     0
 42
0.0000000001
 43
0.0000000001
 12
1.0
 22
0.0
 32
0.0
 13
1.0
 23
0.0
 33
0.0
 40
0.0
 40
0.0
 40
0.0
 40
0.0
 40
1.0
 40
1.0
 40
1.0
 40
2.0
 40
2.0
 40
2.0
 40
3.0
 40
3.0
 40
3.0
 40
4.0
 40
4.0
 40
4.0
 40
5.0
 40
5.0
 40
5.0
 40
5.0
 10
-10.67354329427083
 20
-5.434296502007379
 30
0.0
 10
-10.69223361545139
 20
-5.50279066297743
 30
0.0
 10
-10.7328864203559
 20
-5.56354014078776
 30
0.0
 10
-10.78045993381076
 20
-5.616238064236111
 30
0.0
 10
-10.78966522216797
 20
-5.626435173882379
 30
0.0
 10
-10.79990980360243
 20
-5.636537339952256
 30
0.0
 10
-10.81090206570095
 20
-5.645762973361545
 30
0.0
 10
-10.84722476535373
 20
-5.676246643066406
 30
0.0
 10
-10.89171176486545
 20
-5.697152879503038
 30
0.0
 10
-10.93383449978299
 20
-5.68023935953776
 30
0.0
 10
-11.08858066134983
 20
-5.61810302734375
 30
0.0
 10
-10.9512218899197
 20
-5.396919250488281
 30
0.0
 10
-10.86872948540582
 20
-5.339797973632812
 30
0.0
 10
-10.76171366373698
 20
-5.265695359971788
 30
0.0
 10
-10.62892659505208
 20
-5.270781622992621
 30
0.0
 10
-10.67354329427083
 20
-5.434296502007379
 30
0.0
  0
SPLINE
  5
47
330
1F
100
AcDbEntity
  8
LAYER_1
 62
     7
100
AcDbSpline
210
0.0
220
0.0
230
1.0
 70
    11
 71
     3
 72
    17
 73
    13
 74
     0
 42
0.0000000001
 43
0.0000000001
 12
1.0
 22
0.0
 32
0.0
 13
1.0
 23
0.0
 33
0.0
 40
0.0
 40
0.0
 40
0.0
 40
0.0
 40
1.0
 40
1.0
 40
1.0
 40
2.0
 40
2.0
 40
2.0
 40
3.0
 40
3.0
 40
3.0
 40
4.0
 40
4.0
 40
4.0
 40
4.0
 10
-9.802532619900173
 20
-5.197399563259548
 30
0.0
 10
-9.826319376627604
 20
-5.240303887261285
 30
0.0
 10
-9.873201158311632
 20
-5.285495334201388
 30
0.0
 10
-9.917479621039496
 20
-5.264383104112413
 30
0.0
 10
-9.94222174750434
 20
-5.25258551703559
 30
0.0
 10
-9.953960842556423
 20
-5.224153306749131
 30
0.0
 10
-9.960379706488714
 20
-5.197504679361979
 30
0.0
 10
-9.980667114257812
 20
-5.113279554578993
 30
0.0
 10
-9.97426266140408
 20
-4.895728217230903
 30
0.0
 10
-9.880562676323784
 20
-4.85107676188151
 30
0.0
 10
-9.651737636990017
 20
-4.742031521267361
 30
0.0
 10
-9.759654574924044
 20
-5.120057847764756
 30
0.0
 10
-9.802532619900173
 20
-5.197399563259548
 30
0.0
  0
SPLINE
  5
48
330
1F
100
AcDbEntity
  8
LAYER_1
 62
     7
100
AcDbSpline
210
0.0
220
0.0
230
1.0
 70
    11
 71
     3
 72
    23
 73
    19
 74
     0
 42
0.0000000001
 43
0.0000000001
 12
1.0
 22
0.0
 32
0.0
 13
1.0
 23
0.0
 33
0.0
 40
0.0
 40
0.0
 40
0.0
 40
0.0
 40
1.0
 40
1.0
 40
1.0
 40
2.0
 40
2.0
 40
2.0
 40
3.0
 40
3.0
 40
3.0
 40
4.0
 40
4.0
 40
4.0
 40
5.0
 40
5.0
 40
5.0
 40
6.0
 40
6.0
 40
6.0
 40
6.0
 10
-9.998107062445746
 20
-4.330037434895833
 30
0.0
 10
-10.05988989935981
 20
-4.359848870171441
 30
0.0
 10
-10.13871680365668
 20
-4.374643113878038
 30
0.0
 10
-10.19349924723307
 20
-4.33335452609592
 30
0.0
 10
-10.25262281629774
 20
-4.288795471191406
 30
0.0
 10
-10.25579579671224
 20
-4.20121341281467
 30
0.0
 10
-10.24150763617621
 20
-4.128570556640625
 30
0.0
 10
-10.21817270914713
 20
-4.009937710232204
 30
0.0
 10
-10.1608403523763
 20
-3.865934583875868
 30
0.0
 10
-10.05636596679688
 20
-3.795326232910156
 30
0.0
 10
-9.981653849283854
 20
-3.744833204481337
 30
0.0
 10
-9.830711364746094
 20
-3.690560234917534
 30
0.0
 10
-9.75862799750434
 20
-3.766793992784288
 30
0.0
 10
-9.726682027180988
 20
-3.80058119032118
 30
0.0
 10
-9.719403584798176
 20
-3.850712246365017
 30
0.0
 10
-9.720328436957464
 20
-3.89719729953342
 30
0.0
 10
-9.723917643229166
 20
-4.07757822672526
 30
0.0
 10
-9.835618760850695
 20
-4.251631842719184
 30
0.0
 10
-9.998107062445746
 20
-4.330037434895833
 30
0.0
  0
SPLINE
  5
49
330
1F
100
AcDbEntity
  8
LAYER_1
 62
     7
100
AcDbSpline
210
0.0
220
0.0
230
1.0
 70
    11
 71
     3
 72
    26
 73
    22
 74
     0
 42
0.0000000001
 43
0.0000000001
 12
1.0
 22
0.0
 32
0.0
 13
1.0
 23
0.0
 33
0.0
 40
0.0
 40
0.0
 40
0.0
 40
0.0
 40
1.0
 40
1.0
 40
1.0
 40
2.0
 40
2.0
 40
2.0
 40
3.0
 40
3.0
 40
3.0
 40
4.0
 40
4.0
 40
4.0
 40
5.0
 40
5.0
 40
5.0
 40
6.0
 40
6.0
 40
6.0
 40
7.0
 40
7.0
 40
7.0
 40
7.0
 10
30.11209445529514
 20
8.22671424018012
 30
0.0
 10
30.10162692599834
 20
8.14121585422092
 30
0.0
 10
30.07490709092889
 20
8.055548773871527
 30
0.0
 10
30.02064005533862
 20
7.988655938042534
 30
0.0
 10
29.96637301974834
 20
7.921763102213541
 30
0.0
 10
29.88146294487847
 20
7.876251220703125
 30
0.0
 10
29.795654296875
 20
7.883755154079861
 30
0.0
 10
29.72281222873264
 20
7.890125698513454
 30
0.0
 10
29.65812174479166
 20
7.932384914822048
 30
0.0
 10
29.60214572482639
 20
7.979430304633246
 30
0.0
 10
29.52173190646709
 20
8.047011481391058
 30
0.0
 10
29.44713677300347
 20
8.1416015625
 30
0.0
 10
29.46017795138889
 20
8.24583011203342
 30
0.0
 10
29.47334459092889
 20
8.351066589355469
 30
0.0
 10
29.56906127929695
 20
8.423409356011284
 30
0.0
 10
29.65670437282986
 20
8.483128865559895
 30
0.0
 10
29.77052137586805
 20
8.560681660970051
 30
0.0
 10
29.98287285698792
 20
8.598528544108072
 30
0.0
 10
30.07292344835069
 20
8.460601806640625
 30
0.0
 10
30.1170484754775
 20
8.393013848198784
 30
0.0
 10
30.12190416124139
 20
8.306833055284288
 30
0.0
 10
30.11209445529514
 20
8.22671424018012
 30
0.0
  0
SPLINE
  5
4A
330
1F
100
AcDbEntity
  8
LAYER_1
 62
     7
100
AcDbSpline
210
0.0
220
0.0
230
1.0
 70
    11
 71
     3
 72
    20
 73
    16
 74
     0
 42
0.0000000001
 43
0.0000000001
 12
1.0
 22
0.0
 32
0.0
 13
1.0
 23
0.0
 33
0.0
 40
0.0
 40
0.0
 40
0.0
 40
0.0
 40
1.0
 40
1.0
 40
1.0
 40
2.0
 40
2.0
 40
2.0
 40
3.0
 40
3.0
 40
3.0
 40
4.0
 40
4.0
 40
4.0
 40
5.0
 40
5.0
 40
5.0
 40
5.0
 10
30.25380113389764
 20
12.48856099446614
 30
0.0
 10
30.26019287109375
 20
12.58822801378038
 30
0.0
 10
30.37198554144973
 20
12.92281511094835
 30
0.0
 10
30.52180989583333
 20
12.8752687242296
 30
0.0
 10
30.56075032552083
 20
12.86291080050998
 30
0.0
 10
30.58798556857639
 20
12.82785118950738
 30
0.0
 10
30.60761176215278
 20
12.79201422797309
 30
0.0
 10
30.67519124348958
 20
12.66862403021918
 30
0.0
 10
30.67915513780389
 20
12.51248931884766
 30
0.0
 10
30.61792331271709
 20
12.38582865397135
 30
0.0
 10
30.57450697157125
 20
12.29601626925998
 30
0.0
 10
30.47887166341153
 20
12.21560245090061
 30
0.0
 10
30.38287692599834
 20
12.24273512098524
 30
0.0
 10
30.28641764322916
 20
12.26999749077691
 30
0.0
 10
30.2473890516493
 20
12.38853030734592
 30
0.0
 10
30.25380113389764
 20
12.48856099446614
 30
0.0
  0
SPLINE
  5
4B
330
1F
100
AcDbEntity
  8
LAYER_1
 62
     7
100
AcDbSpline
210
0.0
220
0.0
230
1.0
 70
    11
 71
     3
 72
    20
 73
    16
 74
     0
 42
0.0000000001
 43
0.0000000001
 12
1.0
 22
0.0
 32
0.0
 13
1.0
 23
0.0
 33
0.0
 40
0.0
 40
0.0
 40
0.0
 40
0.0
 40
1.0
 40
1.0
 40
1.0
 40
2.0
 40
2.0
 40
2.0
 40
3.0
 40
3.0
 40
3.0
 40
4.0
 40
4.0
 40
4.0
 40
5.0
 40
5.0
 40
5.0
 40
5.0
 10
30.651611328125
 20
5.9968719482422
 30
0.0
 10
30.62218899197056
 20
5.92059580485026
 30
0.0
 10
30.57578192816848
 20
5.850925021701388
 30
0.0
 10
30.51673380533862
 20
5.794381883409288
 30
0.0
 10
30.47939046223958
 20
5.758622911241319
 30
0.0
 10
30.42482503255208
 20
5.726614210340712
 30
0.0
 10
30.37856038411458
 20
5.749690585666232
 30
0.0
 10
30.33768378363723
 20
5.770077175564236
 30
0.0
 10
30.32613796657986
 20
5.822714911566853
 30
0.0
 10
30.32521565755208
 20
5.868381924099392
 30
0.0
 10
30.32302517361111
 20
5.976706610785603
 30
0.0
 10
30.3662109375
 20
6.207822163899739
 30
0.0
 10
30.48935275607639
 20
6.25048828125
 30
0.0
 10
30.65387641059028
 20
6.307492574055989
 30
0.0
 10
30.69517008463541
 20
6.109803093804254
 30
0.0
 10
30.651611328125
 20
5.9968719482422
 30
0.0
  0
SPLINE
  5
4C
330
1F
100
AcDbEntity
  8
LAYER_1
 62
     7
100
AcDbSpline
210
0.0
220
0.0
230
1.0
 70
    11
 71
     3
 72
    23
 73
    19
 74
     0
 42
0.0000000001
 43
0.0000000001
 12
1.0
 22
0.0
 32
0.0
 13
1.0
 23
0.0
 33
0.0
 40
0.0
 40
0.0
 40
0.0
 40
0.0
 40
1.0
 40
1.0
 40
1.0
 40
2.0
 40
2.0
 40
2.0
 40
3.0
 40
3.0
 40
3.0
 40
4.0
 40
4.0
 40
4.0
 40
5.0
 40
5.0
 40
5.0
 40
6.0
 40
6.0
 40
6.0
 40
6.0
 10
31.10370212131084
 20
10.47375827365451
 30
0.0
 10
31.06993950737847
 20
10.3911378648546
 30
0.0
 10
31.02072482638889
 20
10.31485917833116
 30
0.0
 10
30.95937093098958
 20
10.25003984239366
 30
0.0
 10
30.91757541232639
 20
10.20588938395182
 30
0.0
 10
30.8641357421875
 20
10.16480424669054
 30
0.0
 10
30.8033752441407
 20
10.16675567626953
 30
0.0
 10
30.71533542209209
 20
10.16958279079861
 30
0.0
 10
30.65593465169278
 20
10.26031324598524
 30
0.0
 10
30.63580322265625
 20
10.346068488227
 30
0.0
 10
30.60482109917542
 20
10.47804260253906
 30
0.0
 10
30.6277160644532
 20
10.68885887993707
 30
0.0
 10
30.72564019097222
 20
10.79301283094618
 30
0.0
 10
30.84623209635416
 20
10.92127482096354
 30
0.0
 10
31.07133314344625
 20
10.88703833685981
 30
0.0
 10
31.12737019856778
 20
10.7134280734592
 30
0.0
 10
31.15254720052083
 20
10.63542005750868
 30
0.0
 10
31.13471137152778
 20
10.54963768853082
 30
0.0
 10
31.10370212131084
 20
10.47375827365451
 30
0.0
  0
SPLINE
  5
4D
330
1F
100
AcDbEntity
  8
LAYER_1
 62
     7
100
AcDbSpline
210
0.0
220
0.0
230
1.0
 70
    11
 71
     3
 72
    14
 73
    10
 74
     0
 42
0.0000000001
 43
0.0000000001
 12
1.0
 22
0.0
 32
0.0
 13
1.0
 23
0.0
 33
0.0
 40
0.0
 40
0.0
 40
0.0
 40
0.0
 40
1.0
 40
1.0
 40
1.0
 40
2.0
 40
2.0
 40
2.0
 40
3.0
 40
3.0
 40
3.0
 40
3.0
 10
30.57772148980042
 20
20.61644490559903
 30
0.0
 10
30.89253743489583
 20
21.07915072970916
 30
0.0
 10
31.253156873915
 20
20.45394727918833
 30
0.0
 10
31.20766872829861
 20
20.11695014105903
 30
0.0
 10
31.18912082248264
 20
19.97957356770833
 30
0.0
 10
31.10479397243931
 20
19.8437025282118
 30
0.0
 10
30.97354465060764
 20
19.79916720920139
 30
0.0
 10
30.52291870117195
 20
19.64626057942708
 30
0.0
 10
30.38894992404514
 20
20.33899943033862
 30
0.0
 10
30.57772148980042
 20
20.61644490559903
 30
0.0
  0
SPLINE
  5
4E
330
1F
100
AcDbEntity
  8
LAYER_1
 62
     7
100
AcDbSpline
210
0.0
220
0.0
230
1.0
 70
    11
 71
     3
 72
    17
 73
    13
 74
     0
 42
0.0000000001
 43
0.0000000001
 12
1.0
 22
0.0
 32
0.0
 13
1.0
 23
0.0
 33
0.0
 40
0.0
 40
0.0
 40
0.0
 40
0.0
 40
1.0
 40
1.0
 40
1.0
 40
2.0
 40
2.0
 40
2.0
 40
3.0
 40
3.0
 40
3.0
 40
4.0
 40
4.0
 40
4.0
 40
4.0
 10
-8.674958123101128
 20
-6.884879218207465
 30
0.0
 10
-8.723804050021702
 20
-6.877108256022135
 30
0.0
 10
-8.769955105251736
 20
-6.849149068196614
 30
0.0
 10
-8.795950147840712
 20
-6.80707041422526
 30
0.0
 10
-8.828245374891493
 20
-6.754796346028646
 30
0.0
 10
-8.825389438205296
 20
-6.683035108778212
 30
0.0
 10
-8.789043850368923
 20
-6.633492363823784
 30
0.0
 10
-8.766342163085938
 20
-6.602547539605034
 30
0.0
 10
-8.658987257215712
 20
-6.508834838867188
 30
0.0
 10
-8.622313605414496
 20
-6.508193969726562
 30
0.0
 10
-8.368218315972221
 20
-6.503755357530381
 30
0.0
 10
-8.418751186794704
 20
-6.92563968234592
 30
0.0
 10
-8.674958123101128
 20
-6.884879218207465
 30
0.0
  0
SPLINE
  5
4F
330
1F
100
AcDbEntity
  8
LAYER_1
 62
     7
100
AcDbSpline
210
0.0
220
0.0
230
1.0
 70
    11
 71
     3
 72
    17
 73
    13
 74
     0
 42
0.0000000001
 43
0.0000000001
 12
1.0
 22
0.0
 32
0.0
 13
1.0
 23
0.0
 33
0.0
 40
0.0
 40
0.0
 40
0.0
 40
0.0
 40
1.0
 40
1.0
 40
1.0
 40
2.0
 40
2.0
 40
2.0
 40
3.0
 40
3.0
 40
3.0
 40
4.0
 40
4.0
 40
4.0
 40
4.0
 10
-8.720821804470486
 20
-4.524280971950954
 30
0.0
 10
-8.564075893825954
 20
-4.490304734971788
 30
0.0
 10
-8.57475111219618
 20
-4.698259141710069
 30
0.0
 10
-8.602073669433594
 20
-4.796858893500434
 30
0.0
 10
-8.614301045735676
 20
-4.84098137749566
 30
0.0
 10
-8.634714762369791
 20
-4.888637966579861
 30
0.0
 10
-8.677049424913195
 20
-4.906076219346788
 30
0.0
 10
-8.725780910915798
 20
-4.92615000406901
 30
0.0
 10
-8.782396952311197
 20
-4.89573245578342
 30
0.0
 10
-8.814364115397135
 20
-4.853830125596788
 30
0.0
 10
-8.890434265136719
 20
-4.754113091362847
 30
0.0
 10
-8.86200205485026
 20
-4.554883321126302
 30
0.0
 10
-8.720821804470486
 20
-4.524280971950954
 30
0.0
  0
SPLINE
  5
50
330
1F
100
AcDbEntity
  8
LAYER_1
 62
     7
100
AcDbSpline
210
0.0
220
0.0
230
1.0
 70
    11
 71
     3
 72
    35
 73
    31
 74
     0
 42
0.0000000001
 43
0.0000000001
 12
1.0
 22
0.0
 32
0.0
 13
1.0
 23
0.0
 33
0.0
 40
0.0
 40
0.0
 40
0.0
 40
0.0
 40
1.0
 40
1.0
 40
1.0
 40
2.0
 40
2.0
 40
2.0
 40
3.0
 40
3.0
 40
3.0
 40
4.0
 40
4.0
 40
4.0
 40
5.0
 40
5.0
 40
5.0
 40
6.0
 40
6.0
 40
6.0
 40
7.0
 40
7.0
 40
7.0
 40
8.0
 40
8.0
 40
8.0
 40
9.0
 40
9.0
 40
9.0
 40
10.0
 40
10.0
 40
10.0
 40
10.0
 10
-8.48024410671658
 20
13.24129909939236
 30
0.0
 10
-8.631515502929688
 20
13.56238640679253
 30
0.0
 10
-8.616967942979601
 20
13.94181993272569
 30
0.0
 10
-8.51492648654514
 20
14.28178236219625
 30
0.0
 10
-8.41285875108507
 20
14.62183295355903
 30
0.0
 10
-8.229929606119791
 20
14.93100314670139
 30
0.0
 10
-8.048720465766058
 20
15.23631456163194
 30
0.0
 10
-7.826262580023871
 20
15.61112467447917
 30
0.0
 10
-7.603805541992188
 20
15.98593478732639
 30
0.0
 10
-7.38134765625
 20
16.36074320475264
 30
0.0
 10
-7.332335578070746
 20
16.44332207573792
 30
0.0
 10
-7.274258083767361
 20
16.5329895019532
 30
0.0
 10
-7.18133544921875
 20
16.55721028645833
 30
0.0
 10
-7.07794358995227
 20
16.58416069878472
 30
0.0
 10
-6.970653957790811
 20
16.51624382866749
 30
0.0
 10
-6.908684624565971
 20
16.42920260959209
 30
0.0
 10
-6.751480950249565
 20
16.20839945475264
 30
0.0
 10
-6.813495212131088
 20
15.8927832709418
 30
0.0
 10
-6.962965223524305
 20
15.66667344835069
 30
0.0
 10
-7.112436082628038
 20
15.44056193033862
 30
0.0
 10
-7.333613077799479
 20
15.27322726779514
 30
0.0
 10
-7.518852233886719
 20
15.07535468207473
 30
0.0
 10
-7.838385687934028
 20
14.73400539822056
 30
0.0
 10
-8.148335774739582
 20
14.18485599093972
 30
0.0
 10
-8.136123657226562
 20
13.70092519124349
 30
0.0
 10
-8.132328457302517
 20
13.5505379570855
 30
0.0
 10
-8.004514058430988
 20
13.3489252726237
 30
0.0
 10
-8.062853495279947
 20
13.20193735758463
 30
0.0
 10
-8.16056908501519
 20
12.95573933919271
 30
0.0
 10
-8.377921210394964
 20
13.02410888671875
 30
0.0
 10
-8.48024410671658
 20
13.24129909939236
 30
0.0
  0
SPLINE
  5
51
330
1F
100
AcDbEntity
  8
LAYER_1
 62
     7
100
AcDbSpline
210
0.0
220
0.0
230
1.0
 70
    11
 71
     3
 72
    83
 73
    79
 74
     0
 42
0.0000000001
 43
0.0000000001
 12
1.0
 22
0.0
 32
0.0
 13
1.0
 23
0.0
 33
0.0
 40
0.0
 40
0.0
 40
0.0
 40
0.0
 40
1.0
 40
1.0
 40
1.0
 40
2.0
 40
2.0
 40
2.0
 40
3.0
 40
3.0
 40
3.0
 40
4.0
 40
4.0
 40
4.0
 40
5.0
 40
5.0
 40
5.0
 40
6.0
 40
6.0
 40
6.0
 40
7.0
 40
7.0
 40
7.0
 40
8.0
 40
8.0
 40
8.0
 40
9.0
 40
9.0
 40
9.0
 40
10.0
 40
10.0
 40
10.0
 40
11.0
 40
11.0
 40
11.0
 40
12.0
 40
12.0
 40
12.0
 40
13.0
 40
13.0
 40
13.0
 40
14.0
 40
14.0
 40
14.0
 40
15.0
 40
15.0
 40
15.0
 40
16.0
 40
16.0
 40
16.0
 40
17.0
 40
17.0
 40
17.0
 40
18.0
 40
18.0
 40
18.0
 40
19.0
 40
19.0
 40
19.0
 40
20.0
 40
20.0
 40
20.0
 40
21.0
 40
21.0
 40
21.0
 40
22.0
 40
22.0
 40
22.0
 40
23.0
 40
23.0
 40
23.0
 40
24.0
 40
24.0
 40
24.0
 40
25.0
 40
25.0
 40
25.0
 40
26.0
 40
26.0
 40
26.0
 40
26.0
 10
-5.682898627387153
 20
16.39500935872403
 30
0.0
 10
-5.832274542914496
 20
16.57912529839417
 30
0.0
 10
-6.14371829562717
 20
16.6311340332032
 30
0.0
 10
-6.198357476128472
 20
16.86184014214417
 30
0.0
 10
-6.231448703342013
 20
17.00156317816848
 30
0.0
 10
-6.141309102376302
 20
17.1483934190539
 30
0.0
 10
-6.017338222927517
 20
17.22084214952265
 30
0.0
 10
-5.893367343478732
 20
17.29328918457027
 30
0.0
 10
-5.743658277723524
 20
17.30561319986987
 30
0.0
 10
-5.600093417697482
 20
17.30302259657126
 30
0.0
 10
-4.984608968098958
 20
17.29191758897569
 30
0.0
 10
-4.377479553222656
 20
17.02760823567708
 30
0.0
 10
-3.94999270968967
 20
16.58466254340278
 30
0.0
 10
-3.77508799235026
 20
16.40343221028653
 30
0.0
 10
-3.627166748046875
 20
16.19224039713541
 30
0.0
 10
-3.42114512125651
 20
16.04735649956597
 30
0.0
 10
-3.067125956217448
 20
15.79839748806431
 30
0.0
 10
-2.59934997558595
 20
15.78304714626736
 30
0.0
 10
-2.210520426432292
 20
15.59298706054695
 30
0.0
 10
-1.763604905870226
 20
15.37453206380208
 30
0.0
 10
-0.9156985812717013
 20
14.61939832899306
 30
0.0
 10
-1.048977322048611
 20
14.0571161905925
 30
0.0
 10
-1.113742404513889
 20
13.7840822007921
 30
0.0
 10
-1.299478318956163
 20
13.55786387125651
 30
0.0
 10
-1.486399332682292
 20
13.34872097439236
 30
0.0
 10
-1.673321194118936
 20
13.13957807752821
 30
0.0
 10
-1.871610005696615
 20
12.92948828803168
 30
0.0
 10
-1.971551683213976
 20
12.66739654541016
 30
0.0
 10
-2.025700039333767
 20
12.52539655897352
 30
0.0
 10
-2.049313015407986
 20
12.37165832519531
 30
0.0
 10
-2.119149102105047
 20
12.23668077256944
 30
0.0
 10
-2.188985188802083
 20
12.10170406765408
 30
0.0
 10
-2.325325859917547
 20
11.98338656955295
 30
0.0
 10
-2.476406521267361
 20
11.99983723958333
 30
0.0
 10
-2.527168273925781
 20
12.65451388888889
 30
0.0
 10
-2.577929178873698
 20
13.30918969048394
 30
0.0
 10
-2.628690931532131
 20
13.96386633978945
 30
0.0
 10
-2.64630381266276
 20
14.19102138943138
 30
0.0
 10
-2.665173848470052
 20
14.42331949869792
 30
0.0
 10
-2.757808261447483
 20
14.63147311740459
 30
0.0
 10
-2.850442674424913
 20
14.83962843153208
 30
0.0
 10
-3.03275638156467
 20
15.02257792154944
 30
0.0
 10
-3.258726331922755
 20
15.05168490939666
 30
0.0
 10
-3.508010016547309
 20
15.08379448784722
 30
0.0
 10
-3.797253926595052
 20
14.93671332465278
 30
0.0
 10
-3.99361589219835
 20
15.09360588921445
 30
0.0
 10
-4.169034322102864
 20
15.2337646484375
 30
0.0
 10
-4.161061604817708
 20
15.55194769965278
 30
0.0
 10
-4.370234171549492
 20
15.63357204861111
 30
0.0
 10
-4.547035217285156
 20
15.70256720648875
 30
0.0
 10
-4.736172146267361
 20
15.52730305989583
 30
0.0
 10
-4.777229309082031
 20
15.34201049804695
 30
0.0
 10
-4.818285624186197
 20
15.15671793619792
 30
0.0
 10
-4.767252604166666
 20
14.9646826850043
 30
0.0
 10
-4.765109592013888
 20
14.77490912543403
 30
0.0
 10
-4.762966579861111
 20
14.58513387044278
 30
0.0
 10
-4.836473253038194
 20
14.36602444118931
 30
0.0
 10
-5.016863505045572
 20
14.30704752604167
 30
0.0
 10
-5.250136481391059
 20
14.23078409830737
 30
0.0
 10
-5.481338500976575
 20
14.46868896484375
 30
0.0
 10
-5.725977579752617
 20
14.44908142089847
 30
0.0
 10
-6.071570502387153
 20
14.42138332790806
 30
0.0
 10
-6.240308973524305
 20
13.91364627414278
 30
0.0
 10
-6.586996290418837
 20
13.91682179768875
 30
0.0
 10
-6.792739868164075
 20
13.91870625813806
 30
0.0
 10
-6.95510694715713
 20
14.12812889946833
 30
0.0
 10
-6.955060323079427
 20
14.33388264973958
 30
0.0
 10
-6.955013699001736
 20
14.53963555230042
 30
0.0
 10
-6.827165391710069
 20
14.72769334581167
 30
0.0
 10
-6.666100396050346
 20
14.85572645399306
 30
0.0
 10
-6.516955905490463
 20
14.97428385416667
 30
0.0
 10
-6.339520772298177
 20
15.05159505208333
 30
0.0
 10
-6.182106865776922
 20
15.15892876519097
 30
0.0
 10
-5.976417541503906
 20
15.29918246799041
 30
0.0
 10
-5.806365119086371
 20
15.49126180013028
 30
0.0
 10
-5.692075093587239
 20
15.7124328613282
 30
0.0
 10
-5.581398010253906
 20
15.92661370171445
 30
0.0
 10
-5.531004163954005
 20
16.20779079861111
 30
0.0
 10
-5.682898627387153
 20
16.39500935872403
 30
0.0
  0
SPLINE
  5
52
330
1F
100
AcDbEntity
  8
LAYER_1
 62
     7
100
AcDbSpline
210
0.0
220
0.0
230
1.0
 70
    11
 71
     3
 72
    20
 73
    16
 74
     0
 42
0.0000000001
 43
0.0000000001
 12
1.0
 22
0.0
 32
0.0
 13
1.0
 23
0.0
 33
0.0
 40
0.0
 40
0.0
 40
0.0
 40
0.0
 40
1.0
 40
1.0
 40
1.0
 40
2.0
 40
2.0
 40
2.0
 40
3.0
 40
3.0
 40
3.0
 40
4.0
 40
4.0
 40
4.0
 40
5.0
 40
5.0
 40
5.0
 40
5.0
 10
-7.440317789713541
 20
-5.664922926161024
 30
0.0
 10
-7.468789842393663
 20
-5.72318861219618
 30
0.0
 10
-7.522570292154947
 20
-5.766981336805555
 30
0.0
 10
-7.583018832736545
 20
-5.790464613172743
 30
0.0
 10
-7.632267422146267
 20
-5.809597439236111
 30
0.0
 10
-7.691695319281684
 20
-5.814877827962239
 30
0.0
 10
-7.735077752007378
 20
-5.784721374511719
 30
0.0
 10
-7.779097663031684
 20
-5.754120720757379
 30
0.0
 10
-7.794689602322048
 20
-5.694196065266927
 30
0.0
 10
-7.787021213107638
 20
-5.641137017144097
 30
0.0
 10
-7.773282368977864
 20
-5.546075608995225
 30
0.0
 10
-7.695347256130642
 20
-5.382582770453559
 30
0.0
 10
-7.582327948676215
 20
-5.387263827853732
 30
0.0
 10
-7.448994106716579
 20
-5.392786661783854
 30
0.0
 10
-7.388575236002604
 20
-5.559036254882812
 30
0.0
 10
-7.440317789713541
 20
-5.664922926161024
 30
0.0
  0
SPLINE
  5
53
330
1F
100
AcDbEntity
  8
LAYER_1
 62
     7
100
AcDbSpline
210
0.0
220
0.0
230
1.0
 70
    11
 71
     3
 72
    26
 73
    22
 74
     0
 42
0.0000000001
 43
0.0000000001
 12
1.0
 22
0.0
 32
0.0
 13
1.0
 23
0.0
 33
0.0
 40
0.0
 40
0.0
 40
0.0
 40
0.0
 40
1.0
 40
1.0
 40
1.0
 40
2.0
 40
2.0
 40
2.0
 40
3.0
 40
3.0
 40
3.0
 40
4.0
 40
4.0
 40
4.0
 40
5.0
 40
5.0
 40
5.0
 40
6.0
 40
6.0
 40
6.0
 40
7.0
 40
7.0
 40
7.0
 40
7.0
 10
-7.368963453504774
 20
-9.92663828531901
 30
0.0
 10
-7.481920878092447
 20
-10.06951904296875
 30
0.0
 10
-7.682103474934896
 20
-10.0006103515625
 30
0.0
 10
-7.818877326117621
 20
-9.94279310438368
 30
0.0
 10
-7.999170939127604
 20
-9.866578843858507
 30
0.0
 10
-8.18630896674262
 20
-9.782613966200087
 30
0.0
 10
-8.30716281467014
 20
-9.628638373480902
 30
0.0
 10
-8.34297604031033
 20
-9.58301035563151
 30
0.0
 10
-8.372963799370659
 20
-9.528727213541666
 30
0.0
 10
-8.371492173936632
 20
-9.470742967393663
 30
0.0
 10
-8.370020548502604
 20
-9.412757873535156
 30
0.0
 10
-8.32740953233507
 20
-9.353011237250433
 30
0.0
 10
-8.269507514105902
 20
-9.349591573079426
 30
0.0
 10
-8.120542738172743
 20
-9.340798272026909
 30
0.0
 10
-7.906727261013454
 20
-9.4893069797092
 30
0.0
 10
-7.766214158799913
 20
-9.542791578504774
 30
0.0
 10
-7.654479132758246
 20
-9.585322909884981
 30
0.0
 10
-7.485955132378471
 20
-9.616620381673176
 30
0.0
 10
-7.39675055609809
 20
-9.701407538519964
 30
0.0
 10
-7.314777798122829
 20
-9.779320610894096
 30
0.0
 10
-7.291997273763021
 20
-9.829282972547743
 30
0.0
 10
-7.368963453504774
 20
-9.92663828531901
 30
0.0
  0
SPLINE
  5
54
330
1F
100
AcDbEntity
  8
LAYER_1
 62
     7
100
AcDbSpline
210
0.0
220
0.0
230
1.0
 70
    11
 71
     3
 72
    29
 73
    25
 74
     0
 42
0.0000000001
 43
0.0000000001
 12
1.0
 22
0.0
 32
0.0
 13
1.0
 23
0.0
 33
0.0
 40
0.0
 40
0.0
 40
0.0
 40
0.0
 40
1.0
 40
1.0
 40
1.0
 40
2.0
 40
2.0
 40
2.0
 40
3.0
 40
3.0
 40
3.0
 40
4.0
 40
4.0
 40
4.0
 40
5.0
 40
5.0
 40
5.0
 40
6.0
 40
6.0
 40
6.0
 40
7.0
 40
7.0
 40
7.0
 40
8.0
 40
8.0
 40
8.0
 40
8.0
 10
-6.628626505533866
 20
-7.050604078504774
 30
0.0
 10
-6.660660637749565
 20
-7.076179504394531
 30
0.0
 10
-6.706455654568142
 20
-7.072416517469618
 30
0.0
 10
-6.746879577636719
 20
-7.065621270073784
 30
0.0
 10
-6.852460225423177
 20
-7.04787360297309
 30
0.0
 10
-6.959715101454005
 20
-7.016336229112413
 30
0.0
 10
-7.040674845377616
 20
-6.946279737684462
 30
0.0
 10
-7.121635437011719
 20
-6.876224093967013
 30
0.0
 10
-7.169956631130642
 20
-6.759989420572916
 30
0.0
 10
-7.134752061631944
 20
-6.658880445692274
 30
0.0
 10
-7.099547492133246
 20
-6.557772318522135
 30
0.0
 10
-6.964368184407552
 20
-6.496801588270399
 30
0.0
 10
-6.876160515679253
 20
-6.557479858398438
 30
0.0
 10
-6.873313903808594
 20
-6.570543077256944
 30
0.0
 10
-6.870467291937934
 20
-6.583607143825954
 30
0.0
 10
-6.867619832356783
 20
-6.596670362684462
 30
0.0
 10
-6.867619832356783
 20
-6.596670362684462
 30
0.0
 10
-6.850599500868055
 20
-6.646446228027344
 30
0.0
 10
-6.850599500868055
 20
-6.646446228027344
 30
0.0
 10
-6.722816467285156
 20
-6.6817872789171
 30
0.0
 10
-6.620075649685329
 20
-6.795030381944444
 30
0.0
 10
-6.597296820746528
 20
-6.925638834635416
 30
0.0
 10
-6.589544508192274
 20
-6.970087687174479
 30
0.0
 10
-6.593365987141927
 20
-7.022453308105469
 30
0.0
 10
-6.628626505533866
 20
-7.050604078504774
 30
0.0
  0
SPLINE
  5
55
330
1F
100
AcDbEntity
  8
LAYER_1
 62
     7
100
AcDbSpline
210
0.0
220
0.0
230
1.0
 70
    11
 71
     3
 72
    23
 73
    19
 74
     0
 42
0.0000000001
 43
0.0000000001
 12
1.0
 22
0.0
 32
0.0
 13
1.0
 23
0.0
 33
0.0
 40
0.0
 40
0.0
 40
0.0
 40
0.0
 40
1.0
 40
1.0
 40
1.0
 40
2.0
 40
2.0
 40
2.0
 40
3.0
 40
3.0
 40
3.0
 40
4.0
 40
4.0
 40
4.0
 40
5.0
 40
5.0
 40
5.0
 40
6.0
 40
6.0
 40
6.0
 40
6.0
 10
-5.762720743815117
 20
-10.24131096733941
 30
0.0
 10
-5.780017428927963
 20
-10.3515879313151
 30
0.0
 10
-5.88302442762588
 20
-10.43495178222656
 30
0.0
 10
-5.992901272243936
 20
-10.45462968614366
 30
0.0
 10
-6.102778116861992
 20
-10.47430759006076
 30
0.0
 10
-6.216200934516059
 20
-10.44048055013021
 30
0.0
 10
-6.314684549967447
 20
-10.38793267144097
 30
0.0
 10
-6.396127488878038
 20
-10.34447648790148
 30
0.0
 10
-6.477040608723958
 20
-10.27754465738932
 30
0.0
 10
-6.487647162543403
 20
-10.18584442138672
 30
0.0
 10
-6.501108805338541
 20
-10.06946139865451
 30
0.0
 10
-6.388738844129774
 20
-9.969146728515625
 30
0.0
 10
-6.27287122938368
 20
-9.951798333062065
 30
0.0
 10
-6.15729014078776
 20
-9.934493170844183
 30
0.0
 10
-6.042019314236111
 20
-9.976661682128906
 30
0.0
 10
-5.932768927680121
 20
-10.01825459798177
 30
0.0
 10
-5.829281277126736
 20
-10.02203369140625
 30
0.0
 10
-5.74631839328342
 20
-10.13673570421007
 30
0.0
 10
-5.762720743815117
 20
-10.24131096733941
 30
0.0
  0
SPLINE
  5
56
330
1F
100
AcDbEntity
  8
LAYER_1
 62
     7
100
AcDbSpline
210
0.0
220
0.0
230
1.0
 70
    11
 71
     3
 72
    17
 73
    13
 74
     0
 42
0.0000000001
 43
0.0000000001
 12
1.0
 22
0.0
 32
0.0
 13
1.0
 23
0.0
 33
0.0
 40
0.0
 40
0.0
 40
0.0
 40
0.0
 40
1.0
 40
1.0
 40
1.0
 40
2.0
 40
2.0
 40
2.0
 40
3.0
 40
3.0
 40
3.0
 40
4.0
 40
4.0
 40
4.0
 40
4.0
 10
-5.487358093261719
 20
-8.978619045681423
 30
0.0
 10
-5.493648952907986
 20
-9.028224521213106
 30
0.0
 10
-5.511263529459635
 20
-9.082388983832464
 30
0.0
 10
-5.555643717447916
 20
-9.105243259006075
 30
0.0
 10
-5.705174763997408
 20
-9.182248433430988
 30
0.0
 10
-5.716145833333333
 20
-8.955544365776909
 30
0.0
 10
-5.690444098578559
 20
-8.875539143880207
 30
0.0
 10
-5.675734625922309
 20
-8.829752604166666
 30
0.0
 10
-5.590381198459213
 20
-8.726395501030815
 30
0.0
 10
-5.53149583604602
 20
-8.743251376681858
 30
0.0
 10
-5.467770046657986
 20
-8.761492411295572
 30
0.0
 10
-5.480832417805989
 20
-8.927091810438368
 30
0.0
 10
-5.487358093261719
 20
-8.978619045681423
 30
0.0
  0
SPLINE
  5
57
330
1F
100
AcDbEntity
  8
LAYER_1
 62
     7
100
AcDbSpline
210
0.0
220
0.0
230
1.0
 70
    11
 71
     3
 72
    20
 73
    16
 74
     0
 42
0.0000000001
 43
0.0000000001
 12
1.0
 22
0.0
 32
0.0
 13
1.0
 23
0.0
 33
0.0
 40
0.0
 40
0.0
 40
0.0
 40
0.0
 40
1.0
 40
1.0
 40
1.0
 40
2.0
 40
2.0
 40
2.0
 40
3.0
 40
3.0
 40
3.0
 40
4.0
 40
4.0
 40
4.0
 40
5.0
 40
5.0
 40
5.0
 40
5.0
 10
-5.341734144422755
 20
-7.280043707953559
 30
0.0
 10
-5.361770629882825
 20
-7.39354027642144
 30
0.0
 10
-5.478629218207478
 20
-7.480890909830729
 30
0.0
 10
-5.593154907226575
 20
-7.467977735731337
 30
0.0
 10
-5.707680596245672
 20
-7.455065409342447
 30
0.0
 10
-5.802155388726129
 20
-7.343887329101562
 30
0.0
 10
-5.796416388617621
 20
-7.228778415256076
 30
0.0
 10
-5.79067823621963
 20
-7.113670349121094
 30
0.0
 10
-5.685613844129774
 20
-7.012440151638454
 30
0.0
 10
-5.570371839735255
 20
-7.010982089572482
 30
0.0
 10
-5.570371839735255
 20
-7.010982089572482
 30
0.0
 10
-5.513607449001736
 20
-7.017382303873697
 30
0.0
 10
-5.513607449001736
 20
-7.017382303873697
 30
0.0
 10
-5.401583353678385
 20
-7.044464111328125
 30
0.0
 10
-5.321697658962686
 20
-7.16654798719618
 30
0.0
 10
-5.341734144422755
 20
-7.280043707953559
 30
0.0
  0
SPLINE
  5
58
330
1F
100
AcDbEntity
  8
LAYER_1
 62
     7
100
AcDbSpline
210
0.0
220
0.0
230
1.0
 70
    11
 71
     3
 72
    26
 73
    22
 74
     0
 42
0.0000000001
 43
0.0000000001
 12
1.0
 22
0.0
 32
0.0
 13
1.0
 23
0.0
 33
0.0
 40
0.0
 40
0.0
 40
0.0
 40
0.0
 40
1.0
 40
1.0
 40
1.0
 40
2.0
 40
2.0
 40
2.0
 40
3.0
 40
3.0
 40
3.0
 40
4.0
 40
4.0
 40
4.0
 40
5.0
 40
5.0
 40
5.0
 40
6.0
 40
6.0
 40
6.0
 40
7.0
 40
7.0
 40
7.0
 40
7.0
 10
-4.745218065049913
 20
-7.912907070583767
 30
0.0
 10
-4.662060207790811
 20
-7.788794623480903
 30
0.0
 10
-4.506420559353311
 20
-7.730243259006076
 30
0.0
 10
-4.357200622558594
 20
-7.722997877332899
 30
0.0
 10
-4.357200622558594
 20
-7.722997877332899
 30
0.0
 10
-4.387035793728311
 20
-7.779449462890625
 30
0.0
 10
-4.387035793728311
 20
-7.779449462890625
 30
0.0
 10
-4.343323601616754
 20
-7.725735982259114
 30
0.0
 10
-4.247818840874566
 20
-7.750981648763021
 30
0.0
 10
-4.213133917914496
 20
-7.810922410753038
 30
0.0
 10
-4.17844984266493
 20
-7.870864020453559
 30
0.0
 10
-4.188677469889322
 20
-7.946388244628906
 30
0.0
 10
-4.208403693305121
 20
-8.012772454155815
 30
0.0
 10
-4.23883310953776
 20
-8.115174187554253
 30
0.0
 10
-4.292129516601575
 20
-8.214622497558594
 30
0.0
 10
-4.37817552354602
 20
-8.277932908799913
 30
0.0
 10
-4.464222378200954
 20
-8.341242472330729
 30
0.0
 10
-4.587144639756944
 20
-8.36110093858507
 30
0.0
 10
-4.679449293348524
 20
-8.307324727376301
 30
0.0
 10
-4.808536105685763
 20
-8.23211924235026
 30
0.0
 10
-4.828375074598524
 20
-8.037019517686632
 30
0.0
 10
-4.745218065049913
 20
-7.912907070583767
 30
0.0
  0
SPLINE
  5
59
330
1F
100
AcDbEntity
  8
LAYER_1
 62
     7
100
AcDbSpline
210
0.0
220
0.0
230
1.0
 70
    11
 71
     3
 72
    20
 73
    16
 74
     0
 42
0.0000000001
 43
0.0000000001
 12
1.0
 22
0.0
 32
0.0
 13
1.0
 23
0.0
 33
0.0
 40
0.0
 40
0.0
 40
0.0
 40
0.0
 40
1.0
 40
1.0
 40
1.0
 40
2.0
 40
2.0
 40
2.0
 40
3.0
 40
3.0
 40
3.0
 40
4.0
 40
4.0
 40
4.0
 40
5.0
 40
5.0
 40
5.0
 40
5.0
 10
-4.116861131456163
 20
-9.410293579101562
 30
0.0
 10
-4.130982293023004
 20
-9.54823472764757
 30
0.0
 10
-4.279344346788195
 20
-9.656222025553385
 30
0.0
 10
-4.415018717447916
 20
-9.62759060329861
 30
0.0
 10
-4.550693088107638
 20
-9.59896002875434
 30
0.0
 10
-4.64276377360026
 20
-9.440622117784288
 30
0.0
 10
-4.600863138834635
 20
-9.308442857530382
 30
0.0
 10
-4.55896250406901
 20
-9.176262749565971
 30
0.0
 10
-4.392873128255208
 20
-9.099855211046007
 30
0.0
 10
-4.26510450575088
 20
-9.153727213541666
 30
0.0
 10
-4.26510450575088
 20
-9.153727213541666
 30
0.0
 10
-4.294562445746528
 20
-9.14907752143012
 30
0.0
 10
-4.294562445746528
 20
-9.14907752143012
 30
0.0
 10
-4.187511020236545
 20
-9.184044731987846
 30
0.0
 10
-4.105205959743936
 20
-9.296444363064236
 30
0.0
 10
-4.116861131456163
 20
-9.410293579101562
 30
0.0
  0
SPLINE
  5
5A
330
1F
100
AcDbEntity
  8
LAYER_1
 62
     7
100
AcDbSpline
210
0.0
220
0.0
230
1.0
 70
    11
 71
     3
 72
    14
 73
    10
 74
     0
 42
0.0000000001
 43
0.0000000001
 12
1.0
 22
0.0
 32
0.0
 13
1.0
 23
0.0
 33
0.0
 40
0.0
 40
0.0
 40
0.0
 40
0.0
 40
1.0
 40
1.0
 40
1.0
 40
2.0
 40
2.0
 40
2.0
 40
3.0
 40
3.0
 40
3.0
 40
3.0
 10
-3.9278564453125
 20
5.461463080512153
 30
0.0
 10
-4.068752712673611
 20
5.207708570692274
 30
0.0
 10
-4.428578694661458
 20
5.104118347167969
 30
0.0
 10
-4.686681959364149
 20
5.228334214952256
 30
0.0
 10
-5.149186876085069
 20
5.450920952690972
 30
0.0
 10
-5.15436045328776
 20
6.170371161566853
 30
0.0
 10
-4.714390224880642
 20
6.423888312445746
 30
0.0
 10
-4.273321363661024
 20
6.67803955078125
 30
0.0
 10
-3.710973103841158
 20
5.852238125271267
 30
0.0
 10
-3.9278564453125
 20
5.461463080512153
 30
0.0
  0
SPLINE
  5
5B
330
1F
100
AcDbEntity
  8
LAYER_1
 62
     7
100
AcDbSpline
210
0.0
220
0.0
230
1.0
 70
    11
 71
     3
 72
    47
 73
    43
 74
     0
 42
0.0000000001
 43
0.0000000001
 12
1.0
 22
0.0
 32
0.0
 13
1.0
 23
0.0
 33
0.0
 40
0.0
 40
0.0
 40
0.0
 40
0.0
 40
1.0
 40
1.0
 40
1.0
 40
2.0
 40
2.0
 40
2.0
 40
3.0
 40
3.0
 40
3.0
 40
4.0
 40
4.0
 40
4.0
 40
5.0
 40
5.0
 40
5.0
 40
6.0
 40
6.0
 40
6.0
 40
7.0
 40
7.0
 40
7.0
 40
8.0
 40
8.0
 40
8.0
 40
9.0
 40
9.0
 40
9.0
 40
10.0
 40
10.0
 40
10.0
 40
11.0
 40
11.0
 40
11.0
 40
12.0
 40
12.0
 40
12.0
 40
13.0
 40
13.0
 40
13.0
 40
14.0
 40
14.0
 40
14.0
 40
14.0
 10
-4.664303249782986
 20
10.90614573160807
 30
0.0
 10
-4.813668992784288
 20
11.11982048882378
 30
0.0
 10
-4.942195468478732
 20
11.37228308783637
 30
0.0
 10
-5.247435675726996
 20
11.33352491590712
 30
0.0
 10
-5.483891805013033
 20
11.30349985758463
 30
0.0
 10
-5.626603020562066
 20
11.00763871934679
 30
0.0
 10
-5.884913974338107
 20
11.04734971788194
 30
0.0
 10
-6.287959628634982
 20
11.10938093397352
 30
0.0
 10
-6.163227505154079
 20
11.89655134412977
 30
0.0
 10
-6.561833699544283
 20
11.98238118489583
 30
0.0
 10
-6.693768819173177
 20
12.0107905069987
 30
0.0
 10
-6.828808254665811
 20
11.93959808349609
 30
0.0
 10
-6.963214450412338
 20
11.95179918077257
 30
0.0
 10
-7.207869635687934
 20
11.97400750054253
 30
0.0
 10
-7.341000027126736
 20
12.24652608235677
 30
0.0
 10
-7.397735595703125
 20
12.48554568820529
 30
0.0
 10
-7.486473083496094
 20
12.85938941107856
 30
0.0
 10
-7.505878024631076
 20
13.24957190619575
 30
0.0
 10
-7.454669528537326
 20
13.63037448459201
 30
0.0
 10
-7.273702833387587
 20
13.43529849582248
 30
0.0
 10
-7.088291592068142
 20
13.2367197672526
 30
0.0
 10
-6.854314168294283
 20
13.10999806722005
 30
0.0
 10
-6.620336744520399
 20
12.983277214898
 30
0.0
 10
-6.324893527560763
 20
12.93895721435547
 30
0.0
 10
-6.089271545410156
 20
13.06259240044488
 30
0.0
 10
-5.943739997016059
 20
13.13895585801866
 30
0.0
 10
-5.826426188151041
 20
13.27472856309679
 30
0.0
 10
-5.665589226616754
 20
13.30852932400174
 30
0.0
 10
-5.509246826171875
 20
13.34138573540582
 30
0.0
 10
-5.346683078342013
 20
13.26931508382161
 30
0.0
 10
-5.188746134440117
 20
13.29336717393663
 30
0.0
 10
-4.81870608859592
 20
13.34972042507595
 30
0.0
 10
-4.689053005642361
 20
13.86772918701172
 30
0.0
 10
-4.333424886067708
 20
13.98449283175999
 30
0.0
 10
-4.110834757486992
 20
14.05757564968528
 30
0.0
 10
-3.859443664550781
 20
13.9413672553168
 30
0.0
 10
-3.712904188368055
 20
13.75857289632161
 30
0.0
 10
-3.212914360894097
 20
13.13487752278646
 30
0.0
 10
-3.220428466796875
 20
11.25354936387804
 30
0.0
 10
-3.778550042046441
 20
10.61723836263021
 30
0.0
 10
-4.122402615017361
 20
10.22521294487847
 30
0.0
 10
-4.438017951117621
 20
10.58243136935764
 30
0.0
 10
-4.664303249782986
 20
10.90614573160807
 30
0.0
  0
SPLINE
  5
5C
330
1F
100
AcDbEntity
  8
LAYER_1
 62
     7
100
AcDbSpline
210
0.0
220
0.0
230
1.0
 70
    11
 71
     3
 72
    32
 73
    28
 74
     0
 42
0.0000000001
 43
0.0000000001
 12
1.0
 22
0.0
 32
0.0
 13
1.0
 23
0.0
 33
0.0
 40
0.0
 40
0.0
 40
0.0
 40
0.0
 40
1.0
 40
1.0
 40
1.0
 40
2.0
 40
2.0
 40
2.0
 40
3.0
 40
3.0
 40
3.0
 40
4.0
 40
4.0
 40
4.0
 40
5.0
 40
5.0
 40
5.0
 40
6.0
 40
6.0
 40
6.0
 40
7.0
 40
7.0
 40
7.0
 40
8.0
 40
8.0
 40
8.0
 40
9.0
 40
9.0
 40
9.0
 40
9.0
 10
-3.087777031792547
 20
-10.34967295328776
 30
0.0
 10
-3.146282619900186
 20
-10.44923146565755
 30
0.0
 10
-3.237131754557292
 20
-10.52943166097005
 30
0.0
 10
-3.343177795410156
 20
-10.57513682047526
 30
0.0
 10
-3.393666585286458
 20
-10.59689670138889
 30
0.0
 10
-3.467319064670139
 20
-10.60256195068359
 30
0.0
 10
-3.489406161838108
 20
-10.55221557617188
 30
0.0
 10
-3.503013610839844
 20
-10.52119784884983
 30
0.0
 10
-3.487789577907986
 20
-10.48565419514974
 30
0.0
 10
-3.471611022949219
 20
-10.45589616563585
 30
0.0
 10
-3.406005011664496
 20
-10.33522796630859
 30
0.0
 10
-3.320455763075087
 20
-10.22543250189887
 30
0.0
 10
-3.219488355848524
 20
-10.13231658935547
 30
0.0
 10
-3.197744581434462
 20
-10.11226399739583
 30
0.0
 10
-3.173129611545139
 20
-10.09202490912543
 30
0.0
 10
-3.143648783365885
 20
-10.08961571587457
 30
0.0
 10
-3.114168802897135
 20
-10.0872065226237
 30
0.0
 10
-3.081231011284722
 20
-10.11211819118924
 30
0.0
 10
-3.087012396918403
 20
-10.14112684461806
 30
0.0
 10
-3.087012396918403
 20
-10.14112684461806
 30
0.0
 10
-3.121437072753906
 20
-10.15001339382595
 30
0.0
 10
-3.121437072753906
 20
-10.15001339382595
 30
0.0
 10
-3.094417148166233
 20
-10.15653228759766
 30
0.0
 10
-3.068563673231337
 20
-10.17701127794054
 30
0.0
 10
-3.05902353922526
 20
-10.20378028021918
 30
0.0
 10
-3.041826036241319
 20
-10.25203535291884
 30
0.0
 10
-3.061823527018241
 20
-10.30550723605686
 30
0.0
 10
-3.087777031792547
 20
-10.34967295328776
 30
0.0
  0
SPLINE
  5
5D
330
1F
100
AcDbEntity
  8
LAYER_1
 62
     7
100
AcDbSpline
210
0.0
220
0.0
230
1.0
 70
    11
 71
     3
 72
    11
 73
     7
 74
     0
 42
0.0000000001
 43
0.0000000001
 12
1.0
 22
0.0
 32
0.0
 13
1.0
 23
0.0
 33
0.0
 40
0.0
 40
0.0
 40
0.0
 40
0.0
 40
1.0
 40
1.0
 40
1.0
 40
2.0
 40
2.0
 40
2.0
 40
2.0
 10
-3.490442911783866
 20
-9.505651685926649
 30
0.0
 10
-3.718925476074219
 20
-9.309876335991753
 30
0.0
 10
-3.385268317328559
 20
-8.759468078613281
 30
0.0
 10
-3.063451978895399
 20
-8.963965521918402
 30
0.0
 10
-2.69861094156901
 20
-9.195802476671007
 30
0.0
 10
-3.27054935031467
 20
-9.694066365559895
 30
0.0
 10
-3.490442911783866
 20
-9.505651685926649
 30
0.0
  0
SPLINE
  5
5E
330
1F
100
AcDbEntity
  8
LAYER_1
 62
     7
100
AcDbSpline
210
0.0
220
0.0
230
1.0
 70
    11
 71
     3
 72
    26
 73
    22
 74
     0
 42
0.0000000001
 43
0.0000000001
 12
1.0
 22
0.0
 32
0.0
 13
1.0
 23
0.0
 33
0.0
 40
0.0
 40
0.0
 40
0.0
 40
0.0
 40
1.0
 40
1.0
 40
1.0
 40
2.0
 40
2.0
 40
2.0
 40
3.0
 40
3.0
 40
3.0
 40
4.0
 40
4.0
 40
4.0
 40
5.0
 40
5.0
 40
5.0
 40
6.0
 40
6.0
 40
6.0
 40
7.0
 40
7.0
 40
7.0
 40
7.0
 10
-2.203378465440538
 20
-10.27402665879991
 30
0.0
 10
-2.219451056586371
 20
-10.36604987250434
 30
0.0
 10
-2.286920335557725
 20
-10.43932766384549
 30
0.0
 10
-2.351413302951389
 20
-10.5069088406033
 30
0.0
 10
-2.400427076551649
 20
-10.55827077229818
 30
0.0
 10
-2.480032179090712
 20
-10.61233266194661
 30
0.0
 10
-2.53406016031901
 20
-10.56627485487196
 30
0.0
 10
-2.56876966688368
 20
-10.53668551974826
 30
0.0
 10
-2.5667724609375
 20
-10.48307037353516
 30
0.0
 10
-2.558567470974392
 20
-10.43820444742838
 30
0.0
 10
-2.529929267035603
 20
-10.28161282009549
 30
0.0
 10
-2.460788302951389
 20
-10.13260396321614
 30
0.0
 10
-2.359705607096366
 20
-10.00962660047743
 30
0.0
 10
-2.339114718967014
 20
-10.00767262776693
 30
0.0
 10
-2.317935519748264
 20
-10.01997714572483
 30
0.0
 10
-2.309435526529948
 20
-10.03883361816406
 30
0.0
 10
-2.309435526529948
 20
-10.03883361816406
 30
0.0
 10
-2.343110826280395
 20
-10.07282850477431
 30
0.0
 10
-2.343110826280395
 20
-10.07282850477431
 30
0.0
 10
-2.249720255533866
 20
-10.07062360975477
 30
0.0
 10
-2.187305874294705
 20
-10.18200344509549
 30
0.0
 10
-2.203378465440538
 20
-10.27402665879991
 30
0.0
  0
SPLINE
  5
5F
330
1F
100
AcDbEntity
  8
LAYER_1
 62
     7
100
AcDbSpline
210
0.0
220
0.0
230
1.0
 70
    11
 71
     3
 72
    32
 73
    28
 74
     0
 42
0.0000000001
 43
0.0000000001
 12
1.0
 22
0.0
 32
0.0
 13
1.0
 23
0.0
 33
0.0
 40
0.0
 40
0.0
 40
0.0
 40
0.0
 40
1.0
 40
1.0
 40
1.0
 40
2.0
 40
2.0
 40
2.0
 40
3.0
 40
3.0
 40
3.0
 40
4.0
 40
4.0
 40
4.0
 40
5.0
 40
5.0
 40
5.0
 40
6.0
 40
6.0
 40
6.0
 40
7.0
 40
7.0
 40
7.0
 40
8.0
 40
8.0
 40
8.0
 40
9.0
 40
9.0
 40
9.0
 40
9.0
 10
-2.132416619194879
 20
10.51971266004774
 30
0.0
 10
-2.402133517795139
 20
10.38038550482856
 30
0.0
 10
-2.763470119900186
 20
10.37938774956597
 30
0.0
 10
-2.940741644965278
 20
10.13294474283854
 30
0.0
 10
-2.975630866156684
 20
10.08444298638238
 30
0.0
 10
-3.001847161187066
 20
10.02763112386068
 30
0.0
 10
-3.049587673611111
 20
9.991707695855034
 30
0.0
 10
-3.097328186035156
 20
9.955783420138888
 30
0.0
 10
-3.178180270724839
 20
9.953290303548176
 30
0.0
 10
-3.206797281901042
 20
10.0057373046875
 30
0.0
 10
-3.229020860460069
 20
10.04646640353733
 30
0.0
 10
-3.209246317545573
 20
10.09644741482205
 30
0.0
 10
-3.189420064290364
 20
10.13839552137587
 30
0.0
 10
-2.927417331271714
 20
10.69273206922743
 30
0.0
 10
-2.65014817979602
 20
11.07947625054253
 30
0.0
 10
-2.167722913954006
 20
11.45734320746528
 30
0.0
 10
-1.821374681260851
 20
11.72862582736545
 30
0.0
 10
-1.71222178141276
 20
11.99170515272352
 30
0.0
 10
-1.570473564995672
 20
12.39845275878906
 30
0.0
 10
-1.48650868733724
 20
12.63939242892795
 30
0.0
 10
-1.407180786132825
 20
12.93998379177517
 30
0.0
 10
-1.089546203613281
 20
12.79095374213325
 30
0.0
 10
-0.6173460218641492
 20
12.56940460205078
 30
0.0
 10
-1.349249098036024
 20
11.60001034206814
 30
0.0
 10
-1.50793626573352
 20
11.29120381673177
 30
0.0
 10
-1.661765204535603
 20
10.99185095893012
 30
0.0
 10
-1.833400302463108
 20
10.67417483859592
 30
0.0
 10
-2.132416619194879
 20
10.51971266004774
 30
0.0
  0
SPLINE
  5
60
330
1F
100
AcDbEntity
  8
LAYER_1
 62
     7
100
AcDbSpline
210
0.0
220
0.0
230
1.0
 70
    11
 71
     3
 72
    26
 73
    22
 74
     0
 42
0.0000000001
 43
0.0000000001
 12
1.0
 22
0.0
 32
0.0
 13
1.0
 23
0.0
 33
0.0
 40
0.0
 40
0.0
 40
0.0
 40
0.0
 40
1.0
 40
1.0
 40
1.0
 40
2.0
 40
2.0
 40
2.0
 40
3.0
 40
3.0
 40
3.0
 40
4.0
 40
4.0
 40
4.0
 40
5.0
 40
5.0
 40
5.0
 40
6.0
 40
6.0
 40
6.0
 40
7.0
 40
7.0
 40
7.0
 40
7.0
 10
-1.200232611762153
 20
-9.940972222222221
 30
0.0
 10
-1.227934095594618
 20
-10.0064451429579
 30
0.0
 10
-1.280594719780816
 20
-10.05763838026259
 30
0.0
 10
-1.332896762424045
 20
-10.10579003228082
 30
0.0
 10
-1.369664510091146
 20
-10.13963996039496
 30
0.0
 10
-1.410658094618056
 20
-10.17464023166233
 30
0.0
 10
-1.460434807671441
 20
-10.17910681830512
 30
0.0
 10
-1.557150099012587
 20
-10.18778652615017
 30
0.0
 10
-1.625339931911892
 20
-10.06986236572266
 30
0.0
 10
-1.60563235812717
 20
-9.974779764811197
 30
0.0
 10
-1.585925632052964
 20
-9.879697163899738
 30
0.0
 10
-1.510782029893663
 20
-9.807462904188368
 30
0.0
 10
-1.43939378526477
 20
-9.74163818359375
 30
0.0
 10
-1.43939378526477
 20
-9.74163818359375
 30
0.0
 10
-1.405437893337686
 20
-9.766710069444445
 30
0.0
 10
-1.405437893337686
 20
-9.766710069444445
 30
0.0
 10
-1.378876580132378
 20
-9.70076666937934
 30
0.0
 10
-1.277329338921441
 20
-9.692191229926214
 30
0.0
 10
-1.226586235894097
 20
-9.741982354058159
 30
0.0
 10
-1.17584228515625
 20
-9.791773478190104
 30
0.0
 10
-1.172531127929688
 20
-9.875499301486544
 30
0.0
 10
-1.200232611762153
 20
-9.940972222222221
 30
0.0
  0
SPLINE
  5
61
330
1F
100
AcDbEntity
  8
LAYER_1
 62
     7
100
AcDbSpline
210
0.0
220
0.0
230
1.0
 70
    11
 71
     3
 72
    14
 73
    10
 74
     0
 42
0.0000000001
 43
0.0000000001
 12
1.0
 22
0.0
 32
0.0
 13
1.0
 23
0.0
 33
0.0
 40
0.0
 40
0.0
 40
0.0
 40
0.0
 40
1.0
 40
1.0
 40
1.0
 40
2.0
 40
2.0
 40
2.0
 40
3.0
 40
3.0
 40
3.0
 40
3.0
 10
-1.220678541395399
 20
6.858995225694444
 30
0.0
 10
-1.220678541395399
 20
6.858995225694444
 30
0.0
 10
-1.286432054307726
 20
7.268207973904079
 30
0.0
 10
-1.286432054307726
 20
7.268207973904079
 30
0.0
 10
-0.8225597805447048
 20
7.059973822699653
 30
0.0
 10
-0.3586883544921875
 20
6.851739671495225
 30
0.0
 10
0.1051830715603299
 20
6.643505520290811
 30
0.0
 10
-0.3367707994249132
 20
6.715335422092013
 30
0.0
 10
-0.7787246704101562
 20
6.787165323893241
 30
0.0
 10
-1.220678541395399
 20
6.858995225694444
 30
0.0
  0
SPLINE
  5
62
330
1F
100
AcDbEntity
  8
LAYER_1
 62
     7
100
AcDbSpline
210
0.0
220
0.0
230
1.0
 70
    11
 71
     3
 72
    14
 73
    10
 74
     0
 42
0.0000000001
 43
0.0000000001
 12
1.0
 22
0.0
 32
0.0
 13
1.0
 23
0.0
 33
0.0
 40
0.0
 40
0.0
 40
0.0
 40
0.0
 40
1.0
 40
1.0
 40
1.0
 40
2.0
 40
2.0
 40
2.0
 40
3.0
 40
3.0
 40
3.0
 40
3.0
 10
-0.7161933051215278
 20
8.58492194281684
 30
0.0
 10
-0.7161933051215278
 20
8.58492194281684
 30
0.0
 10
-0.6569281684027778
 20
8.904828389485676
 30
0.0
 10
-0.6569281684027778
 20
8.904828389485676
 30
0.0
 10
-0.2158855862087674
 20
8.725051879882812
 30
0.0
 10
0.2251569959852431
 20
8.545276217990452
 30
0.0
 10
0.6661995781792535
 20
8.365499708387587
 30
0.0
 10
0.2123955620659722
 20
8.47609117296007
 30
0.0
 10
-0.2504492865668403
 20
8.549557156032986
 30
0.0
 10
-0.7161933051215278
 20
8.58492194281684
 30
0.0
  0
SPLINE
  5
63
330
1F
100
AcDbEntity
  8
LAYER_1
 62
     7
100
AcDbSpline
210
0.0
220
0.0
230
1.0
 70
    11
 71
     3
 72
    14
 73
    10
 74
     0
 42
0.0000000001
 43
0.0000000001
 12
1.0
 22
0.0
 32
0.0
 13
1.0
 23
0.0
 33
0.0
 40
0.0
 40
0.0
 40
0.0
 40
0.0
 40
1.0
 40
1.0
 40
1.0
 40
2.0
 40
2.0
 40
2.0
 40
3.0
 40
3.0
 40
3.0
 40
3.0
 10
-0.405350579155816
 20
9.863372802734375
 30
0.0
 10
-0.405350579155816
 20
9.863372802734375
 30
0.0
 10
-0.3482920328776041
 20
10.25514560275608
 30
0.0
 10
-0.3482920328776041
 20
10.25514560275608
 30
0.0
 10
0.2918531629774305
 20
10.02442423502604
 30
0.0
 10
0.9319983588324652
 20
9.79370371500651
 30
0.0
 10
1.572144402398003
 20
9.562982347276476
 30
0.0
 10
0.9129791259765625
 20
9.663112216525606
 30
0.0
 10
0.2538138495551215
 20
9.763242933485243
 30
0.0
 10
-0.405350579155816
 20
9.863372802734375
 30
0.0
  0
SPLINE
  5
64
330
1F
100
AcDbEntity
  8
LAYER_1
 62
     7
100
AcDbSpline
210
0.0
220
0.0
230
1.0
 70
    11
 71
     3
 72
   101
 73
    97
 74
     0
 42
0.0000000001
 43
0.0000000001
 12
1.0
 22
0.0
 32
0.0
 13
1.0
 23
0.0
 33
0.0
 40
0.0
 40
0.0
 40
0.0
 40
0.0
 40
1.0
 40
1.0
 40
1.0
 40
2.0
 40
2.0
 40
2.0
 40
3.0
 40
3.0
 40
3.0
 40
4.0
 40
4.0
 40
4.0
 40
5.0
 40
5.0
 40
5.0
 40
6.0
 40
6.0
 40
6.0
 40
7.0
 40
7.0
 40
7.0
 40
8.0
 40
8.0
 40
8.0
 40
9.0
 40
9.0
 40
9.0
 40
10.0
 40
10.0
 40
10.0
 40
11.0
 40
11.0
 40
11.0
 40
12.0
 40
12.0
 40
12.0
 40
13.0
 40
13.0
 40
13.0
 40
14.0
 40
14.0
 40
14.0
 40
15.0
 40
15.0
 40
15.0
 40
16.0
 40
16.0
 40
16.0
 40
17.0
 40
17.0
 40
17.0
 40
18.0
 40
18.0
 40
18.0
 40
19.0
 40
19.0
 40
19.0
 40
20.0
 40
20.0
 40
20.0
 40
21.0
 40
21.0
 40
21.0
 40
22.0
 40
22.0
 40
22.0
 40
23.0
 40
23.0
 40
23.0
 40
24.0
 40
24.0
 40
24.0
 40
25.0
 40
25.0
 40
25.0
 40
26.0
 40
26.0
 40
26.0
 40
27.0
 40
27.0
 40
27.0
 40
28.0
 40
28.0
 40
28.0
 40
29.0
 40
29.0
 40
29.0
 40
30.0
 40
30.0
 40
30.0
 40
31.0
 40
31.0
 40
31.0
 40
32.0
 40
32.0
 40
32.0
 40
32.0
 10
-3.227878146701389
 20
27.45321146647139
 30
0.0
 10
-3.366427951388889
 20
27.38799031575528
 30
0.0
 10
-3.538094414605047
 20
27.14234585232208
 30
0.0
 10
-3.717205471462686
 20
27.30455186631944
 30
0.0
 10
-3.867647806803385
 20
27.44079420301653
 30
0.0
 10
-3.738167656792547
 20
27.6796400282118
 30
0.0
 10
-3.609412299262153
 20
27.77620781792542
 30
0.0
 10
-3.476833767361111
 20
27.87564425998264
 30
0.0
 10
-3.310899522569444
 20
27.91839599609375
 30
0.0
 10
-3.165717230902778
 20
27.9983215332032
 30
0.0
 10
-2.941742791069878
 20
28.12162272135416
 30
0.0
 10
-2.776952107747408
 20
28.32706027560764
 30
0.0
 10
-2.585506015353733
 20
28.49651760525181
 30
0.0
 10
-2.394059075249566
 20
28.66597493489583
 30
0.0
 10
-2.143898010253906
 20
28.8071594238282
 30
0.0
 10
-1.893338521321615
 20
28.75629340277778
 30
0.0
 10
-1.802523295084635
 20
28.73785400390625
 30
0.0
 10
-1.716122097439236
 20
28.69473605685764
 30
0.0
 10
-1.62347412109375
 20
28.69281684027778
 30
0.0
 10
-1.366056654188368
 20
28.68748643663194
 30
0.0
 10
-1.211009555392795
 20
28.99744330512153
 30
0.0
 10
-1.232275221082899
 20
29.25403510199653
 30
0.0
 10
-1.2535400390625
 20
29.51063028971362
 30
0.0
 10
-1.381485833062066
 20
29.7489318847657
 30
0.0
 10
-1.405281066894531
 20
30.00530327690972
 30
0.0
 10
-1.416723463270399
 20
30.12858751085069
 30
0.0
 10
-1.393413967556436
 20
30.27158610026041
 30
0.0
 10
-1.289178636338976
 20
30.3384094238282
 30
0.0
 10
-1.183476765950521
 20
30.40617540147569
 30
0.0
 10
-1.039951748318142
 20
30.36473253038194
 30
0.0
 10
-0.9378551907009548
 20
30.29164971245667
 30
0.0
 10
-0.8357577853732638
 20
30.21856689453125
 30
0.0
 10
-0.7553829616970485
 20
30.11737399631084
 30
0.0
 10
-0.6491834852430555
 20
30.05039130316848
 30
0.0
 10
-0.4795193142361111
 20
29.94337972005208
 30
0.0
 10
-0.2675399780273438
 20
29.93678453233514
 30
0.0
 10
-0.0669759114583333
 20
29.933349609375
 30
0.0
 10
0.1335881551106771
 20
29.92991129557291
 30
0.0
 10
0.3456030951605902
 20
29.92312961154514
 30
0.0
 10
0.515091790093316
 20
29.81583658854166
 30
0.0
 10
0.6845804850260416
 20
29.70854695638028
 30
0.0
 10
0.7829844156901041
 20
29.46249728732639
 30
0.0
 10
0.6642252604166666
 20
29.30083550347222
 30
0.0
 10
0.5784666273328992
 20
29.18409898546014
 30
0.0
 10
0.4208034939236111
 20
29.15421549479166
 30
0.0
 10
0.2822316487630208
 20
29.11202663845486
 30
0.0
 10
0.143660651312934
 20
29.06983439127612
 30
0.0
 10
-0.0086822509765625
 20
28.97911580403653
 30
0.0
 10
-0.0148332383897569
 20
28.83439466688375
 30
0.0
 10
-0.0208986070421007
 20
28.69168429904514
 30
0.0
 10
0.1216083102756076
 20
28.58725314670139
 30
0.0
 10
0.2581973605685764
 20
28.54546101888028
 30
0.0
 10
0.3947855631510416
 20
28.50366889105903
 30
0.0
 10
0.5460900200737847
 20
28.49349975585945
 30
0.0
 10
0.6617168850368923
 20
28.40963406032986
 30
0.0
 10
0.77734375
 20
28.32576836480042
 30
0.0
 10
0.8211644490559895
 20
28.12308417426223
 30
0.0
 10
0.6983973185221354
 20
28.05006747775611
 30
0.0
 10
0.6102650960286458
 20
27.99765014648445
 30
0.0
 10
0.495558844672309
 20
28.04350789388028
 30
0.0
 10
0.3959681193033854
 20
28.01908365885416
 30
0.0
 10
0.2747514512803819
 20
27.98935275607639
 30
0.0
 10
0.2010158962673611
 20
27.85779656304249
 30
0.0
 10
0.1966264512803819
 20
27.73306443956167
 30
0.0
 10
0.1887139214409722
 20
27.50823635525181
 30
0.0
 10
0.3393749660915799
 20
27.317626953125
 30
0.0
 10
0.4539794921875
 20
27.13794623480903
 30
0.0
 10
0.5444632636176215
 20
26.99608696831597
 30
0.0
 10
0.6229629516601562
 20
26.79569329155819
 30
0.0
 10
0.5060297648111979
 20
26.67474704318584
 30
0.0
 10
0.3389358520507812
 20
26.50191582573792
 30
0.0
 10
-0.0166456434461806
 20
26.71408420138889
 30
0.0
 10
-0.1723759969075521
 20
26.53094821506084
 30
0.0
 10
-0.2736129760742188
 20
26.41189405653208
 30
0.0
 10
-0.200179206000434
 20
26.21728346082903
 30
0.0
 10
-0.2780880398220486
 20
26.08181084526917
 30
0.0
 10
-0.373808119032118
 20
25.91536797417542
 30
0.0
 10
-0.6346749199761285
 20
25.94410196940112
 30
0.0
 10
-0.7834854125976562
 20
26.06543307834209
 30
0.0
 10
-0.9322959052191839
 20
26.18676249186194
 30
0.0
 10
-1.021920098198785
 20
26.36803181966153
 30
0.0
 10
-1.167665269639757
 20
26.4930250379775
 30
0.0
 10
-1.418451097276476
 20
26.70810614691848
 30
0.0
 10
-1.827994452582478
 20
26.70628865559903
 30
0.0
 10
-2.076860215928819
 20
26.48898993598098
 30
0.0
 10
-2.19268798828125
 20
26.38785129123264
 30
0.0
 10
-2.305468241373698
 20
26.23662651909722
 30
0.0
 10
-2.457394070095486
 20
26.26035563151041
 30
0.0
 10
-2.611846923828125
 20
26.28448316786028
 30
0.0
 10
-2.675264994303385
 20
26.48099941677513
 30
0.0
 10
-2.647876315646714
 20
26.63490804036458
 30
0.0
 10
-2.620487636990017
 20
26.78881496853306
 30
0.0
 10
-2.537030537923177
 20
26.93110656738277
 30
0.0
 10
-2.528773837619358
 20
27.08721415201819
 30
0.0
 10
-2.502267625596788
 20
27.58855862087681
 30
0.0
 10
-2.931128607855903
 20
27.59290228949653
 30
0.0
 10
-3.227878146701389
 20
27.45321146647139
 30
0.0
  0
SPLINE
  5
65
330
1F
100
AcDbEntity
  8
LAYER_1
 62
     7
100
AcDbSpline
210
0.0
220
0.0
230
1.0
 70
    11
 71
     3
 72
    74
 73
    70
 74
     0
 42
0.0000000001
 43
0.0000000001
 12
1.0
 22
0.0
 32
0.0
 13
1.0
 23
0.0
 33
0.0
 40
0.0
 40
0.0
 40
0.0
 40
0.0
 40
1.0
 40
1.0
 40
1.0
 40
2.0
 40
2.0
 40
2.0
 40
3.0
 40
3.0
 40
3.0
 40
4.0
 40
4.0
 40
4.0
 40
5.0
 40
5.0
 40
5.0
 40
6.0
 40
6.0
 40
6.0
 40
7.0
 40
7.0
 40
7.0
 40
8.0
 40
8.0
 40
8.0
 40
9.0
 40
9.0
 40
9.0
 40
10.0
 40
10.0
 40
10.0
 40
11.0
 40
11.0
 40
11.0
 40
12.0
 40
12.0
 40
12.0
 40
13.0
 40
13.0
 40
13.0
 40
14.0
 40
14.0
 40
14.0
 40
15.0
 40
15.0
 40
15.0
 40
16.0
 40
16.0
 40
16.0
 40
17.0
 40
17.0
 40
17.0
 40
18.0
 40
18.0
 40
18.0
 40
19.0
 40
19.0
 40
19.0
 40
20.0
 40
20.0
 40
20.0
 40
21.0
 40
21.0
 40
21.0
 40
22.0
 40
22.0
 40
22.0
 40
23.0
 40
23.0
 40
23.0
 40
23.0
 10
-1.921352837818934
 20
23.92455132020541
 30
0.0
 10
-2.070728144340806
 20
23.85396429286014
 30
0.0
 10
-2.277913671016171
 20
23.932556765095
 30
0.0
 10
-2.379013382748932
 20
24.07445628520569
 30
0.0
 10
-2.626967038121948
 20
24.42247413910556
 30
0.0
 10
-2.66677479239916
 20
25.38279360973459
 30
0.0
 10
-2.090768610665413
 20
25.41317482829598
 30
0.0
 10
-1.896318740677114
 20
25.42343100992542
 30
0.0
 10
-1.726213241795398
 20
25.29545600297597
 30
0.0
 10
-1.550667113549202
 20
25.21118880721236
 30
0.0
 10
-1.138381782697921
 20
25.01328004231694
 30
0.0
 10
-0.6192016694309864
 20
25.06040409103861
 30
0.0
 10
-0.2492873923363908
 20
25.32931022466069
 30
0.0
 10
-0.0627764892557378
 20
25.46489276219
 30
0.0
 10
0.1148003557929466
 20
25.66145302031583
 30
0.0
 10
0.3451585241246499
 20
25.65125158164986
 30
0.0
 10
0.4543220408922176
 20
25.64641735622208
 30
0.0
 10
0.5703311174815376
 20
25.59436437542264
 30
0.0
 10
0.6674144242621575
 20
25.64451295336194
 30
0.0
 10
0.7838338376360777
 20
25.70464960856611
 30
0.0
 10
0.7944187349448586
 20
25.87079050428028
 30
0.0
 10
0.8873809234765354
 20
25.96313735200596
 30
0.0
 10
0.9904999809641215
 20
26.06557377050444
 30
0.0
 10
1.170845076295766
 20
26.04538095445097
 30
0.0
 10
1.287226609210216
 20
25.95830570740333
 30
0.0
 10
1.403608142124666
 20
25.87123046035583
 30
0.0
 10
1.471403733047029
 20
25.73551395330916
 30
0.0
 10
1.535103708837318
 20
25.6048647532061
 30
0.0
 10
1.725139393526181
 20
25.21509983580653
 30
0.0
 10
1.812769130614343
 20
24.95082585059166
 30
0.0
 10
1.666799170806383
 20
24.55244917691791
 30
0.0
 10
1.552203817086466
 20
24.23969910222125
 30
0.0
 10
1.547762008450617
 20
23.89309998388652
 30
0.0
 10
1.685800289755459
 20
23.58621964364319
 30
0.0
 10
1.756617089818494
 20
23.42878299987069
 30
0.0
 10
1.860956207904438
 20
23.24611027533431
 30
0.0
 10
1.77174137968047
 20
23.09832098317527
 30
0.0
 10
1.657707444516265
 20
22.90941730612722
 30
0.0
 10
1.364080402525069
 20
22.98997326382222
 30
0.0
 10
1.186833210313618
 20
23.12139537164472
 30
0.0
 10
1.009586018102166
 20
23.25281747946723
 30
0.0
 10
0.8015554483307722
 20
23.4238327676732
 30
0.0
 10
0.5961118725891512
 20
23.34332638950069
 30
0.0
 10
0.3904152725120487
 20
23.26272097955653
 30
0.0
 10
0.2990154824274719
 20
22.95574548226764
 30
0.0
 10
0.0781126120889187
 20
22.95894482263736
 30
0.0
 10
-0.0642414424950301
 20
22.96100649759597
 30
0.0
 10
-0.1658912533236945
 20
23.10229496478889
 30
0.0
 10
-0.2035008347049951
 20
23.23960646011417
 30
0.0
 10
-0.2411104160862831
 20
23.37691795543944
 30
0.0
 10
-0.2404181538050933
 20
23.52526058249014
 30
0.0
 10
-0.3001637020026793
 20
23.65448672857028
 30
0.0
 10
-0.3599092502002653
 20
23.78371287465028
 30
0.0
 10
-0.5167255973603662
 20
23.88797087248097
 30
0.0
 10
-0.6428296656131225
 20
23.82188992940583
 30
0.0
 10
-0.8120032450290561
 20
23.73323975053403
 30
0.0
 10
-0.8320920994003447
 20
23.40282936353805
 30
0.0
 10
-1.02043463909571
 20
23.43454122345791
 30
0.0
 10
-1.101843279018125
 20
23.44824826846944
 30
0.0
 10
-1.148875579265804
 20
23.53211116844569
 30
0.0
 10
-1.184230391998337
 20
23.60671201935666
 30
0.0
 10
-1.294979852393605
 20
23.84040025804
 30
0.0
 10
-1.405729312788859
 20
24.0740884967232
 30
0.0
 10
-1.516478773191984
 20
24.30777673541931
 30
0.0
 10
-1.684308505292898
 20
24.32751137328374
 30
0.0
 10
-1.733248562034987
 20
24.08298790695459
 30
0.0
 10
-1.857112055757739
 20
23.96803526525611
 30
0.0
 10
-1.876759494277369
 20
23.94980128127222
 30
0.0
 10
-1.898372021430962
 20
23.93541086287388
 30
0.0
 10
-1.921352837818934
 20
23.92455132020541
 30
0.0
  0
SPLINE
  5
66
330
1F
100
AcDbEntity
  8
LAYER_1
 62
     7
100
AcDbSpline
210
0.0
220
0.0
230
1.0
 70
    11
 71
     3
 72
    14
 73
    10
 74
     0
 42
0.0000000001
 43
0.0000000001
 12
1.0
 22
0.0
 32
0.0
 13
1.0
 23
0.0
 33
0.0
 40
0.0
 40
0.0
 40
0.0
 40
0.0
 40
1.0
 40
1.0
 40
1.0
 40
2.0
 40
2.0
 40
2.0
 40
3.0
 40
3.0
 40
3.0
 40
3.0
 10
-0.0015352037217882
 20
11.23328653971354
 30
0.0
 10
-0.0015352037217882
 20
11.23328653971354
 30
0.0
 10
0.0275505913628472
 20
11.65853118896484
 30
0.0
 10
0.0275505913628472
 20
11.65853118896484
 30
0.0
 10
0.6019999186197916
 20
11.30933125813802
 30
0.0
 10
1.185905456542969
 20
10.97568766276042
 30
0.0
 10
1.778411017523871
 20
10.65808868408203
 30
0.0
 10
1.176519605848524
 20
10.82286495632595
 30
0.0
 10
0.5724444919162326
 20
10.98839314778646
 30
0.0
 10
-0.0015352037217882
 20
11.23328653971354
 30
0.0
  0
SPLINE
  5
67
330
1F
100
AcDbEntity
  8
LAYER_1
 62
     7
100
AcDbSpline
210
0.0
220
0.0
230
1.0
 70
    11
 71
     3
 72
   125
 73
   121
 74
     0
 42
0.0000000001
 43
0.0000000001
 12
1.0
 22
0.0
 32
0.0
 13
1.0
 23
0.0
 33
0.0
 40
0.0
 40
0.0
 40
0.0
 40
0.0
 40
1.0
 40
1.0
 40
1.0
 40
2.0
 40
2.0
 40
2.0
 40
3.0
 40
3.0
 40
3.0
 40
4.0
 40
4.0
 40
4.0
 40
5.0
 40
5.0
 40
5.0
 40
6.0
 40
6.0
 40
6.0
 40
7.0
 40
7.0
 40
7.0
 40
8.0
 40
8.0
 40
8.0
 40
9.0
 40
9.0
 40
9.0
 40
10.0
 40
10.0
 40
10.0
 40
11.0
 40
11.0
 40
11.0
 40
12.0
 40
12.0
 40
12.0
 40
13.0
 40
13.0
 40
13.0
 40
14.0
 40
14.0
 40
14.0
 40
15.0
 40
15.0
 40
15.0
 40
16.0
 40
16.0
 40
16.0
 40
17.0
 40
17.0
 40
17.0
 40
18.0
 40
18.0
 40
18.0
 40
19.0
 40
19.0
 40
19.0
 40
20.0
 40
20.0
 40
20.0
 40
21.0
 40
21.0
 40
21.0
 40
22.0
 40
22.0
 40
22.0
 40
23.0
 40
23.0
 40
23.0
 40
24.0
 40
24.0
 40
24.0
 40
25.0
 40
25.0
 40
25.0
 40
26.0
 40
26.0
 40
26.0
 40
27.0
 40
27.0
 40
27.0
 40
28.0
 40
28.0
 40
28.0
 40
29.0
 40
29.0
 40
29.0
 40
30.0
 40
30.0
 40
30.0
 40
31.0
 40
31.0
 40
31.0
 40
32.0
 40
32.0
 40
32.0
 40
33.0
 40
33.0
 40
33.0
 40
34.0
 40
34.0
 40
34.0
 40
35.0
 40
35.0
 40
35.0
 40
36.0
 40
36.0
 40
36.0
 40
37.0
 40
37.0
 40
37.0
 40
38.0
 40
38.0
 40
38.0
 40
39.0
 40
39.0
 40
39.0
 40
40.0
 40
40.0
 40
40.0
 40
40.0
 10
1.051298353407118
 20
34.70345052083333
 30
0.0
 10
0.704221937391493
 20
34.2676561143664
 30
0.0
 10
0.3536860148111979
 20
33.7314012315539
 30
0.0
 10
0.1630613538953993
 20
33.20566813151041
 30
0.0
 10
0.1126369900173611
 20
33.06660291883681
 30
0.0
 10
-0.1679611206054688
 20
31.40461900499139
 30
0.0
 10
0.0672361585828993
 20
31.44100613064236
 30
0.0
 10
-2.591534084743936
 20
31.02967325846362
 30
0.0
 10
-4.777064853244357
 20
28.55320231119791
 30
0.0
 10
-4.85461680094401
 20
25.86391533745667
 30
0.0
 10
-4.930701361762153
 20
23.22555033365889
 30
0.0
 10
-2.968044704861111
 20
20.73494296603736
 30
0.0
 10
-0.4096654256184896
 20
20.109130859375
 30
0.0
 10
-0.3600718180338541
 20
20.10234917534722
 30
0.0
 10
-0.3103832668728299
 20
20.09103732638889
 30
0.0
 10
-0.2608693440755208
 20
20.0747375488282
 30
0.0
 10
-0.3107087877061632
 20
20.08541870117195
 30
0.0
 10
-0.360260009765625
 20
20.0970458984375
 30
0.0
 10
-0.4096654256184896
 20
20.109130859375
 30
0.0
 10
-1.007130093044705
 20
20.19083319769973
 30
0.0
 10
-1.590621100531684
 20
19.60791354709209
 30
0.0
 10
-1.683560689290365
 20
18.98684014214417
 30
0.0
 10
-1.784214443630642
 20
18.314208984375
 30
0.0
 10
-1.490211486816406
 20
17.65168253580737
 30
0.0
 10
-1.197033352322048
 20
17.03799947102861
 30
0.0
 10
-0.9038543701171875
 20
16.42431640625
 30
0.0
 10
-0.5963346693250867
 20
15.77220662434903
 30
0.0
 10
-0.6684027777777778
 20
15.09591844346792
 30
0.0
 10
-1.240119086371528
 20
16.67633056640625
 30
0.0
 10
-2.768731011284722
 20
17.86568196614583
 30
0.0
 10
-4.441188388400607
 20
18.03137037489153
 30
0.0
 10
-6.113644917805989
 20
18.19705878363723
 30
0.0
 10
-7.845907423231337
 20
17.33075629340278
 30
0.0
 10
-8.716605292426214
 20
15.89324273003472
 30
0.0
 10
-9.58480495876736
 20
14.45985243055556
 30
0.0
 10
-9.545216030544704
 20
12.56162261962891
 30
0.0
 10
-8.655481126573351
 20
11.14893595377604
 30
0.0
 10
-9.001471625434027
 20
11.54022047254774
 30
0.0
 10
-9.115397983127169
 20
12.0435545179579
 30
0.0
 10
-9.479409111870659
 20
12.44413418240017
 30
0.0
 10
-9.853876749674479
 20
12.85622236463759
 30
0.0
 10
-10.29487864176432
 20
13.21123504638672
 30
0.0
 10
-10.77485656738281
 20
13.49302927652995
 30
0.0
 10
-11.05871412489149
 20
13.65968153211806
 30
0.0
 10
-11.43392944335938
 20
13.79659864637587
 30
0.0
 10
-11.69840410020616
 20
13.60063680013021
 30
0.0
 10
-11.86643642849392
 20
13.47613355848524
 30
0.0
 10
-11.92843712700738
 20
13.25573391384549
 30
0.0
 10
-11.96429104275174
 20
13.04969957139757
 30
0.0
 10
-12.0512932671441
 20
12.54973432752821
 30
0.0
 10
-12.04312727186415
 20
12.03435346815321
 30
0.0
 10
-11.94758775499132
 20
11.53624301486545
 30
0.0
 10
-11.89971499972873
 20
11.28665415445963
 30
0.0
 10
-11.8288565741645
 20
11.0428721110026
 30
0.0
 10
-11.7395502726237
 20
10.80505879720052
 30
0.0
 10
-11.71790059407552
 20
10.74740854899088
 30
0.0
 10
-11.55991872151693
 20
10.21976979573568
 30
0.0
 10
-11.56820000542535
 20
10.22175852457682
 30
0.0
 10
-11.71179453531901
 20
10.2562510172526
 30
0.0
 10
-11.74694315592448
 20
10.39687177870009
 30
0.0
 10
-11.87073516845703
 20
10.43751356336806
 30
0.0
 10
-11.98829227023654
 20
10.47610897488064
 30
0.0
 10
-12.15785217285156
 20
10.40661875406901
 30
0.0
 10
-12.23963334825304
 20
10.32420688205295
 30
0.0
 10
-12.40570576985677
 20
10.15685187445746
 30
0.0
 10
-12.3827150132921
 20
9.885565016004774
 30
0.0
 10
-12.34815979003906
 20
9.652338663736979
 30
0.0
 10
-12.21233367919922
 20
8.735616895887587
 30
0.0
 10
-12.07650841606988
 20
7.818895128038194
 30
0.0
 10
-11.94068315294054
 20
6.902173360188802
 30
0.0
 10
-12.12833404541016
 20
6.946281433105469
 30
0.0
 10
-12.31598578559028
 20
6.990388658311645
 30
0.0
 10
-12.5036375257704
 20
7.034495883517795
 30
0.0
 10
-12.58768717447917
 20
6.457095675998263
 30
0.0
 10
-12.56333838568793
 20
5.864100986056857
 30
0.0
 10
-12.43223402235243
 20
5.29553476969401
 30
0.0
 10
-13.45980156792535
 20
6.302986145019531
 30
0.0
 10
-13.49283684624566
 20
7.973037719726562
 30
0.0
 10
-13.78851233588325
 20
9.314145406087238
 30
0.0
 10
-14.13792843288847
 20
10.89901224772135
 30
0.0
 10
-14.27710978190112
 20
12.52389950222439
 30
0.0
 10
-14.27710639105903
 20
14.14506785074875
 30
0.0
 10
-14.27710639105903
 20
14.78362019856778
 30
0.0
 10
-14.25113084581167
 20
15.42217339409722
 30
0.0
 10
-14.19886355929903
 20
16.05858357747403
 30
0.0
 10
-14.05948130289708
 20
17.75571356879348
 30
0.0
 10
-13.73214891221788
 20
19.43693372938376
 30
0.0
 10
-13.22208404541016
 20
21.06165568033862
 30
0.0
 10
-12.72482808430989
 20
22.64557393391931
 30
0.0
 10
-12.05456882052951
 20
24.1746351453993
 30
0.0
 10
-11.22786034478082
 20
25.61425950792097
 30
0.0
 10
-10.41084628634983
 20
27.03700086805555
 30
0.0
 10
-9.441578335232204
 20
28.37187364366319
 30
0.0
 10
-8.342589484320746
 20
29.59000311957473
 30
0.0
 10
-7.245903862847221
 20
30.80557590060764
 30
0.0
 10
-6.020376417371962
 20
31.90459526909722
 30
0.0
 10
-4.692665947808172
 20
32.86248779296875
 30
0.0
 10
-3.355940924750434
 20
33.826887342665
 30
0.0
 10
-1.916005452473958
 20
34.64780680338541
 30
0.0
 10
-0.4044859144422743
 20
35.30532497829861
 30
0.0
 10
0.3602032131618924
 20
35.63796657986111
 30
0.0
 10
1.143049452039931
 20
35.92883978949653
 30
0.0
 10
1.939451429579006
 20
36.17612033420139
 30
0.0
 10
2.341222127278658
 20
36.30087280273445
 30
0.0
 10
2.746433681911892
 20
36.41453721788194
 30
0.0
 10
3.154468960232204
 20
36.51695421006944
 30
0.0
 10
3.356804741753472
 20
36.56774224175347
 30
0.0
 10
3.574378967285156
 20
36.59688652886292
 30
0.0
 10
3.771865844726575
 20
36.6627197265625
 30
0.0
 10
3.876179165310329
 20
36.69749620225694
 30
0.0
 10
3.960094875759561
 20
36.75455390082472
 30
0.0
 10
4.073248969184028
 20
36.76981947157125
 30
0.0
 10
4.173088921440972
 20
36.78328789605042
 30
0.0
 10
4.346586439344618
 20
36.70692274305555
 30
0.0
 10
4.424583435058594
 20
36.73000081380208
 30
0.0
 10
3.761106703016505
 20
36.53371175130208
 30
0.0
 10
3.123425801595052
 20
36.25058322482639
 30
0.0
 10
2.532588534884983
 20
35.89055379231778
 30
0.0
 10
1.985945807562934
 20
35.55745442708333
 30
0.0
 10
1.455899556477865
 20
35.21147664388028
 30
0.0
 10
1.051298353407118
 20
34.70345052083333
 30
0.0
  0
SPLINE
  5
68
330
1F
100
AcDbEntity
  8
LAYER_1
 62
     7
100
AcDbSpline
210
0.0
220
0.0
230
1.0
 70
    11
 71
     3
 72
    32
 73
    28
 74
     0
 42
0.0000000001
 43
0.0000000001
 12
1.0
 22
0.0
 32
0.0
 13
1.0
 23
0.0
 33
0.0
 40
0.0
 40
0.0
 40
0.0
 40
0.0
 40
1.0
 40
1.0
 40
1.0
 40
2.0
 40
2.0
 40
2.0
 40
3.0
 40
3.0
 40
3.0
 40
4.0
 40
4.0
 40
4.0
 40
5.0
 40
5.0
 40
5.0
 40
6.0
 40
6.0
 40
6.0
 40
7.0
 40
7.0
 40
7.0
 40
8.0
 40
8.0
 40
8.0
 40
9.0
 40
9.0
 40
9.0
 40
9.0
 10
3.612486945258246
 20
11.44171820746528
 30
0.0
 10
3.609830220540364
 20
11.43418290879991
 30
0.0
 10
3.602416144476996
 20
11.42968410915799
 30
0.0
 10
3.595228407118055
 20
11.42597876654731
 30
0.0
 10
3.594722323947483
 20
11.42571767171224
 30
0.0
 10
3.594217936197917
 20
11.42546081542969
 30
0.0
 10
3.593716091579861
 20
11.42520734998915
 30
0.0
 10
3.437936570909288
 20
11.34644317626953
 30
0.0
 10
3.266864352756089
 20
11.3042492336697
 30
0.0
 10
3.099615308973524
 20
11.25121053059896
 30
0.0
 10
3.080070495605469
 20
11.24501207139757
 30
0.0
 10
3.056922912597656
 20
11.23934682210286
 30
0.0
 10
3.040554470486111
 20
11.25169542100694
 30
0.0
 10
3.031064351399739
 20
11.25885433620877
 30
0.0
 10
3.026314629448797
 20
11.27051968044705
 30
0.0
 10
3.022171868218316
 20
11.28166198730469
 30
0.0
 10
2.988559299045139
 20
11.37206013997396
 30
0.0
 10
2.966588338216158
 20
11.46677483452691
 30
0.0
 10
2.956886291503906
 20
11.56272888183594
 30
0.0
 10
3.150196499294704
 20
11.61749098036024
 30
0.0
 10
3.343496534559462
 20
11.67228613959418
 30
0.0
 10
3.536796569824219
 20
11.72708129882812
 30
0.0
 10
3.561556498209635
 20
11.63868374294705
 30
0.0
 10
3.586317274305555
 20
11.55028618706597
 30
0.0
 10
3.611077202690972
 20
11.46188863118489
 30
0.0
 10
3.612926059299045
 20
11.45528920491536
 30
0.0
 10
3.614764743381089
 20
11.44818200005425
 30
0.0
 10
3.612486945258246
 20
11.44171820746528
 30
0.0
  0
SPLINE
  5
69
330
1F
100
AcDbEntity
  8
LAYER_1
 62
     7
100
AcDbSpline
210
0.0
220
0.0
230
1.0
 70
    11
 71
     3
 72
    35
 73
    31
 74
     0
 42
0.0000000001
 43
0.0000000001
 12
1.0
 22
0.0
 32
0.0
 13
1.0
 23
0.0
 33
0.0
 40
0.0
 40
0.0
 40
0.0
 40
0.0
 40
1.0
 40
1.0
 40
1.0
 40
2.0
 40
2.0
 40
2.0
 40
3.0
 40
3.0
 40
3.0
 40
4.0
 40
4.0
 40
4.0
 40
5.0
 40
5.0
 40
5.0
 40
6.0
 40
6.0
 40
6.0
 40
7.0
 40
7.0
 40
7.0
 40
8.0
 40
8.0
 40
8.0
 40
9.0
 40
9.0
 40
9.0
 40
10.0
 40
10.0
 40
10.0
 40
10.0
 10
3.639761182996962
 20
7.964896308051215
 30
0.0
 10
3.70471445719401
 20
8.053351508246527
 30
0.0
 10
4.029372321234809
 20
7.991407606336805
 30
0.0
 10
4.131317138671875
 20
7.975602043999565
 30
0.0
 10
4.133875528971367
 20
7.962938944498697
 30
0.0
 10
4.135815090603311
 20
7.953403896755642
 30
0.0
 10
4.135815090603311
 20
7.953403896755642
 30
0.0
 10
4.227809482150607
 20
7.501126607259114
 30
0.0
 10
4.372407701280382
 20
7.059569464789496
 30
0.0
 10
4.5657958984375
 20
6.640499538845486
 30
0.0
 10
4.463262769911024
 20
6.593638102213541
 30
0.0
 10
4.360625372992621
 20
6.546728346082899
 30
0.0
 10
4.257988823784722
 20
6.49981943766276
 30
0.0
 10
4.224535624186197
 20
6.484529283311645
 30
0.0
 10
4.185246785481783
 20
6.469239128960503
 30
0.0
 10
4.152475992838541
 20
6.485939025878906
 30
0.0
 10
4.09292432996963
 20
6.516285366482204
 30
0.0
 10
4.107801649305555
 20
6.642317877875434
 30
0.0
 10
4.091846042209214
 20
6.698886447482638
 30
0.0
 10
4.065259297688802
 20
6.793140835232204
 30
0.0
 10
4.03540208604602
 20
6.886603461371528
 30
0.0
 10
4.004369099934908
 20
6.97947692871095
 30
0.0
 10
3.940440707736545
 20
7.170795864529079
 30
0.0
 10
3.868531121148003
 20
7.359447903103298
 30
0.0
 10
3.788892957899305
 20
7.544779459635416
 30
0.0
 10
3.764149136013454
 20
7.602361891004774
 30
0.0
 10
3.666479322645399
 20
7.752541436089409
 30
0.0
 10
3.636258443196614
 20
7.862613254123263
 30
0.0
 10
3.624529520670573
 20
7.905336168077256
 30
0.0
 10
3.622961256239149
 20
7.9420166015625
 30
0.0
 10
3.639761182996962
 20
7.964896308051215
 30
0.0
  0
SPLINE
  5
6A
330
1F
100
AcDbEntity
  8
LAYER_1
 62
     7
100
AcDbSpline
210
0.0
220
0.0
230
1.0
 70
    11
 71
     3
 72
    50
 73
    46
 74
     0
 42
0.0000000001
 43
0.0000000001
 12
1.0
 22
0.0
 32
0.0
 13
1.0
 23
0.0
 33
0.0
 40
0.0
 40
0.0
 40
0.0
 40
0.0
 40
1.0
 40
1.0
 40
1.0
 40
2.0
 40
2.0
 40
2.0
 40
3.0
 40
3.0
 40
3.0
 40
4.0
 40
4.0
 40
4.0
 40
5.0
 40
5.0
 40
5.0
 40
6.0
 40
6.0
 40
6.0
 40
7.0
 40
7.0
 40
7.0
 40
8.0
 40
8.0
 40
8.0
 40
9.0
 40
9.0
 40
9.0
 40
10.0
 40
10.0
 40
10.0
 40
11.0
 40
11.0
 40
11.0
 40
12.0
 40
12.0
 40
12.0
 40
13.0
 40
13.0
 40
13.0
 40
14.0
 40
14.0
 40
14.0
 40
15.0
 40
15.0
 40
15.0
 40
15.0
 10
4.367576599121094
 20
-2.786849127875434
 30
0.0
 10
4.308601379394531
 20
-2.81648678249783
 30
0.0
 10
4.248931884765625
 20
-2.844740973578559
 30
0.0
 10
4.188631693522135
 20
-2.871580335828993
 30
0.0
 10
4.160956488715278
 20
-2.883898417154948
 30
0.0
 10
4.132352193196614
 20
-2.894647386338975
 30
0.0
 10
4.10479990641276
 20
-2.906925625271267
 30
0.0
 10
4.092845492892795
 20
-2.912252638075087
 30
0.0
 10
4.069561428493936
 20
-2.928315056694878
 30
0.0
 10
4.056618584526922
 20
-2.927445305718316
 30
0.0
 10
4.043768988715278
 20
-2.926581488715278
 30
0.0
 10
4.036458333333333
 20
-2.912620544433594
 30
0.0
 10
4.032326592339422
 20
-2.900420294867621
 30
0.0
 10
4.00645277235243
 20
-2.824030558268229
 30
0.0
 10
4.022004021538629
 20
-2.757872687445746
 30
0.0
 10
4.025538126627617
 20
-2.680088467068142
 30
0.0
 10
4.029385884602864
 20
-2.59540049235026
 30
0.0
 10
4.033002217610677
 20
-2.510701497395833
 30
0.0
 10
4.036390516493055
 20
-2.425994025336371
 30
0.0
 10
4.043165418836805
 20
-2.256579081217448
 30
0.0
 10
4.049023098415811
 20
-2.087126837836371
 30
0.0
 10
4.053963555230047
 20
-1.917648315429688
 30
0.0
 10
4.070998297797309
 20
-1.333239237467448
 30
0.0
 10
4.077123853895399
 20
-0.7485131157769097
 30
0.0
 10
4.072354634602864
 20
-0.1638751559787326
 30
0.0
 10
4.067585415310329
 20
0.4207628038194444
 30
0.0
 10
4.051922268337686
 20
1.005311754014757
 30
0.0
 10
4.025380452473958
 20
1.589367336697048
 30
0.0
 10
3.998837788899739
 20
2.173422071668837
 30
0.0
 10
3.961416456434462
 20
2.756981743706597
 30
0.0
 10
3.9131317138672
 20
3.339641994900173
 30
0.0
 10
3.865088568793403
 20
3.919389512803819
 30
0.0
 10
3.806282891167547
 20
4.498242696126302
 30
0.0
 10
3.736750284830741
 20
5.075806511773004
 30
0.0
 10
3.727090623643663
 20
5.156041463216146
 30
0.0
 10
3.717222425672755
 20
5.236251831054688
 30
0.0
 10
3.707148234049491
 20
5.316435919867621
 30
0.0
 10
3.981422424316406
 20
5.299988640679254
 30
0.0
 10
4.224369472927517
 20
5.392228868272569
 30
0.0
 10
4.472775777180989
 20
5.505904303656684
 30
0.0
 10
4.468731350368923
 20
2.80477057562934
 30
0.0
 10
4.548711988661024
 20
0.1034749348958333
 30
0.0
 10
4.712551540798611
 20
-2.592724270290799
 30
0.0
 10
4.600680881076388
 20
-2.662781609429253
 30
0.0
 10
4.48551771375868
 20
-2.727579752604167
 30
0.0
 10
4.367576599121094
 20
-2.786849127875434
 30
0.0
  0
SPLINE
  5
6B
330
1F
100
AcDbEntity
  8
LAYER_1
 62
     7
100
AcDbSpline
210
0.0
220
0.0
230
1.0
 70
    11
 71
     3
 72
    23
 73
    19
 74
     0
 42
0.0000000001
 43
0.0000000001
 12
1.0
 22
0.0
 32
0.0
 13
1.0
 23
0.0
 33
0.0
 40
0.0
 40
0.0
 40
0.0
 40
0.0
 40
1.0
 40
1.0
 40
1.0
 40
2.0
 40
2.0
 40
2.0
 40
3.0
 40
3.0
 40
3.0
 40
4.0
 40
4.0
 40
4.0
 40
5.0
 40
5.0
 40
5.0
 40
6.0
 40
6.0
 40
6.0
 40
6.0
 10
5.433460659450954
 20
11.68865966796875
 30
0.0
 10
5.174733479817708
 20
11.58128356933594
 30
0.0
 10
4.905515882703993
 20
11.49923451741536
 30
0.0
 10
4.630907694498697
 20
11.44399176703559
 30
0.0
 10
4.606392754448785
 20
11.54480828179253
 30
0.0
 10
4.603103637695312
 20
11.65070936414931
 30
0.0
 10
4.621186150444879
 20
11.75286780463325
 30
0.0
 10
4.637345208062066
 20
11.75431145562066
 30
0.0
 10
4.635704040527344
 20
11.76806810167101
 30
0.0
 10
4.65171390109592
 20
11.77069261338976
 30
0.0
 10
4.916970994737413
 20
11.81417507595486
 30
0.0
 10
5.198014153374566
 20
11.85004340277778
 30
0.0
 10
5.452629089355469
 20
11.93786366780599
 30
0.0
 10
5.453004625108506
 20
11.93594190809462
 30
0.0
 10
5.453363206651475
 20
11.93402184380425
 30
0.0
 10
5.453704833984375
 20
11.93210347493489
 30
0.0
 10
5.468589782714844
 20
11.84874471028646
 30
0.0
 10
5.453154669867621
 20
11.76969994439019
 30
0.0
 10
5.433460659450954
 20
11.68865966796875
 30
0.0
  0
SPLINE
  5
6C
330
1F
100
AcDbEntity
  8
LAYER_1
 62
     7
100
AcDbSpline
210
0.0
220
0.0
230
1.0
 70
    11
 71
     3
 72
    35
 73
    31
 74
     0
 42
0.0000000001
 43
0.0000000001
 12
1.0
 22
0.0
 32
0.0
 13
1.0
 23
0.0
 33
0.0
 40
0.0
 40
0.0
 40
0.0
 40
0.0
 40
1.0
 40
1.0
 40
1.0
 40
2.0
 40
2.0
 40
2.0
 40
3.0
 40
3.0
 40
3.0
 40
4.0
 40
4.0
 40
4.0
 40
5.0
 40
5.0
 40
5.0
 40
6.0
 40
6.0
 40
6.0
 40
7.0
 40
7.0
 40
7.0
 40
8.0
 40
8.0
 40
8.0
 40
9.0
 40
9.0
 40
9.0
 40
10.0
 40
10.0
 40
10.0
 40
10.0
 10
6.669281005859375
 20
8.087085300021702
 30
0.0
 10
6.618092007107204
 20
8.19379170735677
 30
0.0
 10
6.566903008355034
 20
8.30049811469184
 30
0.0
 10
6.515714009602864
 20
8.407204522026909
 30
0.0
 10
6.509152730305989
 20
8.42088148328993
 30
0.0
 10
6.502457512749565
 20
8.435099283854166
 30
0.0
 10
6.502193027072482
 20
8.450266520182291
 30
0.0
 10
6.501928541395399
 20
8.465432908799913
 30
0.0
 10
6.505275302463107
 20
8.464631822374132
 30
0.0
 10
6.520190768771701
 20
8.467396206325954
 30
0.0
 10
6.720937093098958
 20
8.504602220323351
 30
0.0
 10
6.912720574273003
 20
8.549797058105469
 30
0.0
 10
7.112293667263454
 20
8.601863437228733
 30
0.0
 10
7.235264248318142
 20
8.63394504123264
 30
0.0
 10
7.358061896430121
 20
8.667543199327257
 30
0.0
 10
7.479583740234375
 20
8.705032348632812
 30
0.0
 10
7.519849989149305
 20
8.717454698350695
 30
0.0
 10
7.559975518120659
 20
8.730304294162327
 30
0.0
 10
7.599921332465278
 20
8.743666754828558
 30
0.0
 10
7.619307623969184
 20
8.766725328233507
 30
0.0
 10
7.626849704318576
 20
8.74687025282118
 30
0.0
 10
7.641586303710938
 20
8.720594618055555
 30
0.0
 10
7.656322903103298
 20
8.694319831000433
 30
0.0
 10
7.654086642795138
 20
8.662342495388454
 30
0.0
 10
7.655463324652778
 20
8.63224877251519
 30
0.0
 10
7.658129374186197
 20
8.573969523111979
 30
0.0
 10
7.676398383246528
 20
8.51654052734375
 30
0.0
 10
7.707462734646267
 20
8.467183430989582
 30
0.0
 10
7.36143069797092
 20
8.340501573350695
 30
0.0
 10
7.015356275770399
 20
8.213793436686197
 30
0.0
 10
6.669281005859375
 20
8.087085300021702
 30
0.0
  0
SPLINE
  5
6D
330
1F
100
AcDbEntity
  8
LAYER_1
 62
     7
100
AcDbSpline
210
0.0
220
0.0
230
1.0
 70
    11
 71
     3
 72
    14
 73
    10
 74
     0
 42
0.0000000001
 43
0.0000000001
 12
1.0
 22
0.0
 32
0.0
 13
1.0
 23
0.0
 33
0.0
 40
0.0
 40
0.0
 40
0.0
 40
0.0
 40
1.0
 40
1.0
 40
1.0
 40
2.0
 40
2.0
 40
2.0
 40
3.0
 40
3.0
 40
3.0
 40
3.0
 10
6.470585293240017
 20
11.60415734185113
 30
0.0
 10
6.470585293240017
 20
11.60415734185113
 30
0.0
 10
6.278327094184028
 20
11.88572692871094
 30
0.0
 10
6.278327094184028
 20
11.88572692871094
 30
0.0
 10
7.174589369032118
 20
12.03472900390625
 30
0.0
 10
8.08146497938368
 20
12.11986117892795
 30
0.0
 10
8.989799499511719
 20
12.14026387532552
 30
0.0
 10
8.158053080240885
 20
11.94808620876736
 30
0.0
 10
7.308135986328125
 20
11.78984747992621
 30
0.0
 10
6.470585293240017
 20
11.60415734185113
 30
0.0
  0
SPLINE
  5
6E
330
1F
100
AcDbEntity
  8
LAYER_1
 62
     7
100
AcDbSpline
210
0.0
220
0.0
230
1.0
 70
    11
 71
     3
 72
    14
 73
    10
 74
     0
 42
0.0000000001
 43
0.0000000001
 12
1.0
 22
0.0
 32
0.0
 13
1.0
 23
0.0
 33
0.0
 40
0.0
 40
0.0
 40
0.0
 40
0.0
 40
1.0
 40
1.0
 40
1.0
 40
2.0
 40
2.0
 40
2.0
 40
3.0
 40
3.0
 40
3.0
 40
3.0
 10
9.218478732638888
 20
20.64482286241319
 30
0.0
 10
8.977005004882812
 20
20.5988379584418
 30
0.0
 10
8.731101989746094
 20
20.58165486653653
 30
0.0
 10
8.48588392469618
 20
20.56455993652347
 30
0.0
 10
8.83441670735677
 20
20.69070095486111
 30
0.0
 10
9.176076253255207
 20
20.83583238389764
 30
0.0
 10
9.508839925130207
 20
20.9990980360243
 30
0.0
 10
9.508839925130207
 20
20.9990980360243
 30
0.0
 10
9.218478732638888
 20
20.64482286241319
 30
0.0
 10
9.218478732638888
 20
20.64482286241319
 30
0.0
  0
SPLINE
  5
6F
330
1F
100
AcDbEntity
  8
LAYER_1
 62
     7
100
AcDbSpline
210
0.0
220
0.0
230
1.0
 70
    11
 71
     3
 72
    89
 73
    85
 74
     0
 42
0.0000000001
 43
0.0000000001
 12
1.0
 22
0.0
 32
0.0
 13
1.0
 23
0.0
 33
0.0
 40
0.0
 40
0.0
 40
0.0
 40
0.0
 40
1.0
 40
1.0
 40
1.0
 40
2.0
 40
2.0
 40
2.0
 40
3.0
 40
3.0
 40
3.0
 40
4.0
 40
4.0
 40
4.0
 40
5.0
 40
5.0
 40
5.0
 40
6.0
 40
6.0
 40
6.0
 40
7.0
 40
7.0
 40
7.0
 40
8.0
 40
8.0
 40
8.0
 40
9.0
 40
9.0
 40
9.0
 40
10.0
 40
10.0
 40
10.0
 40
11.0
 40
11.0
 40
11.0
 40
12.0
 40
12.0
 40
12.0
 40
13.0
 40
13.0
 40
13.0
 40
14.0
 40
14.0
 40
14.0
 40
15.0
 40
15.0
 40
15.0
 40
16.0
 40
16.0
 40
16.0
 40
17.0
 40
17.0
 40
17.0
 40
18.0
 40
18.0
 40
18.0
 40
19.0
 40
19.0
 40
19.0
 40
20.0
 40
20.0
 40
20.0
 40
21.0
 40
21.0
 40
21.0
 40
22.0
 40
22.0
 40
22.0
 40
23.0
 40
23.0
 40
23.0
 40
24.0
 40
24.0
 40
24.0
 40
25.0
 40
25.0
 40
25.0
 40
26.0
 40
26.0
 40
26.0
 40
27.0
 40
27.0
 40
27.0
 40
28.0
 40
28.0
 40
28.0
 40
28.0
 10
22.89011976454001
 20
25.74106343587236
 30
0.0
 10
23.05145602756084
 20
25.35222371419278
 30
0.0
 10
23.3387451171875
 20
25.03106180826819
 30
0.0
 10
23.34001498752167
 20
24.59141031901041
 30
0.0
 10
23.34056260850694
 20
24.40207926432291
 30
0.0
 10
23.22904459635416
 20
24.19702657063806
 30
0.0
 10
23.04353841145833
 20
24.15927463107639
 30
0.0
 10
22.77856275770402
 20
24.10535346137153
 30
0.0
 10
22.6214124891493
 20
24.62437608506944
 30
0.0
 10
22.47506374782986
 20
24.79263136121958
 30
0.0
 10
22.21522691514764
 20
25.09136623806431
 30
0.0
 10
21.92811414930555
 20
25.36793009440112
 30
0.0
 10
21.70923360188804
 20
25.70008341471362
 30
0.0
 10
21.32383219401041
 20
26.2849426269532
 30
0.0
 10
21.38679673936639
 20
26.95138888888889
 30
0.0
 10
21.01454671223958
 20
27.52827962239583
 30
0.0
 10
20.67045593261721
 20
28.06153700086805
 30
0.0
 10
20.17662217881944
 20
28.49520534939236
 30
0.0
 10
19.62096150716153
 20
28.79776340060764
 30
0.0
 10
18.73474290635848
 20
29.28030734592014
 30
0.0
 10
17.70912000868055
 20
29.45194498697916
 30
0.0
 10
16.70039028591582
 20
29.47833251953125
 30
0.0
 10
16.50342475043403
 20
29.48348659939236
 30
0.0
 10
16.2964053683811
 20
29.48595174153653
 30
0.0
 10
16.12529500325528
 20
29.58364189995667
 30
0.0
 10
15.86771138509112
 20
29.73069932725694
 30
0.0
 10
15.76756286621096
 20
30.04400973849834
 30
0.0
 10
15.67122395833333
 20
30.3245374891493
 30
0.0
 10
15.34147304958765
 20
31.28473578559028
 30
0.0
 10
14.81096055772569
 20
32.20173475477431
 30
0.0
 10
14.10425228542749
 20
32.93408881293403
 30
0.0
 10
13.71255577935113
 20
33.34000311957472
 30
0.0
 10
13.22643195258246
 20
33.62317572699653
 30
0.0
 10
12.91203308105469
 20
34.11511908637153
 30
0.0
 10
12.57260131835938
 20
34.64623006184903
 30
0.0
 10
12.47777726915147
 20
35.2852783203125
 30
0.0
 10
12.18802642822266
 20
35.8394775390625
 30
0.0
 10
11.91673617892795
 20
36.35836791992195
 30
0.0
 10
11.40921529134114
 20
36.86691623263889
 30
0.0
 10
10.93268924289279
 20
37.1996595594618
 30
0.0
 10
13.13493177625868
 20
37.21172417534722
 30
0.0
 10
15.43131171332473
 20
36.51675754123264
 30
0.0
 10
17.46120537651917
 20
35.69913736979166
 30
0.0
 10
20.27546013726126
 20
34.5655822753907
 30
0.0
 10
22.85752699110251
 20
32.87401326497403
 30
0.0
 10
25.02643161349834
 20
30.75301445855042
 30
0.0
 10
26.41495429144973
 20
29.39516194661458
 30
0.0
 10
27.63242255316848
 20
27.8628760443793
 30
0.0
 10
28.64252387152778
 20
26.20417277018237
 30
0.0
 10
29.13206651475694
 20
25.40028381347652
 30
0.0
 10
29.52888658311639
 20
24.60994805230042
 30
0.0
 10
29.75364176432291
 20
23.69141981336805
 30
0.0
 10
29.87351820204
 20
23.20149400499139
 30
0.0
 10
29.9376051161025
 20
22.69790988498264
 30
0.0
 10
29.94449530707473
 20
22.19358317057291
 30
0.0
 10
29.95056830512153
 20
21.74888271755638
 30
0.0
 10
29.77548556857639
 20
21.23752848307291
 30
0.0
 10
29.81717936197916
 20
20.81010267469626
 30
0.0
 10
29.68248833550347
 20
22.19095018174917
 30
0.0
 10
29.21439276801223
 20
23.53811306423611
 30
0.0
 10
28.46384006076389
 20
24.70496961805555
 30
0.0
 10
28.27574496799042
 20
24.99739413791236
 30
0.0
 10
28.05401611328125
 20
25.29195658365889
 30
0.0
 10
27.73347981770833
 20
25.42666795518667
 30
0.0
 10
27.3165588378907
 20
25.60188462999139
 30
0.0
 10
26.81117418077264
 20
25.45334370930986
 30
0.0
 10
26.48387993706597
 20
25.14124891493055
 30
0.0
 10
26.15658569335945
 20
24.82915581597222
 30
0.0
 10
25.98698594835069
 20
24.38186475965708
 30
0.0
 10
25.91935899522569
 20
23.93470764160152
 30
0.0
 10
25.99382188585069
 20
25.18497043185764
 30
0.0
 10
26.18323940700957
 20
26.48063998752166
 30
0.0
 10
25.82250467936195
 20
27.70560370551223
 30
0.0
 10
25.67990790473098
 20
28.18982611762153
 30
0.0
 10
25.57056342230903
 20
28.69194539388028
 30
0.0
 10
25.09703233506944
 20
28.94324747721362
 30
0.0
 10
24.67506578233514
 20
29.16718207465278
 30
0.0
 10
24.13654412163626
 20
29.17885335286458
 30
0.0
 10
23.70652601454001
 20
28.970458984375
 30
0.0
 10
23.0591006808811
 20
28.65670437282986
 30
0.0
 10
22.66845872667098
 20
27.93889024522569
 30
0.0
 10
22.61749267578125
 20
27.22125244140625
 30
0.0
 10
22.58144972059459
 20
26.71372477213541
 30
0.0
 10
22.69637044270833
 20
26.20802815755208
 30
0.0
 10
22.89011976454001
 20
25.74106343587236
 30
0.0
  0
SPLINE
  5
70
330
1F
100
AcDbEntity
  8
LAYER_1
 62
     7
100
AcDbSpline
210
0.0
220
0.0
230
1.0
 70
    11
 71
     3
 72
    20
 73
    16
 74
     0
 42
0.0000000001
 43
0.0000000001
 12
1.0
 22
0.0
 32
0.0
 13
1.0
 23
0.0
 33
0.0
 40
0.0
 40
0.0
 40
0.0
 40
0.0
 40
1.0
 40
1.0
 40
1.0
 40
2.0
 40
2.0
 40
2.0
 40
3.0
 40
3.0
 40
3.0
 40
4.0
 40
4.0
 40
4.0
 40
5.0
 40
5.0
 40
5.0
 40
5.0
 10
25.37702094184028
 20
20.93615892198347
 30
0.0
 10
25.35202365451389
 20
20.82306755913624
 30
0.0
 10
25.29676649305555
 20
20.70557657877612
 30
0.0
 10
25.19154527452264
 20
20.65717569986987
 30
0.0
 10
25.05506557888457
 20
20.59439425998264
 30
0.0
 10
24.89785427517361
 20
20.67084418402778
 30
0.0
 10
24.76924133300779
 20
20.74847412109375
 30
0.0
 10
24.54176500108514
 20
20.88577948676223
 30
0.0
 10
24.30347018771709
 20
21.05449761284722
 30
0.0
 10
24.2323303222657
 20
21.3104994032118
 30
0.0
 10
24.16107855902778
 20
21.56690639919708
 30
0.0
 10
24.30312771267361
 20
21.86507161458333
 30
0.0
 10
24.54713270399305
 20
21.97128804524736
 30
0.0
 10
25.15810139973958
 20
22.23724195692278
 30
0.0
 10
25.48036024305555
 20
21.40371365017361
 30
0.0
 10
25.37702094184028
 20
20.93615892198347
 30
0.0
  0
SPLINE
  5
71
330
1F
100
AcDbEntity
  8
LAYER_1
 62
     7
100
AcDbSpline
210
0.0
220
0.0
230
1.0
 70
    11
 71
     3
 72
   173
 73
   169
 74
     0
 42
0.0000000001
 43
0.0000000001
 12
1.0
 22
0.0
 32
0.0
 13
1.0
 23
0.0
 33
0.0
 40
0.0
 40
0.0
 40
0.0
 40
0.0
 40
1.0
 40
1.0
 40
1.0
 40
2.0
 40
2.0
 40
2.0
 40
3.0
 40
3.0
 40
3.0
 40
4.0
 40
4.0
 40
4.0
 40
5.0
 40
5.0
 40
5.0
 40
6.0
 40
6.0
 40
6.0
 40
7.0
 40
7.0
 40
7.0
 40
8.0
 40
8.0
 40
8.0
 40
9.0
 40
9.0
 40
9.0
 40
10.0
 40
10.0
 40
10.0
 40
11.0
 40
11.0
 40
11.0
 40
12.0
 40
12.0
 40
12.0
 40
13.0
 40
13.0
 40
13.0
 40
14.0
 40
14.0
 40
14.0
 40
15.0
 40
15.0
 40
15.0
 40
16.0
 40
16.0
 40
16.0
 40
17.0
 40
17.0
 40
17.0
 40
18.0
 40
18.0
 40
18.0
 40
19.0
 40
19.0
 40
19.0
 40
20.0
 40
20.0
 40
20.0
 40
21.0
 40
21.0
 40
21.0
 40
22.0
 40
22.0
 40
22.0
 40
23.0
 40
23.0
 40
23.0
 40
24.0
 40
24.0
 40
24.0
 40
25.0
 40
25.0
 40
25.0
 40
26.0
 40
26.0
 40
26.0
 40
27.0
 40
27.0
 40
27.0
 40
28.0
 40
28.0
 40
28.0
 40
29.0
 40
29.0
 40
29.0
 40
30.0
 40
30.0
 40
30.0
 40
31.0
 40
31.0
 40
31.0
 40
32.0
 40
32.0
 40
32.0
 40
33.0
 40
33.0
 40
33.0
 40
34.0
 40
34.0
 40
34.0
 40
35.0
 40
35.0
 40
35.0
 40
36.0
 40
36.0
 40
36.0
 40
37.0
 40
37.0
 40
37.0
 40
38.0
 40
38.0
 40
38.0
 40
39.0
 40
39.0
 40
39.0
 40
40.0
 40
40.0
 40
40.0
 40
41.0
 40
41.0
 40
41.0
 40
42.0
 40
42.0
 40
42.0
 40
43.0
 40
43.0
 40
43.0
 40
44.0
 40
44.0
 40
44.0
 40
45.0
 40
45.0
 40
45.0
 40
46.0
 40
46.0
 40
46.0
 40
47.0
 40
47.0
 40
47.0
 40
48.0
 40
48.0
 40
48.0
 40
49.0
 40
49.0
 40
49.0
 40
50.0
 40
50.0
 40
50.0
 40
51.0
 40
51.0
 40
51.0
 40
52.0
 40
52.0
 40
52.0
 40
53.0
 40
53.0
 40
53.0
 40
54.0
 40
54.0
 40
54.0
 40
55.0
 40
55.0
 40
55.0
 40
56.0
 40
56.0
 40
56.0
 40
56.0
 10
27.41565958658862
 20
11.14915127224392
 30
0.0
 10
27.28597005208333
 20
11.06463538275825
 30
0.0
 10
27.10019599066848
 20
11.13341776529948
 30
0.0
 10
27.00984530978735
 20
11.25911458333333
 30
0.0
 10
26.91949632432723
 20
11.38481055365668
 30
0.0
 10
26.90252685546875
 20
11.54798465304904
 30
0.0
 10
26.90010579427083
 20
11.70276387532552
 30
0.0
 10
26.89445495605471
 20
12.06426408555773
 30
0.0
 10
26.95156351725263
 20
12.42347208658854
 30
0.0
 10
27.00850762261292
 20
12.78050316704644
 30
0.0
 10
27.04111735026041
 20
12.98495652940538
 30
0.0
 10
27.07740275065112
 20
13.19837358262804
 30
0.0
 10
27.20159573025181
 20
13.36402553982205
 30
0.0
 10
27.40820990668403
 20
13.63961368136936
 30
0.0
 10
27.8426038953993
 20
13.77176835801866
 30
0.0
 10
27.87228054470486
 20
14.11492580837681
 30
0.0
 10
27.88454861111111
 20
14.25674947102861
 30
0.0
 10
27.85252888997403
 20
14.45842488606778
 30
0.0
 10
27.99142456054695
 20
14.48961724175347
 30
0.0
 10
28.04329427083333
 20
14.50126478407125
 30
0.0
 10
28.09701877170139
 20
14.47684902615013
 30
0.0
 10
28.14994303385416
 20
14.48189968532986
 30
0.0
 10
28.28275892469625
 20
14.49457126193584
 30
0.0
 10
28.32718234592014
 20
14.66574435763889
 30
0.0
 10
28.32624477810332
 20
14.79915873209639
 30
0.0
 10
28.32331000434028
 20
15.23505995008681
 30
0.0
 10
28.26414659288194
 20
15.65323893229167
 30
0.0
 10
28.21978759765625
 20
16.08473375108515
 30
0.0
 10
28.18025207519528
 20
16.46928236219626
 30
0.0
 10
27.93897162543403
 20
16.77991231282556
 30
0.0
 10
27.73526340060764
 20
17.10610622829861
 30
0.0
 10
27.67497762044278
 20
17.20264010959209
 30
0.0
 10
27.60206773546014
 20
17.30713907877612
 30
0.0
 10
27.4905344645182
 20
17.3297949896918
 30
0.0
 10
27.39621649848098
 20
17.3489549424914
 30
0.0
 10
27.29962158203125
 20
17.30185784233945
 30
0.0
 10
27.22801717122403
 20
17.23754713270403
 30
0.0
 10
27.1229078504775
 20
17.14314270019527
 30
0.0
 10
27.05483330620667
 20
17.00853983561194
 30
0.0
 10
27.04108852810332
 20
16.86793009440112
 30
0.0
 10
27.02384101019973
 20
16.69150288899736
 30
0.0
 10
27.07618713378903
 20
16.47794935438376
 30
0.0
 10
26.94131130642361
 20
16.36291673448347
 30
0.0
 10
26.86041598849834
 20
16.29392157660598
 30
0.0
 10
26.73742167154945
 20
16.29441324869791
 30
0.0
 10
26.63985527886292
 20
16.33666653103306
 30
0.0
 10
26.51900227864583
 20
16.38900756835945
 30
0.0
 10
26.40821329752612
 20
16.49097696940112
 30
0.0
 10
26.350341796875
 20
16.6094495985243
 30
0.0
 10
26.28926255967889
 20
16.73448689778653
 30
0.0
 10
26.29360792371959
 20
16.87986077202695
 30
0.0
 10
26.2925838894314
 20
17.01896497938376
 30
0.0
 10
26.28938293457028
 20
17.45386928982209
 30
0.0
 10
26.2498304578993
 20
17.95998128255208
 30
0.0
 10
26.03422376844625
 20
18.3370751274957
 30
0.0
 10
25.83309427897138
 20
18.68884616427959
 30
0.0
 10
25.83988104926223
 20
19.04599338107639
 30
0.0
 10
25.82855733235679
 20
19.43634711371528
 30
0.0
 10
25.82546827528209
 20
19.54283989800347
 30
0.0
 10
25.78524441189236
 20
19.67912462022569
 30
0.0
 10
25.86835394965278
 20
19.76528082953555
 30
0.0
 10
25.98026190863723
 20
19.88129340277778
 30
0.0
 10
26.21969265407986
 20
19.82813178168403
 30
0.0
 10
26.34260559082028
 20
19.76607259114583
 30
0.0
 10
26.50712585449221
 20
19.68300713433167
 30
0.0
 10
26.63459269205737
 20
19.5436180962457
 30
0.0
 10
26.77323404947916
 20
19.42219034830737
 30
0.0
 10
26.91187710232207
 20
19.30076090494791
 30
0.0
 10
27.077392578125
 20
19.19102986653653
 30
0.0
 10
27.26168823242195
 20
19.18975151909722
 30
0.0
 10
27.42834811740459
 20
19.18859524197056
 30
0.0
 10
27.58492024739583
 20
19.2766503228082
 30
0.0
 10
27.75148857964417
 20
19.28223334418403
 30
0.0
 10
27.96239217122403
 20
19.28930324978306
 30
0.0
 10
28.15264553493931
 20
19.16540188259556
 30
0.0
 10
28.32691786024305
 20
19.04640875922305
 30
0.0
 10
28.54973687065972
 20
18.89426845974388
 30
0.0
 10
28.77541436089417
 20
18.73958672417542
 30
0.0
 10
28.95029364691848
 20
18.53413391113277
 30
0.0
 10
29.02545166015625
 20
18.4458397759332
 30
0.0
 10
29.09537082248264
 20
18.34503004286028
 30
0.0
 10
29.20163981119791
 20
18.29865519205737
 30
0.0
 10
29.29393174913194
 20
18.25837877061639
 30
0.0
 10
29.40203518337681
 20
18.26513502332903
 30
0.0
 10
29.49277750651041
 20
18.22148301866319
 30
0.0
 10
29.74770100911458
 20
18.09885660807291
 30
0.0
 10
29.70285712348098
 20
17.69261678059903
 30
0.0
 10
29.9194641113282
 20
17.51067097981778
 30
0.0
 10
30.11098904079861
 20
17.34979417588972
 30
0.0
 10
30.39886474609375
 20
17.43947516547305
 30
0.0
 10
30.63159857855903
 20
17.53111775716153
 30
0.0
 10
30.8643324110243
 20
17.6227586534289
 30
0.0
 10
31.16189236111111
 20
17.69700283474388
 30
0.0
 10
31.337646484375
 20
17.51903279622403
 30
0.0
 10
31.48201836480042
 20
17.37284342447916
 30
0.0
 10
31.4586486816407
 20
17.13059319390195
 30
0.0
 10
31.38611857096362
 20
16.93835957845056
 30
0.0
 10
31.31359185112847
 20
16.74612596299917
 30
0.0
 10
31.20090060763889
 20
16.56144205729166
 30
0.0
 10
31.19612969292542
 20
16.35603671603736
 30
0.0
 10
31.19355943467889
 20
16.24535793728306
 30
0.0
 10
31.2218017578125
 20
16.12757873535152
 30
0.0
 10
31.17282782660598
 20
16.02829318576389
 30
0.0
 10
31.09381103515625
 20
15.86810133192278
 30
0.0
 10
30.86829969618055
 20
15.85560099283862
 30
0.0
 10
30.69587877061639
 20
15.90224202473958
 30
0.0
 10
30.52345784505208
 20
15.9488830566407
 30
0.0
 10
30.34552341037334
 20
16.03184678819444
 30
0.0
 10
30.17408582899305
 20
15.98170471191402
 30
0.0
 10
30.15439520941848
 20
15.82650756835945
 30
0.0
 10
30.24283515082473
 20
15.67868720160598
 30
0.0
 10
30.34166802300347
 20
15.55741882324222
 30
0.0
 10
30.44049750434028
 20
15.43615044487847
 30
0.0
 10
30.55608452690972
 20
15.32192654079861
 30
0.0
 10
30.60801866319444
 20
15.17435709635417
 30
0.0
 10
30.74614800347222
 20
14.78184678819444
 30
0.0
 10
30.20338270399305
 20
14.78603786892361
 30
0.0
 10
30.34865993923611
 20
14.43533155653208
 30
0.0
 10
30.41054958767361
 20
14.28592597113723
 30
0.0
 10
30.47243923611111
 20
14.13652208116319
 30
0.0
 10
30.53432888454861
 20
13.98711734347874
 30
0.0
 10
30.55051337348098
 20
13.94804382324222
 30
0.0
 10
30.5670166015625
 20
13.90702311197917
 30
0.0
 10
30.56314425998264
 20
13.86490800645616
 30
0.0
 10
30.55927191840278
 20
13.82279290093316
 30
0.0
 10
30.5277099609375
 20
13.77996656629774
 30
0.0
 10
30.48543294270833
 20
13.77887641059028
 30
0.0
 10
30.45197211371528
 20
13.77801344129774
 30
0.0
 10
30.42201063368055
 20
13.80244530571832
 30
0.0
 10
30.38854302300347
 20
13.80272674560547
 30
0.0
 10
30.32058376736111
 20
13.80329725477431
 30
0.0
 10
30.29018147786458
 20
13.71292114257812
 30
0.0
 10
30.22793240017361
 20
13.68564860026042
 30
0.0
 10
30.18367173936639
 20
13.6662589179145
 30
0.0
 10
30.13005574544278
 20
13.68370310465495
 30
0.0
 10
30.09440782335069
 20
13.71632300482856
 30
0.0
 10
30.05875651041666
 20
13.74894375271267
 30
0.0
 10
30.03753662109375
 20
13.79408179389106
 30
0.0
 10
30.01872083875875
 20
13.83858913845486
 30
0.0
 10
29.82019382052959
 20
14.30820719401042
 30
0.0
 10
29.9235365125868
 20
14.73602973090278
 30
0.0
 10
29.84681532118055
 20
15.2152184380425
 30
0.0
 10
29.78466118706597
 20
15.60345458984375
 30
0.0
 10
29.54931301540806
 20
15.93858506944444
 30
0.0
 10
29.32049221462681
 20
16.25832112630208
 30
0.0
 10
29.25446573893237
 20
16.35057915581597
 30
0.0
 10
29.17992824978306
 20
16.44896443684903
 30
0.0
 10
29.07046169704861
 20
16.47875128852
 30
0.0
 10
28.89636908637153
 20
16.52612135145403
 30
0.0
 10
28.72213745117195
 20
16.36652119954431
 30
0.0
 10
28.68034871419278
 20
16.19100613064236
 30
0.0
 10
28.63855997721362
 20
16.01549275716153
 30
0.0
 10
28.68890380859375
 20
15.83307223849834
 30
0.0
 10
28.72889539930555
 20
15.65713840060764
 30
0.0
 10
28.8619384765625
 20
15.07181125217014
 30
0.0
 10
28.88072713216153
 20
14.46052720811639
 30
0.0
 10
28.78483412000875
 20
13.86800893147786
 30
0.0
 10
28.7472669813368
 20
13.63589307996962
 30
0.0
 10
28.75754462348098
 20
13.39726172553168
 30
0.0
 10
28.67794799804695
 20
13.17547522650825
 30
0.0
 10
28.59025065104166
 20
12.93111419677734
 30
0.0
 10
28.44854397243931
 20
12.70960235595703
 30
0.0
 10
28.30921088324653
 20
12.49220106336806
 30
0.0
 10
28.05411783854166
 20
12.09417978922526
 30
0.0
 10
27.79902648925778
 20
11.69615766737196
 30
0.0
 10
27.54393344455292
 20
11.29813639322917
 30
0.0
 10
27.50829060872403
 20
11.24252065022786
 30
0.0
 10
27.4710032145182
 20
11.18521711561415
 30
0.0
 10
27.41565958658862
 20
11.14915127224392
 30
0.0
  0
SPLINE
  5
72
330
1F
100
AcDbEntity
  8
LAYER_1
 62
     7
100
AcDbSpline
210
0.0
220
0.0
230
1.0
 70
    11
 71
     3
 72
    20
 73
    16
 74
     0
 42
0.0000000001
 43
0.0000000001
 12
1.0
 22
0.0
 32
0.0
 13
1.0
 23
0.0
 33
0.0
 40
0.0
 40
0.0
 40
0.0
 40
0.0
 40
1.0
 40
1.0
 40
1.0
 40
2.0
 40
2.0
 40
2.0
 40
3.0
 40
3.0
 40
3.0
 40
4.0
 40
4.0
 40
4.0
 40
5.0
 40
5.0
 40
5.0
 40
5.0
 10
28.47404649522569
 20
4.858013576931423
 30
0.0
 10
28.32423570421014
 20
4.722133212619357
 30
0.0
 10
28.06050279405389
 20
4.720611572265625
 30
0.0
 10
27.9315931532118
 20
4.876462300618489
 30
0.0
 10
27.8238711886936
 20
5.006696065266927
 30
0.0
 10
27.83082071940112
 20
5.193929884168837
 30
0.0
 10
27.84334988064236
 20
5.362475925021701
 30
0.0
 10
27.85513136121959
 20
5.520943535698797
 30
0.0
 10
27.87268575032554
 20
5.693030463324653
 30
0.0
 10
27.98222351074221
 20
5.808147854275186
 30
0.0
 10
28.18924119737416
 20
6.025691562228732
 30
0.0
 10
28.44837443033862
 20
5.782508850097656
 30
0.0
 10
28.53906928168403
 20
5.58539072672526
 30
0.0
 10
28.64630126953125
 20
5.352321200900607
 30
0.0
 10
28.68300035264764
 20
5.047531975640191
 30
0.0
 10
28.47404649522569
 20
4.858013576931423
 30
0.0
  0
SPLINE
  5
73
330
1F
100
AcDbEntity
  8
LAYER_1
 62
     7
100
AcDbSpline
210
0.0
220
0.0
230
1.0
 70
    11
 71
     3
 72
    20
 73
    16
 74
     0
 42
0.0000000001
 43
0.0000000001
 12
1.0
 22
0.0
 32
0.0
 13
1.0
 23
0.0
 33
0.0
 40
0.0
 40
0.0
 40
0.0
 40
0.0
 40
1.0
 40
1.0
 40
1.0
 40
2.0
 40
2.0
 40
2.0
 40
3.0
 40
3.0
 40
3.0
 40
4.0
 40
4.0
 40
4.0
 40
5.0
 40
5.0
 40
5.0
 40
5.0
 10
29.16083102756084
 20
10.23641543918186
 30
0.0
 10
29.00666978624139
 20
10.10076565212674
 30
0.0
 10
28.55489434136292
 20
10.22074381510417
 30
0.0
 10
28.43114556206597
 20
10.34875912136502
 30
0.0
 10
28.36273701985679
 20
10.41952684190538
 30
0.0
 10
28.3445129394532
 20
10.52524227566189
 30
0.0
 10
28.34725613064236
 20
10.62363179524739
 30
0.0
 10
28.35090806749139
 20
10.75458441840278
 30
0.0
 10
28.39506361219625
 20
10.89681328667535
 30
0.0
 10
28.50718858506944
 20
10.96456061469184
 30
0.0
 10
28.61994086371528
 20
11.03268432617188
 30
0.0
 10
28.77095879448792
 20
11.00351376003689
 30
0.0
 10
28.87885199652778
 20
10.92793528238932
 30
0.0
 10
29.03373887803819
 20
10.81944020589193
 30
0.0
 10
29.36655341254348
 20
10.4174313015408
 30
0.0
 10
29.16083102756084
 20
10.23641543918186
 30
0.0
  0
SPLINE
  5
74
330
1F
100
AcDbEntity
  8
LAYER_1
 62
     7
100
AcDbSpline
210
0.0
220
0.0
230
1.0
 70
     8
 71
     3
 72
    29
 73
    25
 74
     0
 42
0.0000000001
 43
0.0000000001
 12
1.0
 22
0.0
 32
0.0
 13
1.0
 23
0.0
 33
0.0
 40
0.0
 40
0.0
 40
0.0
 40
0.0
 40
1.0
 40
1.0
 40
1.0
 40
2.0
 40
2.0
 40
2.0
 40
3.0
 40
3.0
 40
3.0
 40
4.0
 40
4.0
 40
4.0
 40
5.0
 40
5.0
 40
5.0
 40
6.0
 40
6.0
 40
6.0
 40
7.0
 40
7.0
 40
7.0
 40
8.0
 40
8.0
 40
8.0
 40
8.0
 10
-14.96567706141611
 20
-20.30500529703681
 30
0.0
 10
-14.88262004611944
 20
-19.94033465036167
 30
0.0
 10
-14.54688219684417
 20
-19.68467326105499
 30
0.0
 10
-14.19877902118237
 20
-19.54789852862723
 30
0.0
 10
-13.85067584552053
 20
-19.41112379619944
 30
0.0
 10
-13.47348697094028
 20
-19.3612715873143
 30
0.0
 10
-13.12425754672083
 20
-19.22739867147291
 30
0.0
 10
-12.70507291792411
 20
-19.06670941576224
 30
0.0
 10
-12.34103424900418
 20
-18.79107520289055
 30
0.0
 10
-11.94189785369878
 20
-18.58558330107098
 30
0.0
 10
-11.54163237414051
 20
-18.37950976403514
 30
0.0
 10
-11.10897601771237
 20
-18.24542275292194
 30
0.0
 10
-10.67888737757626
 20
-18.11237192490959
 30
0.0
 10
-10.15881945430437
 20
-17.9514855181864
 30
0.0
 10
-9.630613554969587
 20
-17.78921235601916
 30
0.0
 10
-9.086390472904238
 20
-17.77593446826861
 30
0.0
 10
-8.624177303004721
 20
-17.7646574369293
 30
0.0
 10
-8.155909169184762
 20
-17.86110925561903
 30
0.0
 10
-7.702706064231897
 20
-17.76957491061277
 30
0.0
 10
-7.196861884172145
 20
-17.66740747298986
 30
0.0
 10
-6.778748914481449
 20
-17.3597056824661
 30
0.0
 10
-6.264529560703636
 20
-17.31372567955709
 30
0.0
 10
-5.704717824493273
 20
-17.26366893807042
 30
0.0
 10
-5.199599969337542
 20
-17.16458973783779
 30
0.0
 10
-4.718663915111064
 20
-16.85181214542445
 30
0.0
  0
SPLINE
  5
75
330
1F
100
AcDbEntity
  8
LAYER_1
 62
     7
100
AcDbSpline
210
0.0
220
0.0
230
1.0
 70
     8
 71
     3
 72
     8
 73
     4
 74
     0
 42
0.0000000001
 43
0.0000000001
 12
1.0
 22
0.0
 32
0.0
 13
1.0
 23
0.0
 33
0.0
 40
0.0
 40
0.0
 40
0.0
 40
0.0
 40
1.0
 40
1.0
 40
1.0
 40
1.0
 10
-13.40283987386803
 20
-20.61793200807084
 30
0.0
 10
-12.54139112391064
 20
-19.40486467483152
 30
0.0
 10
-11.10927589044556
 20
-18.61623804041611
 30
0.0
 10
-9.62357242766532
 20
-18.53679293698972
 30
0.0
  0
SPLINE
  5
76
330
1F
100
AcDbEntity
  8
LAYER_1
 62
     7
100
AcDbSpline
210
0.0
220
0.0
230
1.0
 70
     8
 71
     3
 72
     8
 73
     4
 74
     0
 42
0.0000000001
 43
0.0000000001
 12
1.0
 22
0.0
 32
0.0
 13
1.0
 23
0.0
 33
0.0
 40
0.0
 40
0.0
 40
0.0
 40
0.0
 40
1.0
 40
1.0
 40
1.0
 40
1.0
 10
-11.29965129036158
 20
-20.23952638232458
 30
0.0
 10
-10.92274538803223
 20
-19.47476858439707
 30
0.0
 10
-10.24324780252809
 20
-18.86433531671792
 30
0.0
 10
-9.442617509736097
 20
-18.57124201593221
 30
0.0
  0
SPLINE
  5
77
330
1F
100
AcDbEntity
  8
LAYER_1
 62
     7
100
AcDbSpline
210
0.0
220
0.0
230
1.0
 70
     8
 71
     3
 72
    11
 73
     7
 74
     0
 42
0.0000000001
 43
0.0000000001
 12
1.0
 22
0.0
 32
0.0
 13
1.0
 23
0.0
 33
0.0
 40
0.0
 40
0.0
 40
0.0
 40
0.0
 40
1.0
 40
1.0
 40
1.0
 40
2.0
 40
2.0
 40
2.0
 40
2.0
 10
-9.579959972104435
 20
-19.57594336449958
 30
0.0
 10
-9.31822019613868
 20
-19.16596607022653
 30
0.0
 10
-8.916218283281585
 20
-18.84737610537291
 30
0.0
 10
-8.457288366097524
 20
-18.68621648494834
 30
0.0
 10
-7.99835844891345
 20
-18.52505686452375
 30
0.0
 10
-7.485427842906334
 20
-18.52235555606277
 30
0.0
 10
-7.02482596032582
 20
-18.6786725350039
 30
0.0
  0
SPLINE
  5
78
330
1F
100
AcDbEntity
  8
LAYER_1
 62
     7
100
AcDbSpline
210
0.0
220
0.0
230
1.0
 70
     8
 71
     3
 72
     8
 73
     4
 74
     0
 42
0.0000000001
 43
0.0000000001
 12
1.0
 22
0.0
 32
0.0
 13
1.0
 23
0.0
 33
0.0
 40
0.0
 40
0.0
 40
0.0
 40
0.0
 40
1.0
 40
1.0
 40
1.0
 40
1.0
 10
-10.91749625047434
 20
-21.41760820562596
 30
0.0
 10
-10.56776388869159
 20
-20.68077131802612
 30
0.0
 10
-9.923768156675376
 20
-20.08870530438735
 30
0.0
 10
-9.16019346017107
 20
-19.8020085889118
 30
0.0
  0
SPLINE
  5
79
330
1F
100
AcDbEntity
  8
LAYER_1
 62
     7
100
AcDbSpline
210
0.0
220
0.0
230
1.0
 70
     8
 71
     3
 72
     8
 73
     4
 74
     0
 42
0.0000000001
 43
0.0000000001
 12
1.0
 22
0.0
 32
0.0
 13
1.0
 23
0.0
 33
0.0
 40
0.0
 40
0.0
 40
0.0
 40
0.0
 40
1.0
 40
1.0
 40
1.0
 40
1.0
 10
-8.086064562809396
 20
-19.97327289185722
 30
0.0
 10
-7.932785622340993
 20
-19.52455558380694
 30
0.0
 10
-7.526813279144752
 20
-19.17188560979735
 30
0.0
 10
-7.061071375103678
 20
-19.08285676640834
 30
0.0
  0
SPLINE
  5
7A
330
1F
100
AcDbEntity
  8
LAYER_1
 62
     7
100
AcDbSpline
210
0.0
220
0.0
230
1.0
 70
     8
 71
     3
 72
    23
 73
    19
 74
     0
 42
0.0000000001
 43
0.0000000001
 12
1.0
 22
0.0
 32
0.0
 13
1.0
 23
0.0
 33
0.0
 40
0.0
 40
0.0
 40
0.0
 40
0.0
 40
1.0
 40
1.0
 40
1.0
 40
2.0
 40
2.0
 40
2.0
 40
3.0
 40
3.0
 40
3.0
 40
4.0
 40
4.0
 40
4.0
 40
5.0
 40
5.0
 40
5.0
 40
6.0
 40
6.0
 40
6.0
 40
6.0
 10
-8.559861775538593
 20
-21.88839558094736
 30
0.0
 10
-8.573864067465175
 20
-21.68762623590793
 30
0.0
 10
-8.44080166578812
 20
-21.50293008391986
 30
0.0
 10
-8.28059477142704
 20
-21.38111815886348
 30
0.0
 10
-8.12038787706596
 20
-21.25930623380721
 30
0.0
 10
-7.930924381966697
 20
-21.18225119079807
 30
0.0
 10
-7.762227163050182
 20
-21.07249854884097
 30
0.0
 10
-7.190292150423804
 20
-20.70040378798305
 30
0.0
 10
-6.91016447586383
 20
-19.99375543862346
 30
0.0
 10
-6.351282123914883
 20
-19.60232896490485
 30
0.0
 10
-6.016491443908055
 20
-19.36785039929987
 30
0.0
 10
-5.60116951105345
 20
-19.26142443987793
 30
0.0
 10
-5.28422490397621
 20
-19.00333315519957
 30
0.0
 10
-4.934158390695239
 20
-18.71827043297624
 30
0.0
 10
-4.746852972471086
 20
-18.28536564349611
 30
0.0
 10
-4.556266264148032
 20
-17.87611751628543
 30
0.0
 10
-4.365679555824967
 20
-17.46686938907472
 30
0.0
 10
-4.139821410712999
 20
-17.0431223746275
 30
0.0
 10
-3.75073835234726
 20
-16.8141645254332
 30
0.0
  0
SPLINE
  5
7B
330
1F
100
AcDbEntity
  8
LAYER_1
 62
     7
100
AcDbSpline
210
0.0
220
0.0
230
1.0
 70
     8
 71
     3
 72
     8
 73
     4
 74
     0
 42
0.0000000001
 43
0.0000000001
 12
1.0
 22
0.0
 32
0.0
 13
1.0
 23
0.0
 33
0.0
 40
0.0
 40
0.0
 40
0.0
 40
0.0
 40
1.0
 40
1.0
 40
1.0
 40
1.0
 10
-7.545250395045791
 20
-18.1092789155789
 30
0.0
 10
-6.841855219011942
 20
-18.17274184835221
 30
0.0
 10
-6.119648041099556
 20
-18.00746296531805
 30
0.0
 10
-5.51386626685366
 20
-17.64439167824708
 30
0.0
  0
SPLINE
  5
7C
330
1F
100
AcDbEntity
  8
LAYER_1
 62
     7
100
AcDbSpline
210
0.0
220
0.0
230
1.0
 70
     8
 71
     3
 72
    17
 73
    13
 74
     0
 42
0.0000000001
 43
0.0000000001
 12
1.0
 22
0.0
 32
0.0
 13
1.0
 23
0.0
 33
0.0
 40
0.0
 40
0.0
 40
0.0
 40
0.0
 40
1.0
 40
1.0
 40
1.0
 40
2.0
 40
2.0
 40
2.0
 40
3.0
 40
3.0
 40
3.0
 40
4.0
 40
4.0
 40
4.0
 40
4.0
 10
-10.14581517684636
 20
-21.94477254226321
 30
0.0
 10
-10.10465630530719
 20
-21.71421436407695
 30
0.0
 10
-9.976904152789478
 20
-21.50618129229931
 30
0.0
 10
-9.818212754546607
 20
-21.33393679642596
 30
0.0
 10
-9.659521356303735
 20
-21.16169230055278
 30
0.0
 10
-9.470005101973141
 20
-21.02126582213653
 30
0.0
 10
-9.28174123095861
 20
-20.88195379427985
 30
0.0
 10
-9.099653118214102
 20
-20.7472117885479
 30
0.0
 10
-8.916806344116594
 20
-20.61198358212404
 30
0.0
 10
-8.717582295710713
 20
-20.50418161078096
 30
0.0
 10
-8.316465041455128
 20
-20.28713333302721
 30
0.0
 10
-7.8468888752165
 20
-20.1791114132871
 30
0.0
 10
-7.513149701235129
 20
-19.86826873590417
 30
0.0
  0
SPLINE
  5
7D
330
1F
100
AcDbEntity
  8
LAYER_1
 62
     7
100
AcDbSpline
210
0.0
220
0.0
230
1.0
 70
     8
 71
     3
 72
    14
 73
    10
 74
     0
 42
0.0000000001
 43
0.0000000001
 12
1.0
 22
0.0
 32
0.0
 13
1.0
 23
0.0
 33
0.0
 40
0.0
 40
0.0
 40
0.0
 40
0.0
 40
1.0
 40
1.0
 40
1.0
 40
2.0
 40
2.0
 40
2.0
 40
3.0
 40
3.0
 40
3.0
 40
3.0
 10
-12.9367058652744
 20
-21.86279383579125
 30
0.0
 10
-12.84967226789869
 20
-21.59524695981001
 30
0.0
 10
-12.61138716364476
 20
-21.40268519663874
 30
0.0
 10
-12.35798460319009
 20
-21.28044232251346
 30
0.0
 10
-12.1045820427354
 20
-21.15819944838805
 30
0.0
 10
-11.82814385067857
 20
-21.0910807113568
 30
0.0
 10
-11.56972339035392
 20
-20.97983753806056
 30
0.0
 10
-11.09347050001037
 20
-20.77482338606445
 30
0.0
 10
-10.68443716651913
 20
-20.41692288945556
 30
0.0
 10
-10.41801330842303
 20
-19.97210163874332
 30
0.0
  0
SPLINE
  5
7E
330
1F
100
AcDbEntity
  8
LAYER_1
 62
     7
100
AcDbSpline
210
0.0
220
0.0
230
1.0
 70
     8
 71
     3
 72
    14
 73
    10
 74
     0
 42
0.0000000001
 43
0.0000000001
 12
1.0
 22
0.0
 32
0.0
 13
1.0
 23
0.0
 33
0.0
 40
0.0
 40
0.0
 40
0.0
 40
0.0
 40
1.0
 40
1.0
 40
1.0
 40
2.0
 40
2.0
 40
2.0
 40
3.0
 40
3.0
 40
3.0
 40
3.0
 10
-14.48548070883416
 20
-21.77350220046388
 30
0.0
 10
-13.87122071335273
 20
-21.6877211080261
 30
0.0
 10
-13.29417970052845
 20
-21.35933565824237
 30
0.0
 10
-12.90670566481647
 20
-20.87504482669806
 30
0.0
 10
-12.75912987974769
 20
-20.69059484662527
 30
0.0
 10
-12.63847800541199
 20
-20.48529279705263
 30
0.0
 10
-12.48416395094061
 20
-20.30644209051194
 30
0.0
 10
-12.32984989646924
 20
-20.12759138397124
 30
0.0
 10
-12.13202510184495
 20
-19.9720515335782
 30
0.0
 10
-11.89924193105047
 20
-19.93189685723319
 30
0.0
  0
SPLINE
  5
7F
330
1F
100
AcDbEntity
  8
LAYER_1
 62
     7
100
AcDbSpline
210
0.0
220
0.0
230
1.0
 70
     8
 71
     3
 72
    29
 73
    25
 74
     0
 42
0.0000000001
 43
0.0000000001
 12
1.0
 22
0.0
 32
0.0
 13
1.0
 23
0.0
 33
0.0
 40
0.0
 40
0.0
 40
0.0
 40
0.0
 40
1.0
 40
1.0
 40
1.0
 40
2.0
 40
2.0
 40
2.0
 40
3.0
 40
3.0
 40
3.0
 40
4.0
 40
4.0
 40
4.0
 40
5.0
 40
5.0
 40
5.0
 40
6.0
 40
6.0
 40
6.0
 40
7.0
 40
7.0
 40
7.0
 40
8.0
 40
8.0
 40
8.0
 40
8.0
 10
-4.80580834067785
 20
-21.46861470996681
 30
0.0
 10
-4.605887435432022
 20
-21.0449358022825
 30
0.0
 10
-4.179969744121157
 20
-20.77746166230807
 30
0.0
 10
-3.756900870876633
 20
-20.57625303013126
 30
0.0
 10
-3.333831997632135
 20
-20.37504439795445
 30
0.0
 10
-2.881565189917346
 20
-20.20985644898347
 30
0.0
 10
-2.533721077185217
 20
-19.89604654090471
 30
0.0
 10
-2.1560426504282
 20
-19.5553215951032
 30
0.0
 10
-1.916207630943278
 20
-19.0519455150414
 30
0.0
 10
-1.461289494330926
 20
-18.82438455741236
 30
0.0
 10
-1.145988232562975
 20
-18.66666336933513
 30
0.0
 10
-0.7776808468947062
 20
-18.66892261675806
 30
0.0
 10
-0.4340092448102647
 20
-18.59030529308875
 30
0.0
 10
0.128399510194135
 20
-18.4616504227811
 30
0.0
 10
0.6142448578388363
 20
-18.11933379784235
 30
0.0
 10
1.138409494391794
 20
-17.87827962760265
 30
0.0
 10
1.869779767630259
 20
-17.54193518857139
 30
0.0
 10
2.690623927568443
 20
-17.40256975779903
 30
0.0
 10
3.492021372317772
 20
-17.47867620140806
 30
0.0
 10
3.877734092399717
 20
-17.51530627008737
 30
0.0
 10
4.258461768612429
 20
-17.60068409216668
 30
0.0
 10
4.645489309321571
 20
-17.61873237869791
 30
0.0
 10
5.032516850030712
 20
-17.63678066522917
 30
0.0
 10
5.438665594035228
 20
-17.58061857587763
 30
0.0
 10
5.757625315712454
 20
-17.36066232145041
 30
0.0
  0
SPLINE
  5
80
330
1F
100
AcDbEntity
  8
LAYER_1
 62
     7
100
AcDbSpline
210
0.0
220
0.0
230
1.0
 70
     8
 71
     3
 72
    35
 73
    31
 74
     0
 42
0.0000000001
 43
0.0000000001
 12
1.0
 22
0.0
 32
0.0
 13
1.0
 23
0.0
 33
0.0
 40
0.0
 40
0.0
 40
0.0
 40
0.0
 40
1.0
 40
1.0
 40
1.0
 40
2.0
 40
2.0
 40
2.0
 40
3.0
 40
3.0
 40
3.0
 40
4.0
 40
4.0
 40
4.0
 40
5.0
 40
5.0
 40
5.0
 40
6.0
 40
6.0
 40
6.0
 40
7.0
 40
7.0
 40
7.0
 40
8.0
 40
8.0
 40
8.0
 40
9.0
 40
9.0
 40
9.0
 40
10.0
 40
10.0
 40
10.0
 40
10.0
 10
3.59852254847749
 20
-19.08660068591431
 30
0.0
 10
3.906525198465589
 20
-18.62035045066902
 30
0.0
 10
4.394983318895836
 20
-18.30094428726001
 30
0.0
 10
4.905067158656593
 20
-18.07275710383194
 30
0.0
 10
5.415150998417326
 20
-17.84456992040388
 30
0.0
 10
5.956754057910327
 20
-17.69532180302624
 30
0.0
 10
6.476021316686986
 20
-17.48888433494333
 30
0.0
 10
6.999904569483255
 20
-17.28061197113041
 30
0.0
 10
7.498984479048026
 20
-17.01497248140418
 30
0.0
 10
8.016219500344453
 20
-16.79069816795097
 30
0.0
 10
8.533454487293032
 20
-16.56642386939097
 30
0.0
 10
9.076937889826745
 20
-16.38200961947556
 30
0.0
 10
9.639760213050673
 20
-16.34942091557097
 30
0.0
 10
10.05659257504671
 20
-16.32528536624765
 30
0.0
 10
10.47614348814409
 20
-16.39227433668584
 30
0.0
 10
10.85609730521972
 20
-16.56795779351791
 30
0.0
 10
11.21111081190773
 20
-16.7321093226618
 30
0.0
 10
11.48988796883906
 20
-16.96496972625237
 30
0.0
 10
11.88539551122757
 20
-17.05619139447402
 30
0.0
 10
12.20549657526501
 20
-17.13002096769722
 30
0.0
 10
12.53488709485474
 20
-17.15331569335624
 30
0.0
 10
12.85891246108996
 20
-17.20738101603486
 30
0.0
 10
13.11149379178558
 20
-17.24952552695264
 30
0.0
 10
13.36544849067347
 20
-17.31223809219096
 30
0.0
 10
13.58471106002341
 20
-17.44451588256139
 30
0.0
 10
13.7749457081647
 20
-17.5592814427614
 30
0.0
 10
13.93136212492264
 20
-17.72167800906876
 30
0.0
 10
14.10959666780625
 20
-17.85431586696763
 30
0.0
 10
14.35476201733584
 20
-18.03676197881848
 30
0.0
 10
14.64218691825681
 20
-18.16205132276529
 30
0.0
 10
14.94272079320459
 20
-18.21747709689291
 30
0.0
  0
SPLINE
  5
81
330
1F
100
AcDbEntity
  8
LAYER_1
 62
     7
100
AcDbSpline
210
0.0
220
0.0
230
1.0
 70
     8
 71
     3
 72
     8
 73
     4
 74
     0
 42
0.0000000001
 43
0.0000000001
 12
1.0
 22
0.0
 32
0.0
 13
1.0
 23
0.0
 33
0.0
 40
0.0
 40
0.0
 40
0.0
 40
0.0
 40
1.0
 40
1.0
 40
1.0
 40
1.0
 10
0.9100660699339818
 20
-18.27284871956875
 30
0.0
 10
0.2166552174261495
 20
-18.58906175725555
 30
0.0
 10
-0.3777895361903221
 20
-19.11840994793791
 30
0.0
 10
-0.7719516896674778
 20
-19.77067177599861
 30
0.0
  0
SPLINE
  5
82
330
1F
100
AcDbEntity
  8
LAYER_1
 62
     7
100
AcDbSpline
210
0.0
220
0.0
230
1.0
 70
     8
 71
     3
 72
    11
 73
     7
 74
     0
 42
0.0000000001
 43
0.0000000001
 12
1.0
 22
0.0
 32
0.0
 13
1.0
 23
0.0
 33
0.0
 40
0.0
 40
0.0
 40
0.0
 40
0.0
 40
1.0
 40
1.0
 40
1.0
 40
2.0
 40
2.0
 40
2.0
 40
2.0
 10
0.0121153915560576
 20
-19.4142037530657
 30
0.0
 10
0.6658804596757161
 20
-19.17190017226416
 30
0.0
 10
1.089559104329965
 20
-18.51337196572972
 30
0.0
 10
1.731563120327779
 20
-18.24143330903404
 30
0.0
 10
2.419909597275641
 20
-17.94986490812792
 30
0.0
 10
3.212613128849486
 20
-18.15632375339237
 30
0.0
 10
3.951913923999111
 20
-18.04556567653834
 30
0.0
  0
SPLINE
  5
83
330
1F
100
AcDbEntity
  8
LAYER_1
 62
     7
100
AcDbSpline
210
0.0
220
0.0
230
1.0
 70
     8
 71
     3
 72
     8
 73
     4
 74
     0
 42
0.0000000001
 43
0.0000000001
 12
1.0
 22
0.0
 32
0.0
 13
1.0
 23
0.0
 33
0.0
 40
0.0
 40
0.0
 40
0.0
 40
0.0
 40
1.0
 40
1.0
 40
1.0
 40
1.0
 10
1.122312505971258
 20
-19.19654675412888
 30
0.0
 10
1.67952107068873
 20
-18.78898977451778
 30
0.0
 10
2.367636046867612
 20
-18.56340912451611
 30
0.0
 10
3.057985272078933
 20
-18.56198663571139
 30
0.0
  0
SPLINE
  5
84
330
1F
100
AcDbEntity
  8
LAYER_1
 62
     7
100
AcDbSpline
210
0.0
220
0.0
230
1.0
 70
     8
 71
     3
 72
     8
 73
     4
 74
     0
 42
0.0000000001
 43
0.0000000001
 12
1.0
 22
0.0
 32
0.0
 13
1.0
 23
0.0
 33
0.0
 40
0.0
 40
0.0
 40
0.0
 40
0.0
 40
1.0
 40
1.0
 40
1.0
 40
1.0
 10
4.294408519483164
 20
-19.36526683862639
 30
0.0
 10
4.419552471757243
 20
-18.90010123523848
 30
0.0
 10
4.706992657184653
 20
-18.48028847311292
 30
0.0
 10
5.095411762653738
 20
-18.19538384718943
 30
0.0
  0
SPLINE
  5
85
330
1F
100
AcDbEntity
  8
LAYER_1
 62
     7
100
AcDbSpline
210
0.0
220
0.0
230
1.0
 70
     8
 71
     3
 72
    11
 73
     7
 74
     0
 42
0.0000000001
 43
0.0000000001
 12
1.0
 22
0.0
 32
0.0
 13
1.0
 23
0.0
 33
0.0
 40
0.0
 40
0.0
 40
0.0
 40
0.0
 40
1.0
 40
1.0
 40
1.0
 40
2.0
 40
2.0
 40
2.0
 40
2.0
 10
5.661525159171965
 20
-18.50868825565721
 30
0.0
 10
6.407463018718292
 20
-17.82161812675362
 30
0.0
 10
7.443990512193472
 20
-17.48438660334265
 30
0.0
 10
8.457566310135386
 20
-17.5183388368846
 30
0.0
 10
9.4711421080773
 20
-17.55229107042639
 30
0.0
 10
10.45706494846735
 20
-17.94095124498153
 30
0.0
 10
11.27478226355505
 20
-18.54080709845124
 30
0.0
  0
SPLINE
  5
86
330
1F
100
AcDbEntity
  8
LAYER_1
 62
     7
100
AcDbSpline
210
0.0
220
0.0
230
1.0
 70
     8
 71
     3
 72
     8
 73
     4
 74
     0
 42
0.0000000001
 43
0.0000000001
 12
1.0
 22
0.0
 32
0.0
 13
1.0
 23
0.0
 33
0.0
 40
0.0
 40
0.0
 40
0.0
 40
0.0
 40
1.0
 40
1.0
 40
1.0
 40
1.0
 10
8.707323938688331
 20
-17.10101781297418
 30
0.0
 10
9.364624758638152
 20
-16.8279421424564
 30
0.0
 10
10.15818464283135
 20
-16.91222399637791
 30
0.0
 10
10.74346391052455
 20
-17.31727074496876
 30
0.0
  0
SPLINE
  5
87
330
1F
100
AcDbEntity
  8
LAYER_1
 62
     7
100
AcDbSpline
210
0.0
220
0.0
230
1.0
 70
     8
 71
     3
 72
    11
 73
     7
 74
     0
 42
0.0000000001
 43
0.0000000001
 12
1.0
 22
0.0
 32
0.0
 13
1.0
 23
0.0
 33
0.0
 40
0.0
 40
0.0
 40
0.0
 40
0.0
 40
1.0
 40
1.0
 40
1.0
 40
2.0
 40
2.0
 40
2.0
 40
2.0
 10
6.191382421188589
 20
-18.53026025991196
 30
0.0
 10
6.855549643717268
 20
-18.1035942341018
 30
0.0
 10
7.619892388902144
 20
-17.80082761487402
 30
0.0
 10
8.40926797982335
 20
-17.79388690021695
 30
0.0
 10
9.198643570744581
 20
-17.78694618555972
 30
0.0
 10
10.01198419524043
 20
-18.10648794545265
 30
0.0
 10
10.49060446707558
 20
-18.73424955024431
 30
0.0
  0
SPLINE
  5
88
330
1F
100
AcDbEntity
  8
LAYER_1
 62
     7
100
AcDbSpline
210
0.0
220
0.0
230
1.0
 70
     8
 71
     3
 72
     8
 73
     4
 74
     0
 42
0.0000000001
 43
0.0000000001
 12
1.0
 22
0.0
 32
0.0
 13
1.0
 23
0.0
 33
0.0
 40
0.0
 40
0.0
 40
0.0
 40
0.0
 40
1.0
 40
1.0
 40
1.0
 40
1.0
 10
1.303284800861421
 20
-16.98359910861889
 30
0.0
 10
1.966996988908515
 20
-16.60904911943263
 30
0.0
 10
2.846624087435948
 20
-16.65792799612346
 30
0.0
 10
3.464752462432178
 20
-17.10370694917793
 30
0.0
  0
SPLINE
  5
89
330
1F
100
AcDbEntity
  8
LAYER_1
 62
     7
100
AcDbSpline
210
0.0
220
0.0
230
1.0
 70
     8
 71
     3
 72
    11
 73
     7
 74
     0
 42
0.0000000001
 43
0.0000000001
 12
1.0
 22
0.0
 32
0.0
 13
1.0
 23
0.0
 33
0.0
 40
0.0
 40
0.0
 40
0.0
 40
0.0
 40
1.0
 40
1.0
 40
1.0
 40
2.0
 40
2.0
 40
2.0
 40
2.0
 10
4.566242187235426
 20
-17.27613138528015
 30
0.0
 10
4.093107035093327
 20
-16.64560996296485
 30
0.0
 10
3.355667892072018
 20
-16.22019198086637
 30
0.0
 10
2.572987058515335
 20
-16.12625131355902
 30
0.0
 10
1.790306224958638
 20
-16.03231064625167
 30
0.0
 10
0.9731414858418298
 20
-16.27113848863362
 30
0.0
 10
0.3642382788119802
 20
-16.77178908601652
 30
0.0
  0
SPLINE
  5
8A
330
1F
100
AcDbEntity
  8
LAYER_1
 62
     7
100
AcDbSpline
210
0.0
220
0.0
230
1.0
 70
     8
 71
     3
 72
    17
 73
    13
 74
     0
 42
0.0000000001
 43
0.0000000001
 12
1.0
 22
0.0
 32
0.0
 13
1.0
 23
0.0
 33
0.0
 40
0.0
 40
0.0
 40
0.0
 40
0.0
 40
1.0
 40
1.0
 40
1.0
 40
2.0
 40
2.0
 40
2.0
 40
3.0
 40
3.0
 40
3.0
 40
4.0
 40
4.0
 40
4.0
 40
4.0
 10
5.672717180870777
 20
-17.03821898153347
 30
0.0
 10
5.326574231948269
 20
-16.75630772689333
 30
0.0
 10
4.955457805392825
 20
-16.50507148143556
 30
0.0
 10
4.565138051373398
 20
-16.28841648794638
 30
0.0
 10
3.972586366191257
 20
-15.95950839783028
 30
0.0
 10
3.328347380740347
 20
-15.70877211911915
 30
0.0
 10
2.655194802768607
 20
-15.63026329373709
 30
0.0
 10
1.888329778040012
 20
-15.54082478865861
 30
0.0
 10
1.09608201838412
 20
-15.68176366237723
 30
0.0
 10
0.4071122785996218
 20
-16.03019137135207
 30
0.0
 10
-0.2818574611848766
 20
-16.37861908032679
 30
0.0
 10
-0.8649152038452586
 20
-16.93320356219472
 30
0.0
 10
-1.24737256921522
 20
-17.60388048470986
 30
0.0
  0
SPLINE
  5
8B
330
1F
100
AcDbEntity
  8
LAYER_1
 62
     7
100
AcDbSpline
210
0.0
220
0.0
230
1.0
 70
     8
 71
     3
 72
     8
 73
     4
 74
     0
 42
0.0000000001
 43
0.0000000001
 12
1.0
 22
0.0
 32
0.0
 13
1.0
 23
0.0
 33
0.0
 40
0.0
 40
0.0
 40
0.0
 40
0.0
 40
1.0
 40
1.0
 40
1.0
 40
1.0
 10
-0.8204648631300415
 20
-16.55034544438429
 30
0.0
 10
-1.51258076908904
 20
-16.77388915840889
 30
0.0
 10
-2.10270570097167
 20
-17.2956722264307
 30
0.0
 10
-2.409326438290514
 20
-17.9552023188507
 30
0.0
  0
SPLINE
  5
8C
330
1F
100
AcDbEntity
  8
LAYER_1
 62
     7
100
AcDbSpline
210
0.0
220
0.0
230
1.0
 70
     8
 71
     3
 72
     8
 73
     4
 74
     0
 42
0.0000000001
 43
0.0000000001
 12
1.0
 22
0.0
 32
0.0
 13
1.0
 23
0.0
 33
0.0
 40
0.0
 40
0.0
 40
0.0
 40
0.0
 40
1.0
 40
1.0
 40
1.0
 40
1.0
 10
6.443448187897022
 20
-16.84524642184346
 30
0.0
 10
6.07093892315288
 20
-16.67923728418166
 30
0.0
 10
5.708347109413126
 20
-16.49097767980568
 30
0.0
 10
5.358248586767281
 20
-16.28180499863389
 30
0.0
  0
SPLINE
  5
8D
330
1F
100
AcDbEntity
  8
LAYER_1
 62
     7
100
AcDbSpline
210
0.0
220
0.0
230
1.0
 70
     8
 71
     3
 72
    17
 73
    13
 74
     0
 42
0.0000000001
 43
0.0000000001
 12
1.0
 22
0.0
 32
0.0
 13
1.0
 23
0.0
 33
0.0
 40
0.0
 40
0.0
 40
0.0
 40
0.0
 40
1.0
 40
1.0
 40
1.0
 40
2.0
 40
2.0
 40
2.0
 40
3.0
 40
3.0
 40
3.0
 40
4.0
 40
4.0
 40
4.0
 40
4.0
 10
-3.647900274951048
 20
-16.99738121676556
 30
0.0
 10
-3.126150831888329
 20
-16.39108438319055
 30
0.0
 10
-2.3710518543672
 20
-15.99089355484916
 30
0.0
 10
-1.576401621683191
 20
-15.89951883496153
 30
0.0
 10
-1.114812560122308
 20
-15.84644192003722
 30
0.0
 10
-0.6433282983669338
 20
-15.89342135845166
 30
0.0
 10
-0.1869578694798595
 20
-15.80619952083445
 30
0.0
 10
0.3079770509618811
 20
-15.71160712001541
 30
0.0
 10
0.7600031875678673
 20
-15.46412057775279
 30
0.0
 10
1.244588565258128
 20
-15.32597100948417
 30
0.0
 10
1.797523503523596
 20
-15.16833568447292
 30
0.0
 10
2.391459702971436
 20
-15.15699000147083
 30
0.0
 10
2.950011537522641
 20
-15.29339304822487
 30
0.0
  0
SPLINE
  5
8E
330
1F
100
AcDbEntity
  8
LAYER_1
 62
     7
100
AcDbSpline
210
0.0
220
0.0
230
1.0
 70
     8
 71
     3
 72
    26
 73
    22
 74
     0
 42
0.0000000001
 43
0.0000000001
 12
1.0
 22
0.0
 32
0.0
 13
1.0
 23
0.0
 33
0.0
 40
0.0
 40
0.0
 40
0.0
 40
0.0
 40
1.0
 40
1.0
 40
1.0
 40
2.0
 40
2.0
 40
2.0
 40
3.0
 40
3.0
 40
3.0
 40
4.0
 40
4.0
 40
4.0
 40
5.0
 40
5.0
 40
5.0
 40
6.0
 40
6.0
 40
6.0
 40
7.0
 40
7.0
 40
7.0
 40
7.0
 10
-3.024440178615476
 20
-16.24657955037348
 30
0.0
 10
-3.589310447492102
 20
-16.04237574593736
 30
0.0
 10
-4.172890943308845
 20
-15.8352021378243
 30
0.0
 10
-4.77275670438496
 20
-15.86584007338666
 30
0.0
 10
-5.350320771606814
 20
-15.89533886332293
 30
0.0
 10
-5.900460855556174
 20
-16.14753080553333
 30
0.0
 10
-6.360304320517596
 20
-16.49823640856597
 30
0.0
 10
-6.513228440412629
 20
-16.61486607959985
 30
0.0
 10
-6.667843008992008
 20
-16.74726871110195
 30
0.0
 10
-6.857783066457348
 20
-16.7774518252236
 30
0.0
 10
-7.11595531166856
 20
-16.81847764345235
 30
0.0
 10
-7.358609525567949
 20
-16.66131669700068
 30
0.0
 10
-7.581057103980596
 20
-16.52401009668764
 30
0.0
 10
-8.286540339997499
 20
-16.08854792064876
 30
0.0
 10
-9.07497397575638
 20
-15.78931939806249
 30
0.0
 10
-9.890504491139406
 20
-15.64146549491097
 30
0.0
 10
-10.68459891048244
 20
-15.49749790920305
 30
0.0
 10
-11.51971880971135
 20
-15.57157619053027
 30
0.0
 10
-12.30833460824763
 20
-15.74144813732583
 30
0.0
 10
-12.73314545521379
 20
-15.83295460438861
 30
0.0
 10
-13.14954361459917
 20
-15.96366269940957
 30
0.0
 10
-13.5501438473444
 20
-16.13209995443013
 30
0.0
  0
SPLINE
  5
8F
330
1F
100
AcDbEntity
  8
LAYER_1
 62
     7
100
AcDbSpline
210
0.0
220
0.0
230
1.0
 70
     8
 71
     3
 72
     8
 73
     4
 74
     0
 42
0.0000000001
 43
0.0000000001
 12
1.0
 22
0.0
 32
0.0
 13
1.0
 23
0.0
 33
0.0
 40
0.0
 40
0.0
 40
0.0
 40
0.0
 40
1.0
 40
1.0
 40
1.0
 40
1.0
 10
-11.97310230109799
 20
-15.43392372530459
 30
0.0
 10
-12.84311837761139
 20
-15.69039591731083
 30
0.0
 10
-13.74690948807183
 20
-15.83204226801667
 30
0.0
 10
-14.6536742090843
 20
-15.85403543494223
 30
0.0
  0
SPLINE
  5
90
330
1F
100
AcDbEntity
  8
LAYER_1
 62
     7
100
AcDbSpline
210
0.0
220
0.0
230
1.0
 70
     8
 71
     3
 72
    26
 73
    22
 74
     0
 42
0.0000000001
 43
0.0000000001
 12
1.0
 22
0.0
 32
0.0
 13
1.0
 23
0.0
 33
0.0
 40
0.0
 40
0.0
 40
0.0
 40
0.0
 40
1.0
 40
1.0
 40
1.0
 40
2.0
 40
2.0
 40
2.0
 40
3.0
 40
3.0
 40
3.0
 40
4.0
 40
4.0
 40
4.0
 40
5.0
 40
5.0
 40
5.0
 40
6.0
 40
6.0
 40
6.0
 40
7.0
 40
7.0
 40
7.0
 40
7.0
 10
-12.79016902079194
 20
-18.74503530523667
 30
0.0
 10
-12.44414529835334
 20
-18.48485162043708
 30
0.0
 10
-12.08848780095633
 20
-18.21970148459223
 30
0.0
 10
-11.67368033066603
 20
-18.09575500857305
 30
0.0
 10
-11.38066763911694
 20
-18.00820139970834
 30
0.0
 10
-11.06964120704737
 20
-17.99500785280528
 30
0.0
 10
-10.77585519779716
 20
-17.91008522469249
 30
0.0
 10
-10.38269702312689
 20
-17.79643779332041
 30
0.0
 10
-10.03292420601065
 20
-17.55806862865875
 30
0.0
 10
-9.636040044344908
 20
-17.45820847392861
 30
0.0
 10
-9.190725386195101
 20
-17.34616260435124
 30
0.0
 10
-8.723218020329846
 20
-17.41649501303944
 30
0.0
 10
-8.264936632433558
 20
-17.44543678052681
 30
0.0
 10
-7.879796742984316
 20
-17.46975945469555
 30
0.0
 10
-7.471983767730712
 20
-17.46055749273528
 30
0.0
 10
-7.117274895284329
 20
-17.29089317336348
 30
0.0
 10
-6.763085446683905
 20
-17.12147730476416
 30
0.0
 10
-6.447793303382544
 20
-16.88011202854972
 30
0.0
 10
-6.086217958776412
 20
-16.71741544567999
 30
0.0
 10
-5.340936205675789
 20
-16.38206405539985
 30
0.0
 10
-4.528205173520342
 20
-16.19583305457263
 30
0.0
 10
-3.710871120595698
 20
-16.1790028915432
 30
0.0
  0
SPLINE
  5
91
330
1F
100
AcDbEntity
  8
LAYER_1
 62
     7
100
AcDbSpline
210
0.0
220
0.0
230
1.0
 70
     8
 71
     3
 72
     8
 73
     4
 74
     0
 42
0.0000000001
 43
0.0000000001
 12
1.0
 22
0.0
 32
0.0
 13
1.0
 23
0.0
 33
0.0
 40
0.0
 40
0.0
 40
0.0
 40
0.0
 40
1.0
 40
1.0
 40
1.0
 40
1.0
 10
-4.028791805437107
 20
-15.49716687855319
 30
0.0
 10
-3.658606366705827
 20
-15.31929710369458
 30
0.0
 10
-3.226257966167964
 20
-15.2742698294718
 30
0.0
 10
-2.827365432616905
 20
-15.3720433562271
 30
0.0
  0
SPLINE
  5
92
330
1F
100
AcDbEntity
  8
LAYER_1
 62
     7
100
AcDbSpline
210
0.0
220
0.0
230
1.0
 70
     8
 71
     3
 72
    20
 73
    16
 74
     0
 42
0.0000000001
 43
0.0000000001
 12
1.0
 22
0.0
 32
0.0
 13
1.0
 23
0.0
 33
0.0
 40
0.0
 40
0.0
 40
0.0
 40
0.0
 40
1.0
 40
1.0
 40
1.0
 40
2.0
 40
2.0
 40
2.0
 40
3.0
 40
3.0
 40
3.0
 40
4.0
 40
4.0
 40
4.0
 40
5.0
 40
5.0
 40
5.0
 40
5.0
 10
-6.695297738435644
 20
-15.3794274304218
 30
0.0
 10
-6.279556686599713
 20
-15.463977559195
 30
0.0
 10
-5.835803045223277
 20
-15.40374344726582
 30
0.0
 10
-5.457642698446926
 20
-15.21143094485584
 30
0.0
 10
-5.245731529243547
 20
-15.10366404760139
 30
0.0
 10
-5.049905233546775
 20
-14.95443565700263
 30
0.0
 10
-4.818142659313227
 20
-14.90146248491139
 30
0.0
 10
-4.649321281511144
 20
-14.86287554471973
 30
0.0
 10
-4.472730740202388
 20
-14.87839331853305
 30
0.0
 10
-4.301498818501437
 20
-14.85252367165251
 30
0.0
 10
-3.994649019962164
 20
-14.80616497072528
 30
0.0
 10
-3.723463497208134
 20
-14.63083357271166
 30
0.0
 10
-3.426323658085936
 20
-14.54131350149472
 30
0.0
 10
-2.880556246971019
 20
-14.37688869563931
 30
0.0
 10
-2.294631898449766
 20
-14.5115580860054
 30
0.0
 10
-1.741542335709596
 20
-14.6493605549711
 30
0.0
  0
SPLINE
  5
93
330
1F
100
AcDbEntity
  8
LAYER_1
 62
     7
100
AcDbSpline
210
0.0
220
0.0
230
1.0
 70
     8
 71
     3
 72
    14
 73
    10
 74
     0
 42
0.0000000001
 43
0.0000000001
 12
1.0
 22
0.0
 32
0.0
 13
1.0
 23
0.0
 33
0.0
 40
0.0
 40
0.0
 40
0.0
 40
0.0
 40
1.0
 40
1.0
 40
1.0
 40
2.0
 40
2.0
 40
2.0
 40
3.0
 40
3.0
 40
3.0
 40
3.0
 10
-3.481308754034153
 20
-14.3721474628139
 30
0.0
 10
-3.821464456422417
 20
-14.23901084389541
 30
0.0
 10
-4.198022529961286
 20
-14.23117241529111
 30
0.0
 10
-4.561802251697852
 20
-14.26427188987221
 30
0.0
 10
-4.925581973434431
 20
-14.29737136445333
 30
0.0
 10
-5.285456268456199
 20
-14.36949392953946
 30
0.0
 10
-5.650156454350218
 20
-14.39011032042526
 30
0.0
 10
-5.838298789676565
 20
-14.40074597977251
 30
0.0
 10
-6.04303644361049
 20
-14.39232622341903
 30
0.0
 10
-6.190321560166163
 20
-14.2747773012532
 30
0.0
  0
SPLINE
  5
94
330
1F
100
AcDbEntity
  8
LAYER_1
 62
     7
100
AcDbSpline
210
0.0
220
0.0
230
1.0
 70
     8
 71
     3
 72
    14
 73
    10
 74
     0
 42
0.0000000001
 43
0.0000000001
 12
1.0
 22
0.0
 32
0.0
 13
1.0
 23
0.0
 33
0.0
 40
0.0
 40
0.0
 40
0.0
 40
0.0
 40
1.0
 40
1.0
 40
1.0
 40
2.0
 40
2.0
 40
2.0
 40
3.0
 40
3.0
 40
3.0
 40
3.0
 10
-5.524441448128173
 20
-14.6269866315382
 30
0.0
 10
-5.744357909368191
 20
-14.53403370075388
 30
0.0
 10
-5.995670218926913
 20
-14.55358640477334
 30
0.0
 10
-6.228784592915834
 20
-14.60517308818541
 30
0.0
 10
-6.461898966904755
 20
-14.65675977159763
 30
0.0
 10
-6.688897362414157
 20
-14.73867316159501
 30
0.0
 10
-6.925965149491705
 20
-14.76699914958959
 30
0.0
 10
-7.16303293656924
 20
-14.79532513758431
 30
0.0
 10
-7.421072406513139
 20
-14.76250403376194
 30
0.0
 10
-7.604220797673873
 20
-14.6093369221454
 30
0.0
  0
SPLINE
  5
95
330
1F
100
AcDbEntity
  8
LAYER_1
 62
     7
100
AcDbSpline
210
0.0
220
0.0
230
1.0
 70
     8
 71
     3
 72
    32
 73
    28
 74
     0
 42
0.0000000001
 43
0.0000000001
 12
1.0
 22
0.0
 32
0.0
 13
1.0
 23
0.0
 33
0.0
 40
0.0
 40
0.0
 40
0.0
 40
0.0
 40
1.0
 40
1.0
 40
1.0
 40
2.0
 40
2.0
 40
2.0
 40
3.0
 40
3.0
 40
3.0
 40
4.0
 40
4.0
 40
4.0
 40
5.0
 40
5.0
 40
5.0
 40
6.0
 40
6.0
 40
6.0
 40
7.0
 40
7.0
 40
7.0
 40
8.0
 40
8.0
 40
8.0
 40
9.0
 40
9.0
 40
9.0
 40
9.0
 10
-10.06621781483542
 20
-15.1491376582086
 30
0.0
 10
-9.961619322980885
 20
-14.8866868520489
 30
0.0
 10
-9.706016341374632
 20
-14.70806094034972
 30
0.0
 10
-9.435589081646766
 20
-14.62626627458096
 30
0.0
 10
-9.1651618219189
 20
-14.54447160881237
 30
0.0
 10
-8.877606015476278
 20
-14.54550535456681
 30
0.0
 10
-8.595087891918991
 20
-14.5476916788343
 30
0.0
 10
-8.31256976836169
 20
-14.54987800310182
 30
0.0
 10
-8.025154006016692
 20
-14.5518746465375
 30
0.0
 10
-7.754197899152851
 20
-14.47184928614888
 30
0.0
 10
-7.290179514611433
 20
-14.33480417702653
 30
0.0
 10
-6.918080592910908
 20
-13.97047816727068
 30
0.0
 10
-6.452131898001944
 20
-13.84014687329015
 30
0.0
 10
-6.018776601917087
 20
-13.71893230630157
 30
0.0
 10
-5.557080952015793
 20
-13.81361039145448
 30
0.0
 10
-5.107926448231991
 20
-13.78622396348528
 30
0.0
 10
-4.738860486755899
 20
-13.76372082667513
 30
0.0
 10
-4.379831023716418
 20
-13.65865479796849
 30
0.0
 10
-4.012838056177025
 20
-13.61357446316717
 30
0.0
 10
-3.711057535132682
 20
-13.57650463413304
 30
0.0
 10
-3.345574524190611
 20
-13.57128727478099
 30
0.0
 10
-3.071092031156948
 20
-13.72422210191267
 30
0.0
 10
-2.940301572943086
 20
-13.79709529646996
 30
0.0
 10
-2.833830907844647
 20
-13.89335688165556
 30
0.0
 10
-2.690310180417719
 20
-13.94826489278542
 30
0.0
 10
-2.540396478203914
 20
-14.00561872158237
 30
0.0
 10
-2.379021886089908
 20
-14.03346373163736
 30
0.0
 10
-2.218527946265213
 20
-14.02749097054513
 30
0.0
  0
SPLINE
  5
96
330
1F
100
AcDbEntity
  8
LAYER_1
 62
     7
100
AcDbSpline
210
0.0
220
0.0
230
1.0
 70
     8
 71
     3
 72
     8
 73
     4
 74
     0
 42
0.0000000001
 43
0.0000000001
 12
1.0
 22
0.0
 32
0.0
 13
1.0
 23
0.0
 33
0.0
 40
0.0
 40
0.0
 40
0.0
 40
0.0
 40
1.0
 40
1.0
 40
1.0
 40
1.0
 10
-14.53623668777833
 20
-15.44789598545597
 30
0.0
 10
-13.96300252002612
 20
-15.1010386918614
 30
0.0
 10
-13.24286863114834
 20
-15.00676607191596
 30
0.0
 10
-12.59966692509853
 20
-15.19437992676957
 30
0.0
  0
SPLINE
  5
97
330
1F
100
AcDbEntity
  8
LAYER_1
 62
     7
100
AcDbSpline
210
0.0
220
0.0
230
1.0
 70
     8
 71
     3
 72
    11
 73
     7
 74
     0
 42
0.0000000001
 43
0.0000000001
 12
1.0
 22
0.0
 32
0.0
 13
1.0
 23
0.0
 33
0.0
 40
0.0
 40
0.0
 40
0.0
 40
0.0
 40
1.0
 40
1.0
 40
1.0
 40
2.0
 40
2.0
 40
2.0
 40
2.0
 10
-14.93682894693445
 20
-15.26565485283181
 30
0.0
 10
-14.75466904716097
 20
-15.03368197714457
 30
0.0
 10
-14.46957810432097
 20
-14.89955701202431
 30
0.0
 10
-14.17928868747875
 20
-14.84734878844334
 30
0.0
 10
-13.88899927063653
 20
-14.79514056486237
 30
0.0
 10
-13.59079667378549
 20
-14.81726565352763
 30
0.0
 10
-13.29760369768655
 20
-14.8493829838389
 30
0.0
  0
SPLINE
  5
98
330
1F
100
AcDbEntity
  8
LAYER_1
 62
     7
100
AcDbSpline
210
0.0
220
0.0
230
1.0
 70
     8
 71
     3
 72
     8
 73
     4
 74
     0
 42
0.0000000001
 43
0.0000000001
 12
1.0
 22
0.0
 32
0.0
 13
1.0
 23
0.0
 33
0.0
 40
0.0
 40
0.0
 40
0.0
 40
0.0
 40
1.0
 40
1.0
 40
1.0
 40
1.0
 10
-12.14622132848396
 20
-14.92133964579777
 30
0.0
 10
-12.41353762502379
 20
-14.53055968385403
 30
0.0
 10
-12.9301534550545
 20
-14.32860738842833
 30
0.0
 10
-13.39162381509732
 20
-14.43449453521417
 30
0.0
  0
SPLINE
  5
99
330
1F
100
AcDbEntity
  8
LAYER_1
 62
     7
100
AcDbSpline
210
0.0
220
0.0
230
1.0
 70
     8
 71
     3
 72
    23
 73
    19
 74
     0
 42
0.0000000001
 43
0.0000000001
 12
1.0
 22
0.0
 32
0.0
 13
1.0
 23
0.0
 33
0.0
 40
0.0
 40
0.0
 40
0.0
 40
0.0
 40
1.0
 40
1.0
 40
1.0
 40
2.0
 40
2.0
 40
2.0
 40
3.0
 40
3.0
 40
3.0
 40
4.0
 40
4.0
 40
4.0
 40
5.0
 40
5.0
 40
5.0
 40
6.0
 40
6.0
 40
6.0
 40
6.0
 10
-15.10112617796598
 20
-14.69254178249528
 30
0.0
 10
-14.83722619217153
 20
-14.47091543486527
 30
0.0
 10
-14.56141553537167
 20
-14.24297523489556
 30
0.0
 10
-14.22795753468694
 20
-14.15598556743195
 30
0.0
 10
-14.01122097510333
 20
-14.09944518590987
 30
0.0
 10
-13.78276120014791
 20
-14.10632311403027
 30
0.0
 10
-13.56317286578092
 20
-14.06213584499889
 30
0.0
 10
-13.35642769543488
 20
-14.02053297593751
 30
0.0
 10
-13.16013204031688
 20
-13.93418030198167
 30
0.0
 10
-12.95195046550059
 20
-13.90049357001069
 30
0.0
 10
-12.6963940833151
 20
-13.85914092193396
 30
0.0
 10
-12.42807567326381
 20
-13.90080416967764
 30
0.0
 10
-12.19709208593013
 20
-14.01770450457793
 30
0.0
 10
-11.99158555144094
 20
-14.12171088501916
 30
0.0
 10
-11.81654876187084
 20
-14.28240499582416
 30
0.0
 10
-11.60282854228598
 20
-14.36827658949457
 30
0.0
 10
-11.44758059002313
 20
-14.43065428551805
 30
0.0
 10
-11.27709152076783
 20
-14.45072569539793
 30
0.0
 10
-11.11021264974506
 20
-14.43871154142279
 30
0.0
  0
SPLINE
  5
9A
330
1F
100
AcDbEntity
  8
LAYER_1
 62
     7
100
AcDbSpline
210
0.0
220
0.0
230
1.0
 70
     8
 71
     3
 72
    29
 73
    25
 74
     0
 42
0.0000000001
 43
0.0000000001
 12
1.0
 22
0.0
 32
0.0
 13
1.0
 23
0.0
 33
0.0
 40
0.0
 40
0.0
 40
0.0
 40
0.0
 40
1.0
 40
1.0
 40
1.0
 40
2.0
 40
2.0
 40
2.0
 40
3.0
 40
3.0
 40
3.0
 40
4.0
 40
4.0
 40
4.0
 40
5.0
 40
5.0
 40
5.0
 40
6.0
 40
6.0
 40
6.0
 40
7.0
 40
7.0
 40
7.0
 40
8.0
 40
8.0
 40
8.0
 40
8.0
 10
-13.77435662687525
 20
-13.54698506548056
 30
0.0
 10
-13.51623623018827
 20
-13.41724244499515
 30
0.0
 10
-13.25092153854987
 20
-13.29610132862808
 30
0.0
 10
-12.96909772661661
 20
-13.23258262442475
 30
0.0
 10
-12.68727391468336
 20
-13.16906392022143
 30
0.0
 10
-12.38554775637729
 20
-13.166071932015
 30
0.0
 10
-12.11560652801211
 20
-13.26898461337621
 30
0.0
 10
-11.70057061316389
 20
-13.42721334636333
 30
0.0
 10
-11.38606563554615
 20
-13.82165397424243
 30
0.0
 10
-10.94713624394913
 20
-13.88971373879041
 30
0.0
 10
-10.71046485684517
 20
-13.92641172103443
 30
0.0
 10
-10.47155197154355
 20
-13.86122699806217
 30
0.0
 10
-10.23809423077253
 20
-13.80777067746501
 30
0.0
 10
-9.916697962585431
 20
-13.73417850778734
 30
0.0
 10
-9.600356321729906
 20
-13.71696302748809
 30
0.0
 10
-9.300954989372181
 20
-13.87010168120158
 30
0.0
 10
-9.040621941392398
 20
-14.00325757657055
 30
0.0
 10
-8.804641581543642
 20
-14.20991593093054
 30
0.0
 10
-8.506642807130623
 20
-14.25314997675196
 30
0.0
 10
-8.319544625932798
 20
-14.28029447994721
 30
0.0
 10
-8.129453891972906
 20
-14.23674606860709
 30
0.0
 10
-7.949230938472927
 20
-14.1796300197814
 30
0.0
 10
-6.972382300312334
 20
-13.87004820215447
 30
0.0
 10
-6.135057293473892
 20
-13.15871867752644
 30
0.0
 10
-5.122853241120715
 20
-12.99897797050016
 30
0.0
  0
SPLINE
  5
9B
330
1F
100
AcDbEntity
  8
LAYER_1
 62
     7
100
AcDbSpline
210
0.0
220
0.0
230
1.0
 70
     8
 71
     3
 72
    14
 73
    10
 74
     0
 42
0.0000000001
 43
0.0000000001
 12
1.0
 22
0.0
 32
0.0
 13
1.0
 23
0.0
 33
0.0
 40
0.0
 40
0.0
 40
0.0
 40
0.0
 40
1.0
 40
1.0
 40
1.0
 40
2.0
 40
2.0
 40
2.0
 40
3.0
 40
3.0
 40
3.0
 40
3.0
 10
-1.830181338662277
 20
-13.50250457884529
 30
0.0
 10
-2.241143023857186
 20
-13.22541077816474
 30
0.0
 10
-2.755169892974916
 20
-13.15702548787517
 30
0.0
 10
-3.249714800465224
 20
-13.12392238304758
 30
0.0
 10
-3.634309298384689
 20
-13.09817903332227
 30
0.0
 10
-4.02185879539939
 20
-13.08926821741769
 30
0.0
 10
-4.404086417325654
 20
-13.13904461019666
 30
0.0
 10
-4.78631403925192
 20
-13.18882100297563
 30
0.0
 10
-5.164599716291806
 20
-13.29912610999531
 30
0.0
 10
-5.494318492580583
 20
-13.49877874034145
 30
0.0
  0
SPLINE
  5
9C
330
1F
100
AcDbEntity
  8
LAYER_1
 62
     7
100
AcDbSpline
210
0.0
220
0.0
230
1.0
 70
     8
 71
     3
 72
    20
 73
    16
 74
     0
 42
0.0000000001
 43
0.0000000001
 12
1.0
 22
0.0
 32
0.0
 13
1.0
 23
0.0
 33
0.0
 40
0.0
 40
0.0
 40
0.0
 40
0.0
 40
1.0
 40
1.0
 40
1.0
 40
2.0
 40
2.0
 40
2.0
 40
3.0
 40
3.0
 40
3.0
 40
4.0
 40
4.0
 40
4.0
 40
5.0
 40
5.0
 40
5.0
 40
5.0
 10
-4.247141970897865
 20
-12.73472168858818
 30
0.0
 10
-3.711174826319557
 20
-12.58860287954328
 30
0.0
 10
-3.156860220214766
 20
-12.51042131034774
 30
0.0
 10
-2.601455204689058
 20
-12.50098649935972
 30
0.0
 10
-2.098010590284578
 20
-12.49243436388623
 30
0.0
 10
-1.599311778579527
 20
-12.52225184776689
 30
0.0
 10
-1.113540510816771
 20
-12.66377915124028
 30
0.0
 10
-0.5825894733310911
 20
-12.8184693884033
 30
0.0
 10
-0.066972674524234
 20
-13.06054517535161
 30
0.0
 10
0.4084426684588859
 20
-13.34147411877024
 30
0.0
 10
1.118183608860957
 20
-13.76086902354033
 30
0.0
 10
1.661635391151359
 20
-14.38446477525208
 30
0.0
 10
2.335770042082079
 20
-14.85142730581639
 30
0.0
 10
2.821472648017725
 20
-15.18786590551791
 30
0.0
 10
3.413855726869037
 20
-15.42734454310943
 30
0.0
 10
3.996543895507178
 20
-15.32950564025944
 30
0.0
  0
SPLINE
  5
9D
330
1F
100
AcDbEntity
  8
LAYER_1
 62
     7
100
AcDbSpline
210
0.0
220
0.0
230
1.0
 70
     8
 71
     3
 72
    14
 73
    10
 74
     0
 42
0.0000000001
 43
0.0000000001
 12
1.0
 22
0.0
 32
0.0
 13
1.0
 23
0.0
 33
0.0
 40
0.0
 40
0.0
 40
0.0
 40
0.0
 40
1.0
 40
1.0
 40
1.0
 40
2.0
 40
2.0
 40
2.0
 40
3.0
 40
3.0
 40
3.0
 40
3.0
 10
7.427674515477393
 20
-16.62838959150152
 30
0.0
 10
7.177657934919958
 20
-16.68400845028625
 30
0.0
 10
6.914522756471696
 20
-16.61723618829529
 30
0.0
 10
6.683318895169704
 20
-16.50702492514486
 30
0.0
 10
6.452115033867711
 20
-16.39681366199458
 30
0.0
 10
6.243849226937199
 20
-16.24460201077848
 30
0.0
 10
6.022719343421664
 20
-16.11536067597209
 30
0.0
 10
5.373363497823877
 20
-15.73583869004291
 30
0.0
 10
4.607427897945172
 20
-15.5590343815561
 30
0.0
 10
3.857422859859904
 20
-15.61553562095209
 30
0.0
  0
SPLINE
  5
9E
330
1F
100
AcDbEntity
  8
LAYER_1
 62
     7
100
AcDbSpline
210
0.0
220
0.0
230
1.0
 70
     8
 71
     3
 72
     8
 73
     4
 74
     0
 42
0.0000000001
 43
0.0000000001
 12
1.0
 22
0.0
 32
0.0
 13
1.0
 23
0.0
 33
0.0
 40
0.0
 40
0.0
 40
0.0
 40
0.0
 40
1.0
 40
1.0
 40
1.0
 40
1.0
 10
7.916183330896047
 20
-19.08994899012277
 30
0.0
 10
8.047185502994958
 20
-18.73571064812682
 30
0.0
 10
8.318189587134004
 20
-18.4354244904493
 30
0.0
 10
8.657177394110526
 20
-18.26889029349306
 30
0.0
  0
SPLINE
  5
9F
330
1F
100
AcDbEntity
  8
LAYER_1
 62
     7
100
AcDbSpline
210
0.0
220
0.0
230
1.0
 70
     8
 71
     3
 72
    17
 73
    13
 74
     0
 42
0.0000000001
 43
0.0000000001
 12
1.0
 22
0.0
 32
0.0
 13
1.0
 23
0.0
 33
0.0
 40
0.0
 40
0.0
 40
0.0
 40
0.0
 40
1.0
 40
1.0
 40
1.0
 40
2.0
 40
2.0
 40
2.0
 40
3.0
 40
3.0
 40
3.0
 40
4.0
 40
4.0
 40
4.0
 40
4.0
 10
-1.488607833369403
 20
-21.30096743892571
 30
0.0
 10
-1.341404966268114
 20
-20.90598383354346
 30
0.0
 10
-0.9296460505089877
 20
-20.67233161527404
 30
0.0
 10
-0.5240287003080084
 20
-20.55763506859737
 30
0.0
 10
-0.118411350107029
 20
-20.4429385219207
 30
0.0
 10
0.3111027012660972
 20
-20.41267216615418
 30
0.0
 10
0.7025070158758934
 20
-20.2562004591
 30
0.0
 10
1.080127129235608
 20
-20.10523927998626
 30
0.0
 10
1.407887643178179
 20
-19.84212936910265
 30
0.0
 10
1.794548886820646
 20
-19.71611623466929
 30
0.0
 10
2.389257381955467
 20
-19.5223002207486
 30
0.0
 10
3.03491538559922
 20
-19.67632197890652
 30
0.0
 10
3.640957843785221
 20
-19.83109726879916
 30
0.0
  0
SPLINE
  5
A0
330
1F
100
AcDbEntity
  8
LAYER_1
 62
     7
100
AcDbSpline
210
0.0
220
0.0
230
1.0
 70
     8
 71
     3
 72
    17
 73
    13
 74
     0
 42
0.0000000001
 43
0.0000000001
 12
1.0
 22
0.0
 32
0.0
 13
1.0
 23
0.0
 33
0.0
 40
0.0
 40
0.0
 40
0.0
 40
0.0
 40
1.0
 40
1.0
 40
1.0
 40
2.0
 40
2.0
 40
2.0
 40
3.0
 40
3.0
 40
3.0
 40
4.0
 40
4.0
 40
4.0
 40
4.0
 10
-0.2356360509505748
 20
-21.91595660624165
 30
0.0
 10
-0.1412906572256058
 20
-21.60934996159388
 30
0.0
 10
0.1358099073294675
 20
-21.39493900297013
 30
0.0
 10
0.4212565178528014
 20
-21.24855280006833
 30
0.0
 10
0.7067031283761354
 20
-21.10216659716651
 30
0.0
 10
1.017681643697844
 20
-21.00112903153735
 30
0.0
 10
1.278394389719223
 20
-20.81421313622278
 30
0.0
 10
1.476494191404299
 20
-20.67218722448181
 30
0.0
 10
1.638194229867635
 20
-20.48563717291765
 30
0.0
 10
1.826492588611144
 20
-20.33085143862973
 30
0.0
 10
2.014790947354641
 20
-20.17606570434181
 30
0.0
 10
2.245442795373467
 20
-20.04966169065235
 30
0.0
 10
2.488780596882634
 20
-20.06386062727582
 30
0.0
  0
SPLINE
  5
A1
330
1F
100
AcDbEntity
  8
LAYER_1
 62
     7
100
AcDbSpline
210
0.0
220
0.0
230
1.0
 70
     8
 71
     3
 72
     8
 73
     4
 74
     0
 42
0.0000000001
 43
0.0000000001
 12
1.0
 22
0.0
 32
0.0
 13
1.0
 23
0.0
 33
0.0
 40
0.0
 40
0.0
 40
0.0
 40
0.0
 40
1.0
 40
1.0
 40
1.0
 40
1.0
 10
2.039686665948466
 20
-20.67518841231807
 30
0.0
 10
2.495622029545466
 20
-20.63001140217597
 30
0.0
 10
2.93742403534524
 20
-20.45049477770029
 30
0.0
 10
3.29565224395262
 20
-20.16485414931958
 30
0.0
  0
SPLINE
  5
A2
330
1F
100
AcDbEntity
  8
LAYER_1
 62
     7
100
AcDbSpline
210
0.0
220
0.0
230
1.0
 70
     8
 71
     3
 72
     8
 73
     4
 74
     0
 42
0.0000000001
 43
0.0000000001
 12
1.0
 22
0.0
 32
0.0
 13
1.0
 23
0.0
 33
0.0
 40
0.0
 40
0.0
 40
0.0
 40
0.0
 40
1.0
 40
1.0
 40
1.0
 40
1.0
 10
1.884259559746574
 20
-21.96527452469556
 30
0.0
 10
2.606405948027057
 20
-21.16105882381445
 30
0.0
 10
3.591998087872942
 20
-20.59736771556042
 30
0.0
 10
4.651326605839737
 20
-20.38270195053805
 30
0.0
  0
SPLINE
  5
A3
330
1F
100
AcDbEntity
  8
LAYER_1
 62
     7
100
AcDbSpline
210
0.0
220
0.0
230
1.0
 70
     8
 71
     3
 72
    14
 73
    10
 74
     0
 42
0.0000000001
 43
0.0000000001
 12
1.0
 22
0.0
 32
0.0
 13
1.0
 23
0.0
 33
0.0
 40
0.0
 40
0.0
 40
0.0
 40
0.0
 40
1.0
 40
1.0
 40
1.0
 40
2.0
 40
2.0
 40
2.0
 40
3.0
 40
3.0
 40
3.0
 40
3.0
 10
4.103796787633883
 20
-19.97976825329889
 30
0.0
 10
4.556438331789043
 20
-20.14184774051791
 30
0.0
 10
5.058546270215528
 20
-20.08821169838582
 30
0.0
 10
5.524927689544433
 20
-19.97141058804388
 30
0.0
 10
5.991309108873338
 20
-19.85460947770194
 30
0.0
 10
6.44257861674027
 20
-19.6770674596925
 30
0.0
 10
6.915836296930087
 20
-19.59232493309736
 30
0.0
 10
7.724864967413623
 20
-19.44745831568846
 30
0.0
 10
8.58204749904601
 20
-19.58763279507333
 30
0.0
 10
9.302787537416002
 20
-19.98266131557986
 30
0.0
  0
SPLINE
  5
A4
330
1F
100
AcDbEntity
  8
LAYER_1
 62
     7
100
AcDbSpline
210
0.0
220
0.0
230
1.0
 70
     8
 71
     3
 72
    17
 73
    13
 74
     0
 42
0.0000000001
 43
0.0000000001
 12
1.0
 22
0.0
 32
0.0
 13
1.0
 23
0.0
 33
0.0
 40
0.0
 40
0.0
 40
0.0
 40
0.0
 40
1.0
 40
1.0
 40
1.0
 40
2.0
 40
2.0
 40
2.0
 40
3.0
 40
3.0
 40
3.0
 40
4.0
 40
4.0
 40
4.0
 40
4.0
 10
8.337191658856682
 20
-20.40851674057944
 30
0.0
 10
8.09959589952829
 20
-20.24991414744765
 30
0.0
 10
7.774962204261454
 20
-20.30307567636527
 30
0.0
 10
7.521097079859929
 20
-20.43406814184153
 30
0.0
 10
7.267231955458404
 20
-20.56506060731777
 30
0.0
 10
7.053848235381767
 20
-20.76339358832749
 30
0.0
 10
6.804860713352455
 20
-20.90343551516596
 30
0.0
 10
6.414272601086572
 20
-21.12312032187957
 30
0.0
 10
5.958698698059227
 20
-21.18818166186651
 30
0.0
 10
5.531011314970505
 20
-21.3219874538364
 30
0.0
 10
5.103323931881757
 20
-21.45579324580639
 30
0.0
 10
4.666227238886121
 20
-21.6941445605904
 30
0.0
 10
4.494299957483514
 20
-22.10798208610916
 30
0.0
  0
SPLINE
  5
A5
330
1F
100
AcDbEntity
  8
LAYER_1
 62
     7
100
AcDbSpline
210
0.0
220
0.0
230
1.0
 70
     8
 71
     3
 72
    14
 73
    10
 74
     0
 42
0.0000000001
 43
0.0000000001
 12
1.0
 22
0.0
 32
0.0
 13
1.0
 23
0.0
 33
0.0
 40
0.0
 40
0.0
 40
0.0
 40
0.0
 40
1.0
 40
1.0
 40
1.0
 40
2.0
 40
2.0
 40
2.0
 40
3.0
 40
3.0
 40
3.0
 40
3.0
 10
6.817313679894065
 20
-20.17193870261735
 30
0.0
 10
6.231534689698996
 20
-20.49105798153849
 30
0.0
 10
5.606725787042958
 20
-20.73845186713346
 30
0.0
 10
4.961265876824124
 20
-20.90684320845889
 30
0.0
 10
4.605642942600095
 20
-20.99961986803348
 30
0.0
 10
4.23980823186082
 20
-21.06993326529472
 30
0.0
 10
3.910323937072563
 20
-21.23276836573235
 30
0.0
 10
3.580839642284293
 20
-21.39560346616986
 30
0.0
 10
3.28408116331957
 20
-21.67095902055543
 30
0.0
 10
3.199612358561707
 20
-22.02864630222681
 30
0.0
  0
SPLINE
  5
A6
330
1F
100
AcDbEntity
  8
LAYER_1
 62
     7
100
AcDbSpline
210
0.0
220
0.0
230
1.0
 70
     8
 71
     3
 72
    20
 73
    16
 74
     0
 42
0.0000000001
 43
0.0000000001
 12
1.0
 22
0.0
 32
0.0
 13
1.0
 23
0.0
 33
0.0
 40
0.0
 40
0.0
 40
0.0
 40
0.0
 40
1.0
 40
1.0
 40
1.0
 40
2.0
 40
2.0
 40
2.0
 40
3.0
 40
3.0
 40
3.0
 40
4.0
 40
4.0
 40
4.0
 40
5.0
 40
5.0
 40
5.0
 40
5.0
 10
7.954575951751242
 20
-21.230891754645
 30
0.0
 10
8.601991752261938
 20
-20.80910971265126
 30
0.0
 10
9.290994106573255
 20
-20.45571813845416
 30
0.0
 10
9.978559840096901
 20
-20.10315513446292
 30
0.0
 10
10.7035001785421
 20
-19.7314275717725
 30
0.0
 10
11.46156323313706
 20
-19.35106646427319
 30
0.0
 10
12.27617076262562
 20
-19.33947133566693
 30
0.0
 10
12.85559538258614
 20
-19.33122389153388
 30
0.0
 10
13.44222793248036
 20
-19.5113905740782
 30
0.0
 10
14.00732547315222
 20
-19.38307198757709
 30
0.0
 10
14.53697866487639
 20
-19.26280195461903
 30
0.0
 10
14.96624743891584
 20
-18.89041036943179
 30
0.0
 10
15.43118332875749
 20
-18.60963997554265
 30
0.0
 10
16.39508847753778
 20
-18.02754677972472
 30
0.0
 10
17.58383104091402
 20
-17.82931277227514
 30
0.0
 10
18.68446312172596
 20
-18.06712496577014
 30
0.0
  0
SPLINE
  5
A7
330
1F
100
AcDbEntity
  8
LAYER_1
 62
     7
100
AcDbSpline
210
0.0
220
0.0
230
1.0
 70
     8
 71
     3
 72
    17
 73
    13
 74
     0
 42
0.0000000001
 43
0.0000000001
 12
1.0
 22
0.0
 32
0.0
 13
1.0
 23
0.0
 33
0.0
 40
0.0
 40
0.0
 40
0.0
 40
0.0
 40
1.0
 40
1.0
 40
1.0
 40
2.0
 40
2.0
 40
2.0
 40
3.0
 40
3.0
 40
3.0
 40
4.0
 40
4.0
 40
4.0
 40
4.0
 10
22.35817085566694
 20
-18.65460913113901
 30
0.0
 10
21.28409155329152
 20
-18.37460974408443
 30
0.0
 10
20.14809277224001
 20
-18.09444684874721
 30
0.0
 10
19.07982959006181
 20
-18.39587640626445
 30
0.0
 10
18.54646260835041
 20
-18.54637536823791
 30
0.0
 10
18.05675220801431
 20
-18.83672609439736
 30
0.0
 10
17.51398058260972
 20
-18.94866018258583
 30
0.0
 10
17.09414280147929
 20
-19.03524209507304
 30
0.0
 10
16.6606839730375
 20
-19.01131884827777
 30
0.0
 10
16.23227196648612
 20
-19.02626363870624
 30
0.0
 10
15.80385995993472
 20
-19.04120842913471
 30
0.0
 10
15.36036500510487
 20
-19.10119915500541
 30
0.0
 10
14.99942036222374
 20
-19.33245476876181
 30
0.0
  0
SPLINE
  5
A8
330
1F
100
AcDbEntity
  8
LAYER_1
 62
     7
100
AcDbSpline
210
0.0
220
0.0
230
1.0
 70
     8
 71
     3
 72
     8
 73
     4
 74
     0
 42
0.0000000001
 43
0.0000000001
 12
1.0
 22
0.0
 32
0.0
 13
1.0
 23
0.0
 33
0.0
 40
0.0
 40
0.0
 40
0.0
 40
0.0
 40
1.0
 40
1.0
 40
1.0
 40
1.0
 10
8.684710822039328
 20
-21.74253840917082
 30
0.0
 10
9.419099433135973
 20
-21.01657214555722
 30
0.0
 10
10.45091880717331
 20
-20.60089772784194
 30
0.0
 10
11.48346591979056
 20
-20.61504368978666
 30
0.0
  0
SPLINE
  5
A9
330
1F
100
AcDbEntity
  8
LAYER_1
 62
     7
100
AcDbSpline
210
0.0
220
0.0
230
1.0
 70
     8
 71
     3
 72
     8
 73
     4
 74
     0
 42
0.0000000001
 43
0.0000000001
 12
1.0
 22
0.0
 32
0.0
 13
1.0
 23
0.0
 33
0.0
 40
0.0
 40
0.0
 40
0.0
 40
0.0
 40
1.0
 40
1.0
 40
1.0
 40
1.0
 10
10.39429484613164
 20
-20.18271048307793
 30
0.0
 10
11.14713215496151
 20
-19.99129981165513
 30
0.0
 10
11.92920962019419
 20
-19.91534220909903
 30
0.0
 10
12.70481010859733
 20
-19.95830662564918
 30
0.0
  0
SPLINE
  5
AA
330
1F
100
AcDbEntity
  8
LAYER_1
 62
     7
100
AcDbSpline
210
0.0
220
0.0
230
1.0
 70
     8
 71
     3
 72
    17
 73
    13
 74
     0
 42
0.0000000001
 43
0.0000000001
 12
1.0
 22
0.0
 32
0.0
 13
1.0
 23
0.0
 33
0.0
 40
0.0
 40
0.0
 40
0.0
 40
0.0
 40
1.0
 40
1.0
 40
1.0
 40
2.0
 40
2.0
 40
2.0
 40
3.0
 40
3.0
 40
3.0
 40
4.0
 40
4.0
 40
4.0
 40
4.0
 10
12.21105755562545
 20
-20.48610482449804
 30
0.0
 10
12.46537142336893
 20
-20.63913679356723
 30
0.0
 10
12.7944708974641
 20
-20.59761411370778
 30
0.0
 10
13.06932581564635
 20
-20.48559134443806
 30
0.0
 10
13.34418073382858
 20
-20.37356857516847
 30
0.0
 10
13.58973575355786
 20
-20.19863440645069
 30
0.0
 10
13.86379912414711
 20
-20.08468882389014
 30
0.0
 10
14.2317695448225
 20
-19.93169987696431
 30
0.0
 10
14.63545287271667
 20
-19.89449904389458
 30
0.0
 10
15.02689461978222
 20
-19.81979155646612
 30
0.0
 10
15.41833636684777
 20
-19.74508406903778
 30
0.0
 10
15.82040320827223
 20
-19.62101103685707
 30
0.0
 10
16.10060935804015
 20
-19.33765196490791
 30
0.0
  0
SPLINE
  5
AB
330
1F
100
AcDbEntity
  8
LAYER_1
 62
     7
100
AcDbSpline
210
0.0
220
0.0
230
1.0
 70
     8
 71
     3
 72
     8
 73
     4
 74
     0
 42
0.0000000001
 43
0.0000000001
 12
1.0
 22
0.0
 32
0.0
 13
1.0
 23
0.0
 33
0.0
 40
0.0
 40
0.0
 40
0.0
 40
0.0
 40
1.0
 40
1.0
 40
1.0
 40
1.0
 10
17.47036534406751
 20
-19.25247188513498
 30
0.0
 10
16.99440383631943
 20
-19.37679623419957
 30
0.0
 10
16.55722431322056
 20
-19.6456792285982
 30
0.0
 10
16.23156612876679
 20
-20.01438323932555
 30
0.0
  0
SPLINE
  5
AC
330
1F
100
AcDbEntity
  8
LAYER_1
 62
     7
100
AcDbSpline
210
0.0
220
0.0
230
1.0
 70
     8
 71
     3
 72
     8
 73
     4
 74
     0
 42
0.0000000001
 43
0.0000000001
 12
1.0
 22
0.0
 32
0.0
 13
1.0
 23
0.0
 33
0.0
 40
0.0
 40
0.0
 40
0.0
 40
0.0
 40
1.0
 40
1.0
 40
1.0
 40
1.0
 10
19.80134643953736
 20
-18.5485881419886
 30
0.0
 10
19.09215697217279
 20
-18.7022798907979
 30
0.0
 10
18.42930081945304
 20
-19.06376489086875
 30
0.0
 10
17.91603922643652
 20
-19.5767301834636
 30
0.0
  0
SPLINE
  5
AD
330
1F
100
AcDbEntity
  8
LAYER_1
 62
     7
100
AcDbSpline
210
0.0
220
0.0
230
1.0
 70
     8
 71
     3
 72
     8
 73
     4
 74
     0
 42
0.0000000001
 43
0.0000000001
 12
1.0
 22
0.0
 32
0.0
 13
1.0
 23
0.0
 33
0.0
 40
0.0
 40
0.0
 40
0.0
 40
0.0
 40
1.0
 40
1.0
 40
1.0
 40
1.0
 10
21.51975367377695
 20
-19.00891922936542
 30
0.0
 10
20.7005055721975
 20
-18.67827892509973
 30
0.0
 10
19.69274493692417
 20
-18.88358491778457
 30
0.0
 10
19.06814160465804
 20
-19.50837379418084
 30
0.0
  0
SPLINE
  5
AE
330
1F
100
AcDbEntity
  8
LAYER_1
 62
     7
100
AcDbSpline
210
0.0
220
0.0
230
1.0
 70
     8
 71
     3
 72
    11
 73
     7
 74
     0
 42
0.0000000001
 43
0.0000000001
 12
1.0
 22
0.0
 32
0.0
 13
1.0
 23
0.0
 33
0.0
 40
0.0
 40
0.0
 40
0.0
 40
0.0
 40
1.0
 40
1.0
 40
1.0
 40
2.0
 40
2.0
 40
2.0
 40
2.0
 10
11.27262980230522
 20
-21.92489552384167
 30
0.0
 10
11.71485718096516
 20
-21.27533099525054
 30
0.0
 10
12.50122124998216
 20
-20.95765433398153
 30
0.0
 10
13.26103313781227
 20
-20.757192301785
 30
0.0
 10
14.02084502564235
 20
-20.55673026958862
 30
0.0
 10
14.81933568262083
 20
-20.4300951347225
 30
0.0
 10
15.48997059450054
 20
-20.02052469364013
 30
0.0
  0
SPLINE
  5
AF
330
1F
100
AcDbEntity
  8
LAYER_1
 62
     7
100
AcDbSpline
210
0.0
220
0.0
230
1.0
 70
     8
 71
     3
 72
    11
 73
     7
 74
     0
 42
0.0000000001
 43
0.0000000001
 12
1.0
 22
0.0
 32
0.0
 13
1.0
 23
0.0
 33
0.0
 40
0.0
 40
0.0
 40
0.0
 40
0.0
 40
1.0
 40
1.0
 40
1.0
 40
2.0
 40
2.0
 40
2.0
 40
2.0
 10
15.07359222001153
 20
-20.73170049768027
 30
0.0
 10
14.68996774358973
 20
-21.05813915308194
 30
0.0
 10
14.17961661345041
 20
-21.18239863117694
 30
0.0
 10
13.69238851729377
 20
-21.31022162193348
 30
0.0
 10
13.20516042113715
 20
-21.43804461269014
 30
0.0
 10
12.69665918294496
 20
-21.59380335385125
 30
0.0
 10
12.35096131689738
 20
-21.96016781727611
 30
0.0
  0
SPLINE
  5
B0
330
1F
100
AcDbEntity
  8
LAYER_1
 62
     7
100
AcDbSpline
210
0.0
220
0.0
230
1.0
 70
     8
 71
     3
 72
    14
 73
    10
 74
     0
 42
0.0000000001
 43
0.0000000001
 12
1.0
 22
0.0
 32
0.0
 13
1.0
 23
0.0
 33
0.0
 40
0.0
 40
0.0
 40
0.0
 40
0.0
 40
1.0
 40
1.0
 40
1.0
 40
2.0
 40
2.0
 40
2.0
 40
3.0
 40
3.0
 40
3.0
 40
3.0
 10
19.12389518589806
 20
-21.066311936585
 30
0.0
 10
19.61355179732166
 20
-20.45161841023347
 30
0.0
 10
20.13501600824151
 20
-19.81240830509917
 30
0.0
 10
20.86158636197971
 20
-19.51289661998792
 30
0.0
 10
21.27957335357819
 20
-19.34059128996362
 30
0.0
 10
21.73677971257765
 20
-19.29399815321904
 30
0.0
 10
22.17662523298236
 20
-19.18941248965666
 30
0.0
 10
22.61647075338709
 20
-19.08482682609444
 30
0.0
 10
23.06567047630013
 20
-18.9037629324275
 30
0.0
 10
23.33676457630445
 20
-18.54194774232931
 30
0.0
  0
SPLINE
  5
B1
330
1F
100
AcDbEntity
  8
LAYER_1
 62
     7
100
AcDbSpline
210
0.0
220
0.0
230
1.0
 70
     8
 71
     3
 72
    26
 73
    22
 74
     0
 42
0.0000000001
 43
0.0000000001
 12
1.0
 22
0.0
 32
0.0
 13
1.0
 23
0.0
 33
0.0
 40
0.0
 40
0.0
 40
0.0
 40
0.0
 40
1.0
 40
1.0
 40
1.0
 40
2.0
 40
2.0
 40
2.0
 40
3.0
 40
3.0
 40
3.0
 40
4.0
 40
4.0
 40
4.0
 40
5.0
 40
5.0
 40
5.0
 40
6.0
 40
6.0
 40
6.0
 40
7.0
 40
7.0
 40
7.0
 40
7.0
 10
22.82120543374291
 20
-18.37903333786943
 30
0.0
 10
23.26136960680654
 20
-18.32788021363389
 30
0.0
 10
23.60021780497333
 20
-17.9699475915211
 30
0.0
 10
23.8483446102814
 20
-17.60280425458639
 30
0.0
 10
24.09647141558945
 20
-17.23566091765181
 30
0.0
 10
24.30608780211221
 20
-16.82532837173625
 30
0.0
 10
24.66161378036097
 20
-16.56082426938959
 30
0.0
 10
25.37375868092653
 20
-16.03100275820513
 30
0.0
 10
26.4450941296221
 20
-16.24448616245278
 30
0.0
 10
27.16108733961945
 20
-15.7198768359843
 30
0.0
 10
27.51207756695306
 20
-15.46270581871542
 30
0.0
 10
27.7265383771657
 20
-15.06251816067889
 30
0.0
 10
28.02815874576403
 20
-14.74890019397402
 30
0.0
 10
28.3044212985243
 20
-14.46164870031139
 30
0.0
 10
28.64916542079931
 20
-14.25166815205792
 30
0.0
 10
28.96596926785277
 20
-14.00986298490375
 30
0.0
 10
29.4880176181307
 20
-13.61140194868833
 30
0.0
 10
29.93708038311388
 20
-13.12382745593325
 30
0.0
 10
30.4601700513304
 20
-12.72673442401489
 30
0.0
 10
30.98325971954707
 20
-12.32964139209654
 30
0.0
 10
31.61356927423862
 20
-12.01877421230473
 30
0.0
 10
32.26911461916764
 20
-12.05834664885942
 30
0.0
  0
SPLINE
  5
B2
330
1F
100
AcDbEntity
  8
LAYER_1
 62
     7
100
AcDbSpline
210
0.0
220
0.0
230
1.0
 70
     8
 71
     3
 72
     8
 73
     4
 74
     0
 42
0.0000000001
 43
0.0000000001
 12
1.0
 22
0.0
 32
0.0
 13
1.0
 23
0.0
 33
0.0
 40
0.0
 40
0.0
 40
0.0
 40
0.0
 40
1.0
 40
1.0
 40
1.0
 40
1.0
 10
32.49499023914639
 20
-12.97431523885744
 30
0.0
 10
31.46544571902862
 20
-13.0739622596938
 30
0.0
 10
30.46184308063918
 20
-13.43133922699465
 30
0.0
 10
29.60103367912542
 20
-14.00483606389263
 30
0.0
  0
SPLINE
  5
B3
330
1F
100
AcDbEntity
  8
LAYER_1
 62
     7
100
AcDbSpline
210
0.0
220
0.0
230
1.0
 70
     8
 71
     3
 72
    11
 73
     7
 74
     0
 42
0.0000000001
 43
0.0000000001
 12
1.0
 22
0.0
 32
0.0
 13
1.0
 23
0.0
 33
0.0
 40
0.0
 40
0.0
 40
0.0
 40
0.0
 40
1.0
 40
1.0
 40
1.0
 40
2.0
 40
2.0
 40
2.0
 40
2.0
 10
32.27290622477722
 20
-13.38082723646524
 30
0.0
 10
31.93463180004679
 20
-13.40092445286362
 30
0.0
 10
31.64008644948194
 20
-13.60935032999477
 30
0.0
 10
31.37300086630042
 20
-13.81791393130192
 30
0.0
 10
31.10591528311887
 20
-14.02647753260903
 30
0.0
 10
30.82981301135123
 20
-14.25050707208235
 30
0.0
 10
30.49650976616113
 20
-14.31168248609346
 30
0.0
  0
SPLINE
  5
B4
330
1F
100
AcDbEntity
  8
LAYER_1
 62
     7
100
AcDbSpline
210
0.0
220
0.0
230
1.0
 70
     8
 71
     3
 72
     8
 73
     4
 74
     0
 42
0.0000000001
 43
0.0000000001
 12
1.0
 22
0.0
 32
0.0
 13
1.0
 23
0.0
 33
0.0
 40
0.0
 40
0.0
 40
0.0
 40
0.0
 40
1.0
 40
1.0
 40
1.0
 40
1.0
 10
30.01613330032097
 20
-14.23019138951529
 30
0.0
 10
29.24658890921152
 20
-14.3345061828439
 30
0.0
 10
28.5136755319875
 20
-14.69313426268124
 30
0.0
 10
27.95908572017902
 20
-15.23674284119486
 30
0.0
  0
SPLINE
  5
B5
330
1F
100
AcDbEntity
  8
LAYER_1
 62
     7
100
AcDbSpline
210
0.0
220
0.0
230
1.0
 70
     8
 71
     3
 72
    11
 73
     7
 74
     0
 42
0.0000000001
 43
0.0000000001
 12
1.0
 22
0.0
 32
0.0
 13
1.0
 23
0.0
 33
0.0
 40
0.0
 40
0.0
 40
0.0
 40
0.0
 40
1.0
 40
1.0
 40
1.0
 40
2.0
 40
2.0
 40
2.0
 40
2.0
 10
32.07016058791957
 20
-13.90516359943154
 30
0.0
 10
31.57265850957487
 20
-14.6020296649436
 30
0.0
 10
30.67520273533111
 20
-14.87182109639611
 30
0.0
 10
29.83485433221404
 20
-15.03597100531596
 30
0.0
 10
28.99450592909708
 20
-15.20012091423597
 30
0.0
 10
28.10033662202042
 20
-15.32195140691361
 30
0.0
 10
27.42656598707307
 20
-15.85031090829721
 30
0.0
  0
SPLINE
  5
B6
330
1F
100
AcDbEntity
  8
LAYER_1
 62
     7
100
AcDbSpline
210
0.0
220
0.0
230
1.0
 70
     8
 71
     3
 72
     8
 73
     4
 74
     0
 42
0.0000000001
 43
0.0000000001
 12
1.0
 22
0.0
 32
0.0
 13
1.0
 23
0.0
 33
0.0
 40
0.0
 40
0.0
 40
0.0
 40
0.0
 40
1.0
 40
1.0
 40
1.0
 40
1.0
 10
24.83359288308348
 20
-16.9591272643743
 30
0.0
 10
25.97230905760764
 20
-16.9977303342879
 30
0.0
 10
27.11958343402276
 20
-16.75199898603569
 30
0.0
 10
28.14259155974554
 20
-16.25038250122376
 30
0.0
  0
SPLINE
  5
B7
330
1F
100
AcDbEntity
  8
LAYER_1
 62
     7
100
AcDbSpline
210
0.0
220
0.0
230
1.0
 70
     8
 71
     3
 72
    11
 73
     7
 74
     0
 42
0.0000000001
 43
0.0000000001
 12
1.0
 22
0.0
 32
0.0
 13
1.0
 23
0.0
 33
0.0
 40
0.0
 40
0.0
 40
0.0
 40
0.0
 40
1.0
 40
1.0
 40
1.0
 40
2.0
 40
2.0
 40
2.0
 40
2.0
 10
32.00277876780779
 20
-14.37851269229069
 30
0.0
 10
31.8985541901061
 20
-14.85167396597083
 30
0.0
 10
31.51198579955639
 20
-15.20414762309125
 30
0.0
 10
31.13452217517695
 20
-15.50790009761277
 30
0.0
 10
30.75705855079751
 20
-15.81165257213443
 30
0.0
 10
30.35009477557666
 20
-16.1233189102557
 30
0.0
 10
30.17314445860153
 20
-16.57435431776834
 30
0.0
  0
SPLINE
  5
B8
330
1F
100
AcDbEntity
  8
LAYER_1
 62
     7
100
AcDbSpline
210
0.0
220
0.0
230
1.0
 70
     8
 71
     3
 72
     8
 73
     4
 74
     0
 42
0.0000000001
 43
0.0000000001
 12
1.0
 22
0.0
 32
0.0
 13
1.0
 23
0.0
 33
0.0
 40
0.0
 40
0.0
 40
0.0
 40
0.0
 40
1.0
 40
1.0
 40
1.0
 40
1.0
 10
30.11157562762792
 20
-15.31953533833666
 30
0.0
 10
29.60913487550235
 20
-15.7016408418604
 30
0.0
 10
28.85561568706652
 20
-15.64170010133987
 30
0.0
 10
28.38884723588404
 20
-16.06664543688362
 30
0.0
  0
SPLINE
  5
B9
330
1F
100
AcDbEntity
  8
LAYER_1
 62
     7
100
AcDbSpline
210
0.0
220
0.0
230
1.0
 70
     8
 71
     3
 72
     8
 73
     4
 74
     0
 42
0.0000000001
 43
0.0000000001
 12
1.0
 22
0.0
 32
0.0
 13
1.0
 23
0.0
 33
0.0
 40
0.0
 40
0.0
 40
0.0
 40
0.0
 40
1.0
 40
1.0
 40
1.0
 40
1.0
 10
29.26927084212472
 20
-15.99429905911681
 30
0.0
 10
28.86325009651333
 20
-16.25588554489418
 30
0.0
 10
28.56336317031764
 20
-16.67738000772207
 30
0.0
 10
28.44934131106043
 20
-17.14671927842043
 30
0.0
  0
SPLINE
  5
BA
330
1F
100
AcDbEntity
  8
LAYER_1
 62
     7
100
AcDbSpline
210
0.0
220
0.0
230
1.0
 70
     8
 71
     3
 72
    17
 73
    13
 74
     0
 42
0.0000000001
 43
0.0000000001
 12
1.0
 22
0.0
 32
0.0
 13
1.0
 23
0.0
 33
0.0
 40
0.0
 40
0.0
 40
0.0
 40
0.0
 40
1.0
 40
1.0
 40
1.0
 40
2.0
 40
2.0
 40
2.0
 40
3.0
 40
3.0
 40
3.0
 40
4.0
 40
4.0
 40
4.0
 40
4.0
 10
27.27663547760555
 20
-22.15264607636487
 30
0.0
 10
27.9456682877054
 20
-21.74067627593152
 30
0.0
 10
28.49502007248444
 20
-21.15525472054888
 30
0.0
 10
28.94612549903751
 20
-20.51196014448472
 30
0.0
 10
29.39723092559042
 20
-19.86866556842056
 30
0.0
 10
29.75548612734903
 20
-19.16571170337236
 30
0.0
 10
30.1021039318575
 20
-18.46060170127556
 30
0.0
 10
30.32677103963541
 20
-18.00357108257445
 30
0.0
 10
30.54840346561001
 20
-17.54245503708848
 30
0.0
 10
30.83671764916736
 20
-17.12266076758583
 30
0.0
 10
31.12503183272459
 20
-16.70286649808319
 30
0.0
 10
31.48570346613458
 20
-16.32235323174513
 30
0.0
 10
31.93324506989971
 20
-16.07933304730166
 30
0.0
  0
SPLINE
  5
BB
330
1F
100
AcDbEntity
  8
LAYER_1
 62
     7
100
AcDbSpline
210
0.0
220
0.0
230
1.0
 70
     8
 71
     3
 72
     8
 73
     4
 74
     0
 42
0.0000000001
 43
0.0000000001
 12
1.0
 22
0.0
 32
0.0
 13
1.0
 23
0.0
 33
0.0
 40
0.0
 40
0.0
 40
0.0
 40
0.0
 40
1.0
 40
1.0
 40
1.0
 40
1.0
 10
29.41643913444154
 20
-17.27874487683501
 30
0.0
 10
27.86564416914444
 20
-18.5028131504343
 30
0.0
 10
26.9836588556704
 20
-20.49477570364138
 30
0.0
 10
25.26376482525304
 20
-21.46702705332306
 30
0.0
  0
SPLINE
  5
BC
330
1F
100
AcDbEntity
  8
LAYER_1
 62
     7
100
AcDbSpline
210
0.0
220
0.0
230
1.0
 70
     8
 71
     3
 72
     8
 73
     4
 74
     0
 42
0.0000000001
 43
0.0000000001
 12
1.0
 22
0.0
 32
0.0
 13
1.0
 23
0.0
 33
0.0
 40
0.0
 40
0.0
 40
0.0
 40
0.0
 40
1.0
 40
1.0
 40
1.0
 40
1.0
 10
27.23691632732708
 20
-17.0685898491975
 30
0.0
 10
26.83757291673515
 20
-17.58985107658193
 30
0.0
 10
26.45788544348862
 20
-18.1261704680425
 30
0.0
 10
26.09893171826527
 20
-18.67602558523777
 30
0.0
  0
SPLINE
  5
BD
330
1F
100
AcDbEntity
  8
LAYER_1
 62
     7
100
AcDbSpline
210
0.0
220
0.0
230
1.0
 70
     8
 71
     3
 72
     8
 73
     4
 74
     0
 42
0.0000000001
 43
0.0000000001
 12
1.0
 22
0.0
 32
0.0
 13
1.0
 23
0.0
 33
0.0
 40
0.0
 40
0.0
 40
0.0
 40
0.0
 40
1.0
 40
1.0
 40
1.0
 40
1.0
 10
25.68690484174082
 20
-18.46241864291568
 30
0.0
 10
25.29796132862083
 20
-19.25440866796362
 30
0.0
 10
24.82111460254487
 20
-20.00319065711068
 30
0.0
 10
24.26793759474723
 20
-20.69059188944708
 30
0.0
  0
SPLINE
  5
BE
330
1F
100
AcDbEntity
  8
LAYER_1
 62
     7
100
AcDbSpline
210
0.0
220
0.0
230
1.0
 70
     8
 71
     3
 72
     8
 73
     4
 74
     0
 42
0.0000000001
 43
0.0000000001
 12
1.0
 22
0.0
 32
0.0
 13
1.0
 23
0.0
 33
0.0
 40
0.0
 40
0.0
 40
0.0
 40
0.0
 40
1.0
 40
1.0
 40
1.0
 40
1.0
 10
23.62421815102696
 20
-20.03072866170542
 30
0.0
 10
23.15982778864347
 20
-20.78593084327457
 30
0.0
 10
22.58013889550193
 20
-21.47008744887666
 30
0.0
 10
21.91143718407791
 20
-22.05217572814346
 30
0.0
  0
SPLINE
  5
BF
330
1F
100
AcDbEntity
  8
LAYER_1
 62
     7
100
AcDbSpline
210
0.0
220
0.0
230
1.0
 70
     8
 71
     3
 72
    11
 73
     7
 74
     0
 42
0.0000000001
 43
0.0000000001
 12
1.0
 22
0.0
 32
0.0
 13
1.0
 23
0.0
 33
0.0
 40
0.0
 40
0.0
 40
0.0
 40
0.0
 40
1.0
 40
1.0
 40
1.0
 40
2.0
 40
2.0
 40
2.0
 40
2.0
 10
26.22308269067556
 20
-17.5701194069986
 30
0.0
 10
25.54585804546443
 20
-17.8093481772257
 30
0.0
 10
24.85158493163388
 20
-18.05824234080473
 30
0.0
 10
24.30670305770541
 20
-18.52618183267277
 30
0.0
 10
23.73425566416765
 20
-19.01779409831584
 30
0.0
 10
23.36771073256417
 20
-19.71775225859541
 30
0.0
 10
22.7831635936225
 20
-20.19491395785568
 30
0.0
  0
SPLINE
  5
C0
330
1F
100
AcDbEntity
  8
LAYER_1
 62
     7
100
AcDbSpline
210
0.0
220
0.0
230
1.0
 70
     8
 71
     3
 72
     8
 73
     4
 74
     0
 42
0.0000000001
 43
0.0000000001
 12
1.0
 22
0.0
 32
0.0
 13
1.0
 23
0.0
 33
0.0
 40
0.0
 40
0.0
 40
0.0
 40
0.0
 40
1.0
 40
1.0
 40
1.0
 40
1.0
 10
21.75934679476404
 20
-19.79804244635041
 30
0.0
 10
21.34777113278597
 20
-20.08693226833806
 30
0.0
 10
20.91051964007124
 20
-20.33922783186098
 30
0.0
 10
20.4544356052707
 20
-20.55098053663874
 30
0.0
  0
SPLINE
  5
C1
330
1F
100
AcDbEntity
  8
LAYER_1
 62
     7
100
AcDbSpline
210
0.0
220
0.0
230
1.0
 70
     8
 71
     3
 72
     8
 73
     4
 74
     0
 42
0.0000000001
 43
0.0000000001
 12
1.0
 22
0.0
 32
0.0
 13
1.0
 23
0.0
 33
0.0
 40
0.0
 40
0.0
 40
0.0
 40
0.0
 40
1.0
 40
1.0
 40
1.0
 40
1.0
 10
22.33357938647792
 20
-19.97715972001263
 30
0.0
 10
21.95716893901681
 20
-20.5183883981418
 30
0.0
 10
21.44470042351375
 20
-20.96420237165221
 30
0.0
 10
20.8565722531707
 20
-21.26205898520319
 30
0.0
  0
SPLINE
  5
C2
330
1F
100
AcDbEntity
  8
LAYER_1
 62
     7
100
AcDbSpline
210
0.0
220
0.0
230
1.0
 70
     8
 71
     3
 72
     8
 73
     4
 74
     0
 42
0.0000000001
 43
0.0000000001
 12
1.0
 22
0.0
 32
0.0
 13
1.0
 23
0.0
 33
0.0
 40
0.0
 40
0.0
 40
0.0
 40
0.0
 40
1.0
 40
1.0
 40
1.0
 40
1.0
 10
29.68035828377722
 20
-17.72711033883931
 30
0.0
 10
29.52922330723709
 20
-18.07763403091778
 30
0.0
 10
29.31543629035124
 20
-18.40103588816277
 30
0.0
 10
29.05214914974848
 20
-18.67742062260959
 30
0.0
  0
SPLINE
  5
C3
330
1F
100
AcDbEntity
  8
LAYER_1
 62
     7
100
AcDbSpline
210
0.0
220
0.0
230
1.0
 70
     8
 71
     3
 72
     8
 73
     4
 74
     0
 42
0.0000000001
 43
0.0000000001
 12
1.0
 22
0.0
 32
0.0
 13
1.0
 23
0.0
 33
0.0
 40
0.0
 40
0.0
 40
0.0
 40
0.0
 40
1.0
 40
1.0
 40
1.0
 40
1.0
 10
28.53329531769681
 20
-19.341162293915
 30
0.0
 10
28.29525945290361
 20
-19.57402540309959
 30
0.0
 10
28.07532113306832
 20
-19.82538348291152
 30
0.0
 10
27.87611644053055
 20
-20.09222386781958
 30
0.0
  0
SPLINE
  5
C4
330
1F
100
AcDbEntity
  8
LAYER_1
 62
     7
100
AcDbSpline
210
0.0
220
0.0
230
1.0
 70
     8
 71
     3
 72
     8
 73
     4
 74
     0
 42
0.0000000001
 43
0.0000000001
 12
1.0
 22
0.0
 32
0.0
 13
1.0
 23
0.0
 33
0.0
 40
0.0
 40
0.0
 40
0.0
 40
0.0
 40
1.0
 40
1.0
 40
1.0
 40
1.0
 10
27.19585516712737
 20
-20.83956908409861
 30
0.0
 10
26.81360372464137
 20
-21.28245434241265
 30
0.0
 10
26.34059168536555
 20
-21.64666027761985
 30
0.0
 10
25.81471290161486
 20
-21.90300969173182
 30
0.0
  0
SPLINE
  5
C5
330
1F
100
AcDbEntity
  8
LAYER_1
 62
     7
100
AcDbSpline
210
0.0
220
0.0
230
1.0
 70
     8
 71
     3
 72
     8
 73
     4
 74
     0
 42
0.0000000001
 43
0.0000000001
 12
1.0
 22
0.0
 32
0.0
 13
1.0
 23
0.0
 33
0.0
 40
0.0
 40
0.0
 40
0.0
 40
0.0
 40
1.0
 40
1.0
 40
1.0
 40
1.0
 10
31.86494917045264
 20
-17.15186367478332
 30
0.0
 10
31.3233811152589
 20
-17.74000988087015
 30
0.0
 10
30.91038746703235
 20
-18.44593597036681
 30
0.0
 10
30.66306749748292
 20
-19.20622851327557
 30
0.0
  0
SPLINE
  5
C6
330
1F
100
AcDbEntity
  8
LAYER_1
 62
     7
100
AcDbSpline
210
0.0
220
0.0
230
1.0
 70
     8
 71
     3
 72
     8
 73
     4
 74
     0
 42
0.0000000001
 43
0.0000000001
 12
1.0
 22
0.0
 32
0.0
 13
1.0
 23
0.0
 33
0.0
 40
0.0
 40
0.0
 40
0.0
 40
0.0
 40
1.0
 40
1.0
 40
1.0
 40
1.0
 10
31.32089713764208
 20
-18.79942500002792
 30
0.0
 10
30.98787942539388
 20
-19.83761120361666
 30
0.0
 10
30.4006094284268
 20
-20.79322847857154
 30
0.0
 10
29.62482159688165
 20
-21.559312436385
 30
0.0
  0
SPLINE
  5
C7
330
1F
100
AcDbEntity
  8
LAYER_1
 62
     7
100
AcDbSpline
210
0.0
220
0.0
230
1.0
 70
     8
 71
     3
 72
     8
 73
     4
 74
     0
 42
0.0000000001
 43
0.0000000001
 12
1.0
 22
0.0
 32
0.0
 13
1.0
 23
0.0
 33
0.0
 40
0.0
 40
0.0
 40
0.0
 40
0.0
 40
1.0
 40
1.0
 40
1.0
 40
1.0
 10
18.80643325202264
 20
-20.37250502332333
 30
0.0
 10
18.17192160020042
 20
-20.39186731962986
 30
0.0
 10
17.55237078453431
 20
-20.70516049361388
 30
0.0
 10
17.16068586056862
 20
-21.20472315750542
 30
0.0
  0
SPLINE
  5
C8
330
1F
100
AcDbEntity
  8
LAYER_1
 62
     7
100
AcDbSpline
210
0.0
220
0.0
230
1.0
 70
     8
 71
     3
 72
     8
 73
     4
 74
     0
 42
0.0000000001
 43
0.0000000001
 12
1.0
 22
0.0
 32
0.0
 13
1.0
 23
0.0
 33
0.0
 40
0.0
 40
0.0
 40
0.0
 40
0.0
 40
1.0
 40
1.0
 40
1.0
 40
1.0
 10
17.21194335279458
 20
-20.45032367197167
 30
0.0
 10
16.67496178512917
 20
-20.80999709177235
 30
0.0
 10
16.21013194956931
 20
-21.27692339014223
 30
0.0
 10
15.85287858956973
 20
-21.81551805191735
 30
0.0
  0
SPLINE
  5
C9
330
1F
100
AcDbEntity
  8
LAYER_1
 62
     7
100
AcDbSpline
210
0.0
220
0.0
230
1.0
 70
     8
 71
     3
 72
     8
 73
     4
 74
     0
 42
0.0000000001
 43
0.0000000001
 12
1.0
 22
0.0
 32
0.0
 13
1.0
 23
0.0
 33
0.0
 40
0.0
 40
0.0
 40
0.0
 40
0.0
 40
1.0
 40
1.0
 40
1.0
 40
1.0
 10
-3.404104555405398
 20
-18.06882174280124
 30
0.0
 10
-3.821940688791023
 20
-18.57338051420013
 30
0.0
 10
-4.114996939784507
 20
-19.18050361875847
 30
0.0
 10
-4.25012763597705
 20
-19.8215233400657
 30
0.0
  0
SPLINE
  5
CA
330
1F
100
AcDbEntity
  8
LAYER_1
 62
     7
100
AcDbSpline
210
0.0
220
0.0
230
1.0
 70
     8
 71
     3
 72
    11
 73
     7
 74
     0
 42
0.0000000001
 43
0.0000000001
 12
1.0
 22
0.0
 32
0.0
 13
1.0
 23
0.0
 33
0.0
 40
0.0
 40
0.0
 40
0.0
 40
0.0
 40
1.0
 40
1.0
 40
1.0
 40
2.0
 40
2.0
 40
2.0
 40
2.0
 10
-5.370673839941433
 20
-19.46032989553444
 30
0.0
 10
-5.521620295171323
 20
-19.7852289861111
 30
0.0
 10
-5.672566750401213
 20
-20.11012807668779
 30
0.0
 10
-5.82351320563109
 20
-20.43502716726458
 30
0.0
 10
-6.091806970313327
 20
-21.01250593293513
 30
0.0
 10
-6.385321681842671
 20
-21.61992987908181
 30
0.0
 10
-6.918221522850167
 20
-21.96847114652347
 30
0.0
  0
SPLINE
  5
CB
330
1F
100
AcDbEntity
  8
LAYER_1
 62
     7
100
AcDbSpline
210
0.0
220
0.0
230
1.0
 70
     8
 71
     3
 72
    11
 73
     7
 74
     0
 42
0.0000000001
 43
0.0000000001
 12
1.0
 22
0.0
 32
0.0
 13
1.0
 23
0.0
 33
0.0
 40
0.0
 40
0.0
 40
0.0
 40
0.0
 40
1.0
 40
1.0
 40
1.0
 40
2.0
 40
2.0
 40
2.0
 40
2.0
 10
-8.891623151950638
 20
-16.92057168565179
 30
0.0
 10
-9.382457580817155
 20
-16.72561136359418
 30
0.0
 10
-9.93761790336743
 20
-16.70478540657389
 30
0.0
 10
-10.44665419133284
 20
-16.84553348390333
 30
0.0
 10
-10.95569047929826
 20
-16.98628156123277
 30
0.0
 10
-11.41716432340696
 20
-17.28541715191432
 30
0.0
 10
-11.76702123665796
 20
-17.68105347985708
 30
0.0
  0
SPLINE
  5
CC
330
1F
100
AcDbEntity
  8
LAYER_1
 62
     7
100
AcDbSpline
210
0.0
220
0.0
230
1.0
 70
     8
 71
     3
 72
    11
 73
     7
 74
     0
 42
0.0000000001
 43
0.0000000001
 12
1.0
 22
0.0
 32
0.0
 13
1.0
 23
0.0
 33
0.0
 40
0.0
 40
0.0
 40
0.0
 40
0.0
 40
1.0
 40
1.0
 40
1.0
 40
2.0
 40
2.0
 40
2.0
 40
2.0
 10
-11.17701515423441
 20
-16.94221086692568
 30
0.0
 10
-11.67672683985635
 20
-16.83177865433153
 30
0.0
 10
-12.20849873770099
 20
-16.97245522527818
 30
0.0
 10
-12.64499752863614
 20
-17.23961781217556
 30
0.0
 10
-13.08149631957129
 20
-17.50678039907305
 30
0.0
 10
-13.43376002768754
 20
-17.89152940393931
 30
0.0
 10
-13.7471416096764
 20
-18.29612676724721
 30
0.0
  0
SPLINE
  5
CD
330
1F
100
AcDbEntity
  8
LAYER_1
 62
     7
100
AcDbSpline
210
0.0
220
0.0
230
1.0
 70
     8
 71
     3
 72
     8
 73
     4
 74
     0
 42
0.0000000001
 43
0.0000000001
 12
1.0
 22
0.0
 32
0.0
 13
1.0
 23
0.0
 33
0.0
 40
0.0
 40
0.0
 40
0.0
 40
0.0
 40
1.0
 40
1.0
 40
1.0
 40
1.0
 10
-13.09595936661916
 20
-17.13451285647208
 30
0.0
 10
-13.70548074677683
 20
-17.02139564294917
 30
0.0
 10
-14.36072216696222
 20
-17.18344193543362
 30
0.0
 10
-14.84725792145986
 20
-17.5676225914536
 30
0.0
  0
SPLINE
  5
CE
330
1F
100
AcDbEntity
  8
LAYER_1
 62
     7
100
AcDbSpline
210
0.0
220
0.0
230
1.0
 70
     8
 71
     3
 72
     8
 73
     4
 74
     0
 42
0.0000000001
 43
0.0000000001
 12
1.0
 22
0.0
 32
0.0
 13
1.0
 23
0.0
 33
0.0
 40
0.0
 40
0.0
 40
0.0
 40
0.0
 40
1.0
 40
1.0
 40
1.0
 40
1.0
 10
-2.429939215402176
 20
-12.80869269475741
 30
0.0
 10
-1.323147737445664
 20
-13.26062873326812
 30
0.0
 10
-0.3773341556417336
 20
-14.09628326531222
 30
0.0
 10
0.2075168647445985
 20
-15.13896386958903
 30
0.0
  0
SPLINE
  5
CF
330
1F
100
AcDbEntity
  8
LAYER_1
 62
     7
100
AcDbSpline
210
0.0
220
0.0
230
1.0
 70
     8
 71
     3
 72
     8
 73
     4
 74
     0
 42
0.0000000001
 43
0.0000000001
 12
1.0
 22
0.0
 32
0.0
 13
1.0
 23
0.0
 33
0.0
 40
0.0
 40
0.0
 40
0.0
 40
0.0
 40
1.0
 40
1.0
 40
1.0
 40
1.0
 10
1.077669567870619
 20
-14.88115791662472
 30
0.0
 10
0.4119604534569387
 20
-13.91569828650929
 30
0.0
 10
-0.5778185205633185
 20
-13.17792768201283
 30
0.0
 10
-1.69321993950363
 20
-12.81576667220896
 30
0.0
  0
SPLINE
  5
D0
330
1F
100
AcDbEntity
  8
LAYER_1
 62
     7
100
AcDbSpline
210
0.0
220
0.0
230
1.0
 70
     8
 71
     3
 72
     8
 73
     4
 74
     0
 42
0.0000000001
 43
0.0000000001
 12
1.0
 22
0.0
 32
0.0
 13
1.0
 23
0.0
 33
0.0
 40
0.0
 40
0.0
 40
0.0
 40
0.0
 40
1.0
 40
1.0
 40
1.0
 40
1.0
 10
12.65137745095222
 20
-17.59191273465957
 30
0.0
 10
12.96864050578001
 20
-17.90949200681126
 30
0.0
 10
13.21539043090358
 20
-18.29713516501612
 30
0.0
 10
13.36881486616762
 20
-18.71900408153263
 30
0.0
  0
SPLINE
  5
D1
330
1F
100
AcDbEntity
  8
LAYER_1
 62
     7
100
AcDbSpline
210
0.0
220
0.0
230
1.0
 70
     8
 71
     3
 72
     8
 73
     4
 74
     0
 42
0.0000000001
 43
0.0000000001
 12
1.0
 22
0.0
 32
0.0
 13
1.0
 23
0.0
 33
0.0
 40
0.0
 40
0.0
 40
0.0
 40
0.0
 40
1.0
 40
1.0
 40
1.0
 40
1.0
 10
13.75608657281946
 20
-17.91419639831459
 30
0.0
 10
13.96305025472071
 20
-18.20696550771666
 30
0.0
 10
14.09442821247138
 20
-18.55269946580999
 30
0.0
 10
14.13412101764945
 20
-18.90903105052181
 30
0.0
  0
SPLINE
  5
D2
330
1F
100
AcDbEntity
  8
LAYER_1
 62
     7
100
AcDbSpline
210
0.0
220
0.0
230
1.0
 70
     8
 71
     3
 72
     8
 73
     4
 74
     0
 42
0.0000000001
 43
0.0000000001
 12
1.0
 22
0.0
 32
0.0
 13
1.0
 23
0.0
 33
0.0
 40
0.0
 40
0.0
 40
0.0
 40
0.0
 40
1.0
 40
1.0
 40
1.0
 40
1.0
 10
23.83838101243876
 20
-18.1140065671307
 30
0.0
 10
24.38622836983945
 20
-18.07661479930013
 30
0.0
 10
24.7421294136729
 20
-17.44336962634654
 30
0.0
 10
25.28775930088972
 20
-17.38154004209888
 30
0.0
  0
SPLINE
  5
D3
330
1F
100
AcDbEntity
  8
LAYER_1
 62
     7
100
AcDbSpline
210
0.0
220
0.0
230
1.0
 70
     8
 71
     3
 72
     8
 73
     4
 74
     0
 42
0.0000000001
 43
0.0000000001
 12
1.0
 22
0.0
 32
0.0
 13
1.0
 23
0.0
 33
0.0
 40
0.0
 40
0.0
 40
0.0
 40
0.0
 40
1.0
 40
1.0
 40
1.0
 40
1.0
 10
32.15741456590818
 20
-12.53635686472247
 30
0.0
 10
31.73997988567056
 20
-12.52295491386308
 30
0.0
 10
31.31946444205737
 20
-12.67459085785039
 30
0.0
 10
31.00664887790597
 20
-12.95131770399409
 30
0.0
  0
SPLINE
  5
D4
330
1F
100
AcDbEntity
  8
LAYER_1
 62
     7
100
AcDbSpline
210
0.0
220
0.0
230
1.0
 70
     8
 71
     3
 72
     8
 73
     4
 74
     0
 42
0.0000000001
 43
0.0000000001
 12
1.0
 22
0.0
 32
0.0
 13
1.0
 23
0.0
 33
0.0
 40
0.0
 40
0.0
 40
0.0
 40
0.0
 40
1.0
 40
1.0
 40
1.0
 40
1.0
 10
-14.78815440804389
 20
-13.15729796693101
 30
0.0
 10
-13.94119016625403
 20
-12.63004852960145
 30
0.0
 10
-12.81386237236058
 20
-12.58800149195983
 30
0.0
 10
-11.92997531765796
 20
-13.05069369047214
 30
0.0
  0
SPLINE
  5
D5
330
1F
100
AcDbEntity
  8
LAYER_1
 62
     7
100
AcDbSpline
210
0.0
220
0.0
230
1.0
 70
     8
 71
     3
 72
    20
 73
    16
 74
     0
 42
0.0000000001
 43
0.0000000001
 12
1.0
 22
0.0
 32
0.0
 13
1.0
 23
0.0
 33
0.0
 40
0.0
 40
0.0
 40
0.0
 40
0.0
 40
1.0
 40
1.0
 40
1.0
 40
2.0
 40
2.0
 40
2.0
 40
3.0
 40
3.0
 40
3.0
 40
4.0
 40
4.0
 40
4.0
 40
5.0
 40
5.0
 40
5.0
 40
5.0
 10
-12.02329096011863
 20
-12.61800758363445
 30
0.0
 10
-12.91448363620239
 20
-12.04130036501826
 30
0.0
 10
-14.16668454173681
 20
-12.09156411380157
 30
0.0
 10
-15.00878602731264
 20
-12.73784631988519
 30
0.0
 10
-14.70197556629834
 20
-12.27035759091038
 30
0.0
 10
-14.17021319029861
 20
-11.98213414723866
 30
0.0
 10
-13.6207613178879
 20
-11.87830250172412
 30
0.0
 10
-13.07130944547715
 20
-11.77447085620959
 30
0.0
 10
-12.50291233134558
 20
-11.83819242839286
 30
0.0
 10
-11.95645541566771
 20
-11.9567808342922
 30
0.0
 10
-12.55569492835989
 20
-11.60433722088879
 30
0.0
 10
-13.26534665044397
 20
-11.44284928970218
 30
0.0
 10
-13.95808692755069
 20
-11.50129073711489
 30
0.0
 10
-14.29674591230153
 20
-11.52986077961418
 30
0.0
 10
-14.6810064358125
 20
-11.65048523172224
 30
0.0
 10
-14.80386689895167
 20
-11.96736290604503
 30
0.0
  0
SPLINE
  5
D6
330
1F
100
AcDbEntity
  8
LAYER_1
 62
     7
100
AcDbSpline
210
0.0
220
0.0
230
1.0
 70
     8
 71
     3
 72
    20
 73
    16
 74
     0
 42
0.0000000001
 43
0.0000000001
 12
1.0
 22
0.0
 32
0.0
 13
1.0
 23
0.0
 33
0.0
 40
0.0
 40
0.0
 40
0.0
 40
0.0
 40
1.0
 40
1.0
 40
1.0
 40
2.0
 40
2.0
 40
2.0
 40
3.0
 40
3.0
 40
3.0
 40
4.0
 40
4.0
 40
4.0
 40
5.0
 40
5.0
 40
5.0
 40
5.0
 10
-14.87470363227416
 20
-11.61465726547835
 30
0.0
 10
-14.68072302276139
 20
-11.23792884207309
 30
0.0
 10
-14.25047497431264
 20
-11.02447428049681
 30
0.0
 10
-13.82756391688607
 20
-10.99803530595727
 30
0.0
 10
-13.40465285945951
 20
-10.97159633141771
 30
0.0
 10
-12.98749369297553
 20
-11.10590179260905
 30
0.0
 10
-12.60065033634555
 20
-11.27883241251081
 30
0.0
 10
-12.21380697971556
 20
-11.45176303241257
 30
0.0
 10
-11.84459683980011
 20
-11.6650106106367
 30
0.0
 10
-11.44701085185039
 20
-11.81156491475091
 30
0.0
 10
-10.70456675112177
 20
-12.08523772933689
 30
0.0
 10
-9.896793177230835
 20
-12.11504077913135
 30
0.0
 10
-9.126287204873961
 20
-12.29515349885062
 30
0.0
 10
-8.355781232517087
 20
-12.47526621856986
 30
0.0
 10
-7.562644840054114
 20
-12.863991327115
 30
0.0
 10
-7.230252884054001
 20
-13.58206906164567
 30
0.0
  0
SPLINE
  5
D7
330
1F
100
AcDbEntity
  8
LAYER_1
 62
     7
100
AcDbSpline
210
0.0
220
0.0
230
1.0
 70
     8
 71
     3
 72
    11
 73
     7
 74
     0
 42
0.0000000001
 43
0.0000000001
 12
1.0
 22
0.0
 32
0.0
 13
1.0
 23
0.0
 33
0.0
 40
0.0
 40
0.0
 40
0.0
 40
0.0
 40
1.0
 40
1.0
 40
1.0
 40
2.0
 40
2.0
 40
2.0
 40
2.0
 10
-7.946750092202225
 20
-13.63218415321661
 30
0.0
 10
-8.23657546003268
 20
-13.31497075035723
 30
0.0
 10
-8.63480300745525
 20
-13.09866648757813
 30
0.0
 10
-9.058667740427671
 20
-13.02822662007472
 30
0.0
 10
-9.482532473400068
 20
-12.95778675257129
 30
0.0
 10
-9.929315981158398
 20
-13.03366303883899
 30
0.0
 10
-10.30616171824982
 20
-13.24008585062999
 30
0.0
  0
SPLINE
  5
D8
330
1F
100
AcDbEntity
  8
LAYER_1
 62
     7
100
AcDbSpline
210
0.0
220
0.0
230
1.0
 70
     8
 71
     3
 72
    14
 73
    10
 74
     0
 42
0.0000000001
 43
0.0000000001
 12
1.0
 22
0.0
 32
0.0
 13
1.0
 23
0.0
 33
0.0
 40
0.0
 40
0.0
 40
0.0
 40
0.0
 40
1.0
 40
1.0
 40
1.0
 40
2.0
 40
2.0
 40
2.0
 40
3.0
 40
3.0
 40
3.0
 40
3.0
 10
-2.691359150564684
 20
-12.1193769393066
 30
0.0
 10
-3.273675240967981
 20
-11.59489995656284
 30
0.0
 10
-4.109562653973159
 20
-11.43871445627176
 30
0.0
 10
-4.89154572203894
 20
-11.49039245767472
 30
0.0
 10
-5.67352879010472
 20
-11.54207045907765
 30
0.0
 10
-6.42995852459521
 20
-11.77664462125353
 30
0.0
 10
-7.196350631340945
 20
-11.94038610435549
 30
0.0
 10
-7.962742738086667
 20
-12.10412758745742
 30
0.0
 10
-8.772436115442662
 20
-12.19545129764497
 30
0.0
 10
-9.52119348281024
 20
-11.96408462030495
 30
0.0
  0
SPLINE
  5
D9
330
1F
100
AcDbEntity
  8
LAYER_1
 62
     7
100
AcDbSpline
210
0.0
220
0.0
230
1.0
 70
     8
 71
     3
 72
    14
 73
    10
 74
     0
 42
0.0000000001
 43
0.0000000001
 12
1.0
 22
0.0
 32
0.0
 13
1.0
 23
0.0
 33
0.0
 40
0.0
 40
0.0
 40
0.0
 40
0.0
 40
1.0
 40
1.0
 40
1.0
 40
2.0
 40
2.0
 40
2.0
 40
3.0
 40
3.0
 40
3.0
 40
3.0
 10
-6.805804865283322
 20
-11.54477047775473
 30
0.0
 10
-7.234298400482455
 20
-11.3588917203952
 30
0.0
 10
-7.722739647860193
 20
-11.38138711771633
 30
0.0
 10
-8.185576717582965
 20
-11.44415230739512
 30
0.0
 10
-8.648413787305747
 20
-11.5069174970739
 30
0.0
 10
-9.112915308263545
 20
-11.60682192731843
 30
0.0
 10
-9.57806498274024
 20
-11.56447334435256
 30
0.0
 10
-10.04321465721694
 20
-11.5221247613867
 30
0.0
 10
-10.52424592205936
 20
-11.30642904474303
 30
0.0
 10
-10.74189983999961
 20
-10.89316835927896
 30
0.0
  0
SPLINE
  5
DA
330
1F
100
AcDbEntity
  8
LAYER_1
 62
     7
100
AcDbSpline
210
0.0
220
0.0
230
1.0
 70
     8
 71
     3
 72
     8
 73
     4
 74
     0
 42
0.0000000001
 43
0.0000000001
 12
1.0
 22
0.0
 32
0.0
 13
1.0
 23
0.0
 33
0.0
 40
0.0
 40
0.0
 40
0.0
 40
0.0
 40
1.0
 40
1.0
 40
1.0
 40
1.0
 10
-7.981404398658898
 20
-11.09115532971426
 30
0.0
 10
-8.814298952689493
 20
-10.42667253604966
 30
0.0
 10
-9.978931322995587
 20
-10.20162780939859
 30
0.0
 10
-10.999421990061
 20
-10.50797649903595
 30
0.0
  0
SPLINE
  5
DB
330
1F
100
AcDbEntity
  8
LAYER_1
 62
     7
100
AcDbSpline
210
0.0
220
0.0
230
1.0
 70
     8
 71
     3
 72
    11
 73
     7
 74
     0
 42
0.0000000001
 43
0.0000000001
 12
1.0
 22
0.0
 32
0.0
 13
1.0
 23
0.0
 33
0.0
 40
0.0
 40
0.0
 40
0.0
 40
0.0
 40
1.0
 40
1.0
 40
1.0
 40
2.0
 40
2.0
 40
2.0
 40
2.0
 10
-9.049831401244722
 20
-10.13947555140774
 30
0.0
 10
-9.473749308886227
 20
-9.570121093651702
 30
0.0
 10
-10.25680754209175
 20
-9.345957458867638
 30
0.0
 10
-10.95736176876347
 20
-9.460389388320031
 30
0.0
 10
-11.65791599543521
 20
-9.574821317772425
 30
0.0
 10
-12.28128724415452
 20
-9.98059664816075
 30
0.0
 10
-12.79787137721093
 20
-10.46743514752186
 30
0.0
  0
SPLINE
  5
DC
330
1F
100
AcDbEntity
  8
LAYER_1
 62
     7
100
AcDbSpline
210
0.0
220
0.0
230
1.0
 70
     8
 71
     3
 72
     8
 73
     4
 74
     0
 42
0.0000000001
 43
0.0000000001
 12
1.0
 22
0.0
 32
0.0
 13
1.0
 23
0.0
 33
0.0
 40
0.0
 40
0.0
 40
0.0
 40
0.0
 40
1.0
 40
1.0
 40
1.0
 40
1.0
 10
-11.88349500501463
 20
-10.79162029277917
 30
0.0
 10
-11.51392749576917
 20
-10.21629858410981
 30
0.0
 10
-10.82850561848184
 20
-9.8588140773824
 30
0.0
 10
-10.14521295678613
 20
-9.885012375588884
 30
0.0
  0
SPLINE
  5
DD
330
1F
100
AcDbEntity
  8
LAYER_1
 62
     7
100
AcDbSpline
210
0.0
220
0.0
230
1.0
 70
     8
 71
     3
 72
     8
 73
     4
 74
     0
 42
0.0000000001
 43
0.0000000001
 12
1.0
 22
0.0
 32
0.0
 13
1.0
 23
0.0
 33
0.0
 40
0.0
 40
0.0
 40
0.0
 40
0.0
 40
1.0
 40
1.0
 40
1.0
 40
1.0
 10
-13.26350904532498
 20
-10.37075709384582
 30
0.0
 10
-13.96385628357791
 20
-10.33738858626907
 30
0.0
 10
-14.67297400884334
 20
-10.63246169930451
 30
0.0
 10
-15.14291555719972
 20
-11.15280259963303
 30
0.0
  0
SPLINE
  5
DE
330
1F
100
AcDbEntity
  8
LAYER_1
 62
     7
100
AcDbSpline
210
0.0
220
0.0
230
1.0
 70
     8
 71
     3
 72
    17
 73
    13
 74
     0
 42
0.0000000001
 43
0.0000000001
 12
1.0
 22
0.0
 32
0.0
 13
1.0
 23
0.0
 33
0.0
 40
0.0
 40
0.0
 40
0.0
 40
0.0
 40
1.0
 40
1.0
 40
1.0
 40
2.0
 40
2.0
 40
2.0
 40
3.0
 40
3.0
 40
3.0
 40
4.0
 40
4.0
 40
4.0
 40
4.0
 10
-13.20716819671678
 20
-9.908057666975639
 30
0.0
 10
-14.04785062442347
 20
-9.933057452500861
 30
0.0
 10
-14.86983987079597
 20
-10.33929259013944
 30
0.0
 10
-15.40033227892861
 20
-10.99194084030546
 30
0.0
 10
-15.43469611168126
 20
-11.03421759105855
 30
0.0
 10
-15.45174003244722
 20
-10.97868538800801
 30
0.0
 10
-15.49438634598736
 20
-11.01258949686121
 30
0.0
 10
-15.36081191997333
 20
-10.49714305889885
 30
0.0
 10
-15.03038063767361
 20
-10.03531757482796
 30
0.0
 10
-14.58565040596027
 20
-9.742499812365546
 30
0.0
 10
-14.14092017424694
 20
-9.44968204990313
 30
0.0
 10
-13.58610645958175
 20
-9.328647542100446
 30
0.0
 10
-13.05982898075888
 20
-9.409636654313518
 30
0.0
  0
SPLINE
  5
DF
330
1F
100
AcDbEntity
  8
LAYER_1
 62
     7
100
AcDbSpline
210
0.0
220
0.0
230
1.0
 70
     8
 71
     3
 72
    11
 73
     7
 74
     0
 42
0.0000000001
 43
0.0000000001
 12
1.0
 22
0.0
 32
0.0
 13
1.0
 23
0.0
 33
0.0
 40
0.0
 40
0.0
 40
0.0
 40
0.0
 40
1.0
 40
1.0
 40
1.0
 40
2.0
 40
2.0
 40
2.0
 40
2.0
 10
-11.07816246809413
 20
-8.908165037873863
 30
0.0
 10
-11.70509628202747
 20
-8.540899841677653
 30
0.0
 10
-12.46165815255334
 20
-8.400294174088154
 30
0.0
 10
-13.17868337459952
 20
-8.517786992335257
 30
0.0
 10
-13.89570859664569
 20
-8.635279810582384
 30
0.0
 10
-14.56782978194611
 20
-9.009991606449905
 30
0.0
 10
-15.0447628803607
 20
-9.558138075038995
 30
0.0
  0
SPLINE
  5
E0
330
1F
100
AcDbEntity
  8
LAYER_1
 62
     7
100
AcDbSpline
210
0.0
220
0.0
230
1.0
 70
     8
 71
     3
 72
    17
 73
    13
 74
     0
 42
0.0000000001
 43
0.0000000001
 12
1.0
 22
0.0
 32
0.0
 13
1.0
 23
0.0
 33
0.0
 40
0.0
 40
0.0
 40
0.0
 40
0.0
 40
1.0
 40
1.0
 40
1.0
 40
2.0
 40
2.0
 40
2.0
 40
3.0
 40
3.0
 40
3.0
 40
4.0
 40
4.0
 40
4.0
 40
4.0
 10
-12.46202046969232
 20
-8.148280877069636
 30
0.0
 10
-12.08881700961873
 20
-7.765320058175297
 30
0.0
 10
-11.7093057022595
 20
-7.377385664879031
 30
0.0
 10
-11.24631383724363
 20
-7.109844370219207
 30
0.0
 10
-10.78332288361523
 20
-6.842303602207494
 30
0.0
 10
-10.21793314066535
 20
-6.70590400927492
 30
0.0
 10
-9.706925875705236
 20
-6.863416279086701
 30
0.0
 10
-9.031043633566291
 20
-7.071749415622409
 30
0.0
 10
-8.713421750803706
 20
-7.686301974031872
 30
0.0
 10
-8.13823411124536
 20
-8.047858268537588
 30
0.0
 10
-7.57704576615447
 20
-8.400614768532352
 30
0.0
 10
-6.901952828443149
 20
-8.57761275357335
 30
0.0
 10
-6.239791807763494
 20
-8.51914659565303
 30
0.0
  0
SPLINE
  5
E1
330
1F
100
AcDbEntity
  8
LAYER_1
 62
     7
100
AcDbSpline
210
0.0
220
0.0
230
1.0
 70
     8
 71
     3
 72
     8
 73
     4
 74
     0
 42
0.0000000001
 43
0.0000000001
 12
1.0
 22
0.0
 32
0.0
 13
1.0
 23
0.0
 33
0.0
 40
0.0
 40
0.0
 40
0.0
 40
0.0
 40
1.0
 40
1.0
 40
1.0
 40
1.0
 10
-7.405835266351156
 20
-8.724654730262348
 30
0.0
 10
-7.88626303758239
 20
-8.688263006878337
 30
0.0
 10
-8.378919152643537
 20
-8.86177071910538
 30
0.0
 10
-8.730512398449276
 20
-9.191190497511064
 30
0.0
  0
SPLINE
  5
E2
330
1F
100
AcDbEntity
  8
LAYER_1
 62
     7
100
AcDbSpline
210
0.0
220
0.0
230
1.0
 70
     8
 71
     3
 72
     8
 73
     4
 74
     0
 42
0.0000000001
 43
0.0000000001
 12
1.0
 22
0.0
 32
0.0
 13
1.0
 23
0.0
 33
0.0
 40
0.0
 40
0.0
 40
0.0
 40
0.0
 40
1.0
 40
1.0
 40
1.0
 40
1.0
 10
-8.11643600701878
 20
-8.48077487027462
 30
0.0
 10
-8.55869610316136
 20
-8.35927817412605
 30
0.0
 10
-9.069105624230902
 20
-8.555134351306354
 30
0.0
 10
-9.31656631349756
 20
-8.94129318790437
 30
0.0
  0
SPLINE
  5
E3
330
1F
100
AcDbEntity
  8
LAYER_1
 62
     7
100
AcDbSpline
210
0.0
220
0.0
230
1.0
 70
     8
 71
     3
 72
     8
 73
     4
 74
     0
 42
0.0000000001
 43
0.0000000001
 12
1.0
 22
0.0
 32
0.0
 13
1.0
 23
0.0
 33
0.0
 40
0.0
 40
0.0
 40
0.0
 40
0.0
 40
1.0
 40
1.0
 40
1.0
 40
1.0
 10
-8.643227956055714
 20
-8.0345239774132
 30
0.0
 10
-9.06865855247425
 20
-8.014654001778101
 30
0.0
 10
-9.49958743694089
 20
-8.17624453411453
 30
0.0
 10
-9.80706150129683
 20
-8.470940492772266
 30
0.0
  0
SPLINE
  5
E4
330
1F
100
AcDbEntity
  8
LAYER_1
 62
     7
100
AcDbSpline
210
0.0
220
0.0
230
1.0
 70
     8
 71
     3
 72
     8
 73
     4
 74
     0
 42
0.0000000001
 43
0.0000000001
 12
1.0
 22
0.0
 32
0.0
 13
1.0
 23
0.0
 33
0.0
 40
0.0
 40
0.0
 40
0.0
 40
0.0
 40
1.0
 40
1.0
 40
1.0
 40
1.0
 10
-8.9276239387894
 20
-7.761952590827882
 30
0.0
 10
-9.45781064131476
 20
-7.60749156199141
 30
0.0
 10
-10.07281642456633
 20
-7.806294760485949
 30
0.0
 10
-10.41227110179729
 20
-8.241871012214562
 30
0.0
  0
SPLINE
  5
E5
330
1F
100
AcDbEntity
  8
LAYER_1
 62
     7
100
AcDbSpline
210
0.0
220
0.0
230
1.0
 70
     8
 71
     3
 72
    11
 73
     7
 74
     0
 42
0.0000000001
 43
0.0000000001
 12
1.0
 22
0.0
 32
0.0
 13
1.0
 23
0.0
 33
0.0
 40
0.0
 40
0.0
 40
0.0
 40
0.0
 40
1.0
 40
1.0
 40
1.0
 40
2.0
 40
2.0
 40
2.0
 40
2.0
 10
-9.836012084917657
 20
-7.29994836725536
 30
0.0
 10
-10.12113606873662
 20
-7.182985883791162
 30
0.0
 10
-10.45377402113442
 20
-7.187355941028904
 30
0.0
 10
-10.73572692213344
 20
-7.311768441627337
 30
0.0
 10
-11.01767982313246
 20
-7.436180942225747
 30
0.0
 10
-11.24512411461711
 20
-7.678948730547669
 30
0.0
 10
-11.35091530401731
 20
-7.96840361983474
 30
0.0
  0
SPLINE
  5
E6
330
1F
100
AcDbEntity
  8
LAYER_1
 62
     7
100
AcDbSpline
210
0.0
220
0.0
230
1.0
 70
     8
 71
     3
 72
    17
 73
    13
 74
     0
 42
0.0000000001
 43
0.0000000001
 12
1.0
 22
0.0
 32
0.0
 13
1.0
 23
0.0
 33
0.0
 40
0.0
 40
0.0
 40
0.0
 40
0.0
 40
1.0
 40
1.0
 40
1.0
 40
2.0
 40
2.0
 40
2.0
 40
3.0
 40
3.0
 40
3.0
 40
4.0
 40
4.0
 40
4.0
 40
4.0
 10
-11.01579789922022
 20
-6.643769035489186
 30
0.0
 10
-11.16517772811284
 20
-6.752805345261599
 30
0.0
 10
-11.37760791226994
 20
-6.73459557107963
 30
0.0
 10
-11.54311651593189
 20
-6.652071924513115
 30
0.0
 10
-11.70862511959388
 20
-6.569548277946599
 30
0.0
 10
-11.839703787969
 20
-6.433313100479558
 30
0.0
 10
-11.97464137366831
 20
-6.306841372040303
 30
0.0
 10
-12.39112658797606
 20
-5.916485778492466
 30
0.0
 10
-12.89468428865671
 20
-5.590427967407676
 30
0.0
 10
-13.45971815847205
 20
-5.509346933648405
 30
0.0
 10
-14.02475202828737
 20
-5.428265899889134
 30
0.0
 10
-14.65458640527361
 20
-5.636503168426493
 30
0.0
 10
-14.96057433932791
 20
-6.11838364353116
 30
0.0
  0
SPLINE
  5
E7
330
1F
100
AcDbEntity
  8
LAYER_1
 62
     7
100
AcDbSpline
210
0.0
220
0.0
230
1.0
 70
     8
 71
     3
 72
    11
 73
     7
 74
     0
 42
0.0000000001
 43
0.0000000001
 12
1.0
 22
0.0
 32
0.0
 13
1.0
 23
0.0
 33
0.0
 40
0.0
 40
0.0
 40
0.0
 40
0.0
 40
1.0
 40
1.0
 40
1.0
 40
2.0
 40
2.0
 40
2.0
 40
2.0
 10
-12.1027535884642
 20
-6.653871219848143
 30
0.0
 10
-12.56561396205687
 20
-6.357471644752851
 30
0.0
 10
-13.13659443971289
 20
-6.234220988861479
 30
0.0
 10
-13.68050507005671
 20
-6.313301073320265
 30
0.0
 10
-14.22441570040055
 20
-6.392381157779052
 30
0.0
 10
-14.73665894857083
 20
-6.673123539235625
 30
0.0
 10
-15.09595196423806
 20
-7.089057383075897
 30
0.0
  0
SPLINE
  5
E8
330
1F
100
AcDbEntity
  8
LAYER_1
 62
     7
100
AcDbSpline
210
0.0
220
0.0
230
1.0
 70
     8
 71
     3
 72
    11
 73
     7
 74
     0
 42
0.0000000001
 43
0.0000000001
 12
1.0
 22
0.0
 32
0.0
 13
1.0
 23
0.0
 33
0.0
 40
0.0
 40
0.0
 40
0.0
 40
0.0
 40
1.0
 40
1.0
 40
1.0
 40
2.0
 40
2.0
 40
2.0
 40
2.0
 10
-12.32531650691115
 20
-6.972397319320534
 30
0.0
 10
-12.90190597887585
 20
-6.872459171796688
 30
0.0
 10
-13.51178317429561
 20
-6.976628206929919
 30
0.0
 10
-14.02251194828097
 20
-7.262283894663445
 30
0.0
 10
-14.53324072226625
 20
-7.54793958239697
 30
0.0
 10
-14.94122750309917
 20
-8.013072002294013
 30
0.0
 10
-15.15787708370319
 20
-8.55667664882963
 30
0.0
  0
SPLINE
  5
E9
330
1F
100
AcDbEntity
  8
LAYER_1
 62
     7
100
AcDbSpline
210
0.0
220
0.0
230
1.0
 70
     8
 71
     3
 72
    14
 73
    10
 74
     0
 42
0.0000000001
 43
0.0000000001
 12
1.0
 22
0.0
 32
0.0
 13
1.0
 23
0.0
 33
0.0
 40
0.0
 40
0.0
 40
0.0
 40
0.0
 40
1.0
 40
1.0
 40
1.0
 40
2.0
 40
2.0
 40
2.0
 40
3.0
 40
3.0
 40
3.0
 40
3.0
 10
-4.967782995657595
 20
-12.69683487652057
 30
0.0
 10
-5.324209415901755
 20
-12.3591197531695
 30
0.0
 10
-5.792442291080747
 20
-12.14144412824003
 30
0.0
 10
-6.280382864768058
 20
-12.08662356514747
 30
0.0
 10
-6.315271433570437
 20
-12.08270372139264
 30
0.0
 10
-6.353815356550272
 20
-12.08051036606533
 30
0.0
 10
-6.382078177474833
 20
-12.10133799679983
 30
0.0
 10
-6.410340998399394
 20
-12.12216562753434
 30
0.0
 10
-6.413961178368847
 20
-12.1751335920178
 30
0.0
 10
-6.381079977888892
 20
-12.18743822137521
 30
0.0
  0
SPLINE
  5
EA
330
1F
100
AcDbEntity
  8
LAYER_1
 62
     7
100
AcDbSpline
210
0.0
220
0.0
230
1.0
 70
     8
 71
     3
 72
    11
 73
     7
 74
     0
 42
0.0000000001
 43
0.0000000001
 12
1.0
 22
0.0
 32
0.0
 13
1.0
 23
0.0
 33
0.0
 40
0.0
 40
0.0
 40
0.0
 40
0.0
 40
1.0
 40
1.0
 40
1.0
 40
2.0
 40
2.0
 40
2.0
 40
2.0
 10
-6.085551326436252
 20
-12.839063887693
 30
0.0
 10
-6.491875532776576
 20
-12.45971711307455
 30
0.0
 10
-7.054917891574796
 20
-12.25363825958114
 30
0.0
 10
-7.610121974567871
 20
-12.28105654361452
 30
0.0
 10
-7.604319397741291
 20
-12.29993250598383
 30
0.0
 10
-7.598516804560226
 20
-12.31880844320274
 30
0.0
 10
-7.592714211379163
 20
-12.33768438042165
 30
0.0
  0
SPLINE
  5
EB
330
1F
100
AcDbEntity
  8
LAYER_1
 62
     7
100
AcDbSpline
210
0.0
220
0.0
230
1.0
 70
     8
 71
     3
 72
    14
 73
    10
 74
     0
 42
0.0000000001
 43
0.0000000001
 12
1.0
 22
0.0
 32
0.0
 13
1.0
 23
0.0
 33
0.0
 40
0.0
 40
0.0
 40
0.0
 40
0.0
 40
1.0
 40
1.0
 40
1.0
 40
2.0
 40
2.0
 40
2.0
 40
3.0
 40
3.0
 40
3.0
 40
3.0
 10
-0.4131670282949926
 20
-12.26370850700785
 30
0.0
 10
-0.493660016117158
 20
-10.86563708412639
 30
0.0
 10
-0.5741530039393233
 20
-9.467565661244937
 30
0.0
 10
-0.6546459917614761
 20
-8.069494238363454
 30
0.0
 10
-0.7469501250683253
 20
-6.466276690314417
 30
0.0
 10
-0.9059099243998187
 20
-4.808320395774975
 30
0.0
 10
-0.7202209012840513
 20
-3.213183967799599
 30
0.0
 10
-0.5382697629937765
 20
-1.650157333654053
 30
0.0
 10
-0.5210962043181553
 20
-0.0312785221253509
 30
0.0
 10
0.080009925411332
 20
1.447094707645445
 30
0.0
  0
SPLINE
  5
EC
330
1F
100
AcDbEntity
  8
LAYER_1
 62
     7
100
AcDbSpline
210
0.0
220
0.0
230
1.0
 70
     8
 71
     3
 72
    47
 73
    43
 74
     0
 42
0.0000000001
 43
0.0000000001
 12
1.0
 22
0.0
 32
0.0
 13
1.0
 23
0.0
 33
0.0
 40
0.0
 40
0.0
 40
0.0
 40
0.0
 40
1.0
 40
1.0
 40
1.0
 40
2.0
 40
2.0
 40
2.0
 40
3.0
 40
3.0
 40
3.0
 40
4.0
 40
4.0
 40
4.0
 40
5.0
 40
5.0
 40
5.0
 40
6.0
 40
6.0
 40
6.0
 40
7.0
 40
7.0
 40
7.0
 40
8.0
 40
8.0
 40
8.0
 40
9.0
 40
9.0
 40
9.0
 40
10.0
 40
10.0
 40
10.0
 40
11.0
 40
11.0
 40
11.0
 40
12.0
 40
12.0
 40
12.0
 40
13.0
 40
13.0
 40
13.0
 40
14.0
 40
14.0
 40
14.0
 40
14.0
 10
-0.7586096346625228
 20
-0.1917479706682772
 30
0.0
 10
-1.874050594753157
 20
0.0320542487268843
 30
0.0
 10
-2.818401349284613
 20
0.6702329302456493
 30
0.0
 10
-3.137209511887552
 20
1.814302345618444
 30
0.0
 10
-3.225069170616873
 20
2.129593963718611
 30
0.0
 10
-3.252182913348393
 20
2.482823108769581
 30
0.0
 10
-3.097416907968611
 20
2.771224924918847
 30
0.0
 10
-3.006979314907565
 20
2.93975275481206
 30
0.0
 10
-2.861862395460978
 20
3.072273883148505
 30
0.0
 10
-2.757465284603528
 20
3.23252938305902
 30
0.0
 10
-2.45449204779196
 20
3.697610525077557
 30
0.0
 10
-2.605036551107054
 20
4.192914165326354
 30
0.0
 10
-2.527886518982629
 20
4.697792972369522
 30
0.0
 10
-2.436343573763641
 20
5.296860681127504
 30
0.0
 10
-2.212344501103378
 20
5.865079425741947
 30
0.0
 10
-2.001327391432369
 20
6.429738821916683
 30
0.0
 10
-1.566834751264853
 20
7.592394638713105
 30
0.0
 10
-1.175569209715352
 20
8.771201565005981
 30
0.0
 10
-0.8285288967591289
 20
9.962886847791056
 30
0.0
 10
-0.6531822206622008
 20
10.56500148833526
 30
0.0
 10
-0.4891254337806635
 20
11.17040410123325
 30
0.0
 10
-0.3364874602691543
 20
11.77867231277737
 30
0.0
 10
-0.1962716532995172
 20
12.33743771154103
 30
0.0
 10
-0.1163156449751644
 20
12.93098748391856
 30
0.0
 10
0.0860291940987407
 20
13.47276412817551
 30
0.0
 10
0.2350642259638233
 20
13.87180420159746
 30
0.0
 10
0.4722346556880236
 20
14.24925113738555
 30
0.0
 10
0.8193964724140288
 20
14.49607717719319
 30
0.0
 10
0.917668866901282
 20
14.56594718819277
 30
0.0
 10
1.023966598935115
 20
14.62491680103139
 30
0.0
 10
1.115866884896225
 20
14.70298514813861
 30
0.0
 10
1.668408411443806
 20
15.17236766522541
 30
0.0
 10
1.588530915244506
 20
16.15456597811042
 30
0.0
 10
1.616309715674358
 20
16.80423929619375
 30
0.0
 10
1.654221597207791
 20
17.69089881674402
 30
0.0
 10
1.645816429251568
 20
18.57953846530375
 30
0.0
 10
1.591055875448369
 20
19.46531794557584
 30
0.0
 10
1.550110565017134
 20
20.12762684685708
 30
0.0
 10
1.48445952702534
 20
20.80355514613459
 30
0.0
 10
1.649949154985936
 20
21.44616138288069
 30
0.0
 10
1.815438782946558
 20
22.0887676196268
 30
0.0
 10
2.269822451956037
 20
22.70482201631916
 30
0.0
 10
2.917243572799849
 20
22.85034000404903
 30
0.0
  0
SPLINE
  5
ED
330
1F
100
AcDbEntity
  8
LAYER_1
 62
     7
100
AcDbSpline
210
0.0
220
0.0
230
1.0
 70
     8
 71
     3
 72
    56
 73
    52
 74
     0
 42
0.0000000001
 43
0.0000000001
 12
1.0
 22
0.0
 32
0.0
 13
1.0
 23
0.0
 33
0.0
 40
0.0
 40
0.0
 40
0.0
 40
0.0
 40
1.0
 40
1.0
 40
1.0
 40
2.0
 40
2.0
 40
2.0
 40
3.0
 40
3.0
 40
3.0
 40
4.0
 40
4.0
 40
4.0
 40
5.0
 40
5.0
 40
5.0
 40
6.0
 40
6.0
 40
6.0
 40
7.0
 40
7.0
 40
7.0
 40
8.0
 40
8.0
 40
8.0
 40
9.0
 40
9.0
 40
9.0
 40
10.0
 40
10.0
 40
10.0
 40
11.0
 40
11.0
 40
11.0
 40
12.0
 40
12.0
 40
12.0
 40
13.0
 40
13.0
 40
13.0
 40
14.0
 40
14.0
 40
14.0
 40
15.0
 40
15.0
 40
15.0
 40
16.0
 40
16.0
 40
16.0
 40
17.0
 40
17.0
 40
17.0
 40
17.0
 10
3.883759693492733
 20
24.66523160211806
 30
0.0
 10
3.813924514121532
 20
24.96808467183416
 30
0.0
 10
3.534845277908668
 20
25.17787243379249
 30
0.0
 10
3.249301625023867
 20
25.30059878145861
 30
0.0
 10
2.963757972139067
 20
25.42332512912485
 30
0.0
 10
2.65263704223091
 20
25.48736472321027
 30
0.0
 10
2.382772669120552
 20
25.64154044840737
 30
0.0
 10
1.913734642136458
 20
25.90950542991805
 30
0.0
 10
1.624965229275353
 20
26.42720227274263
 30
0.0
 10
1.531297115154391
 20
26.95920621593291
 30
0.0
 10
1.437629001033416
 20
27.49121015912333
 30
0.0
 10
1.517587031632502
 20
28.03907814884292
 30
0.0
 10
1.644696905454414
 20
28.56409718768833
 30
0.0
 10
1.77180676251122
 20
29.08911615728638
 30
0.0
 10
1.945942129440873
 20
29.60298492566749
 30
0.0
 10
2.044619366090084
 20
30.13408250264083
 30
0.0
 10
2.165833003132863
 20
30.78647479145487
 30
0.0
 10
2.169350982049284
 20
31.46011980687097
 30
0.0
 10
2.05872876806355
 20
32.1142458259168
 30
0.0
 10
2.004153010070897
 20
32.43696060467486
 30
0.0
 10
1.82842757784926
 20
32.7786633038211
 30
0.0
 10
1.800081396350783
 20
33.09625092895125
 30
0.0
 10
1.772127747530463
 20
33.40945149797931
 30
0.0
 10
2.02537672440245
 20
33.69094855342889
 30
0.0
 10
2.161215518775925
 20
33.94953137723152
 30
0.0
 10
2.298906913765791
 20
34.21164081286083
 30
0.0
 10
2.492867118679682
 20
34.43090701034834
 30
0.0
 10
2.694860042614992
 20
34.65041259819834
 30
0.0
 10
3.123877021912752
 20
35.11662508922874
 30
0.0
 10
3.605250989244799
 20
35.53437956982125
 30
0.0
 10
4.125607314931168
 20
35.89570431716818
 30
0.0
 10
4.900341283993839
 20
36.43366366406236
 30
0.0
 10
5.762160221008899
 20
36.8469782006418
 30
0.0
 10
6.668357108056195
 20
37.10923719048944
 30
0.0
 10
7.589082047093016
 20
37.37570068853361
 30
0.0
 10
8.564249939401027
 20
37.60232424158375
 30
0.0
 10
9.516625504360263
 20
37.32114277698305
 30
0.0
 10
10.38302401258877
 20
37.06534554318041
 30
0.0
 10
11.06607526203899
 20
36.37090597781846
 30
0.0
 10
11.50501893277048
 20
35.5813446545268
 30
0.0
 10
11.7167682986741
 20
35.20045499319042
 30
0.0
 10
11.96158790533723
 20
34.79852022276125
 30
0.0
 10
12.07927802441948
 20
34.37779276805306
 30
0.0
 10
12.19798721280674
 20
33.95342226804736
 30
0.0
 10
12.23441318531624
 20
33.49683778907736
 30
0.0
 10
12.46454571661179
 20
33.11113154030902
 30
0.0
 10
12.60276079236478
 20
32.87948036806334
 30
0.0
 10
12.80209291252954
 20
32.69186762598861
 30
0.0
 10
12.99266056002388
 20
32.50094970304112
 30
0.0
 10
14.06561431156319
 20
31.42602407739222
 30
0.0
 10
14.92715425484223
 20
30.16173892066667
 30
0.0
 10
15.75986466880305
 20
28.89158608864889
 30
0.0
  0
SPLINE
  5
EE
330
1F
100
AcDbEntity
  8
LAYER_1
 62
     7
100
AcDbSpline
210
0.0
220
0.0
230
1.0
 70
     8
 71
     3
 72
    26
 73
    22
 74
     0
 42
0.0000000001
 43
0.0000000001
 12
1.0
 22
0.0
 32
0.0
 13
1.0
 23
0.0
 33
0.0
 40
0.0
 40
0.0
 40
0.0
 40
0.0
 40
1.0
 40
1.0
 40
1.0
 40
2.0
 40
2.0
 40
2.0
 40
3.0
 40
3.0
 40
3.0
 40
4.0
 40
4.0
 40
4.0
 40
5.0
 40
5.0
 40
5.0
 40
6.0
 40
6.0
 40
6.0
 40
7.0
 40
7.0
 40
7.0
 40
7.0
 10
2.069436761373911
 20
33.21866003976847
 30
0.0
 10
3.071144067806927
 20
33.86666020240416
 30
0.0
 10
4.377455972964248
 20
33.9212690844429
 30
0.0
 10
5.517684033409422
 20
33.57026701252194
 30
0.0
 10
6.067699939129953
 20
33.40095284751319
 30
0.0
 10
6.587408145521067
 20
33.14430475694027
 30
0.0
 10
7.07227068009105
 20
32.83593862222723
 30
0.0
 10
8.632051462124561
 20
31.84393772158291
 30
0.0
 10
9.451041780310383
 20
30.11319034581346
 30
0.0
 10
10.68644129333261
 20
28.79723953629444
 30
0.0
 10
10.98930433360303
 20
28.47462910139598
 30
0.0
 10
11.33267759447881
 20
28.13883662003652
 30
0.0
 10
11.75429798615303
 20
27.97883136951153
 30
0.0
 10
12.04841062943817
 20
27.86721540382124
 30
0.0
 10
12.5445369479777
 20
27.80185479368722
 30
0.0
 10
12.84067936944077
 20
27.88756230894777
 30
0.0
 10
13.11204133134993
 20
27.96609805806069
 30
0.0
 10
13.32954983364392
 20
28.16431729289485
 30
0.0
 10
13.57364317413365
 20
28.30652705379723
 30
0.0
 10
14.11470683896348
 20
28.62175312142237
 30
0.0
 10
14.81322261871694
 20
28.6485832277436
 30
0.0
 10
15.37687226602043
 20
28.37578946108042
 30
0.0
  0
SPLINE
  5
EF
330
1F
100
AcDbEntity
  8
LAYER_1
 62
     7
100
AcDbSpline
210
0.0
220
0.0
230
1.0
 70
     8
 71
     3
 72
    11
 73
     7
 74
     0
 42
0.0000000001
 43
0.0000000001
 12
1.0
 22
0.0
 32
0.0
 13
1.0
 23
0.0
 33
0.0
 40
0.0
 40
0.0
 40
0.0
 40
0.0
 40
1.0
 40
1.0
 40
1.0
 40
2.0
 40
2.0
 40
2.0
 40
2.0
 10
2.553902665978499
 20
33.84974033129431
 30
0.0
 10
3.376412590635292
 20
34.22935366338
 30
0.0
 10
3.973354377043354
 20
34.95831343550695
 30
0.0
 10
4.669839077545526
 20
35.53756978637625
 30
0.0
 10
5.901803475395505
 20
36.56217732186389
 30
0.0
 10
7.504858086922241
 20
37.13045179991389
 30
0.0
 10
9.107094320925423
 20
37.11055372293666
 30
0.0
  0
SPLINE
  5
F0
330
1F
100
AcDbEntity
  8
LAYER_1
 62
     7
100
AcDbSpline
210
0.0
220
0.0
230
1.0
 70
     8
 71
     3
 72
    14
 73
    10
 74
     0
 42
0.0000000001
 43
0.0000000001
 12
1.0
 22
0.0
 32
0.0
 13
1.0
 23
0.0
 33
0.0
 40
0.0
 40
0.0
 40
0.0
 40
0.0
 40
1.0
 40
1.0
 40
1.0
 40
2.0
 40
2.0
 40
2.0
 40
3.0
 40
3.0
 40
3.0
 40
3.0
 10
3.402163465543999
 20
34.17501081158111
 30
0.0
 10
4.312278886488709
 20
34.67866469741431
 30
0.0
 10
5.016045887564107
 20
35.4963751060782
 30
0.0
 10
5.920025061187415
 20
36.01096131830263
 30
0.0
 10
6.669923169174681
 20
36.43783774699263
 30
0.0
 10
7.524107543259308
 20
36.63761143303792
 30
0.0
 10
8.364764008963371
 20
36.8322068562218
 30
0.0
 10
8.663931379546487
 20
36.90145819507125
 30
0.0
 10
8.997509005624604
 20
36.96610167531723
 30
0.0
 10
9.262471251299958
 20
36.81088612616222
 30
0.0
  0
SPLINE
  5
F1
330
1F
100
AcDbEntity
  8
LAYER_1
 62
     7
100
AcDbSpline
210
0.0
220
0.0
230
1.0
 70
     8
 71
     3
 72
     8
 73
     4
 74
     0
 42
0.0000000001
 43
0.0000000001
 12
1.0
 22
0.0
 32
0.0
 13
1.0
 23
0.0
 33
0.0
 40
0.0
 40
0.0
 40
0.0
 40
0.0
 40
1.0
 40
1.0
 40
1.0
 40
1.0
 10
4.068534721746573
 20
34.22678464549805
 30
0.0
 10
4.462171385260843
 20
34.2868533193518
 30
0.0
 10
4.875098928917547
 20
34.21233281192791
 30
0.0
 10
5.222906490537753
 20
34.01845664392111
 30
0.0
  0
SPLINE
  5
F2
330
1F
100
AcDbEntity
  8
LAYER_1
 62
     7
100
AcDbSpline
210
0.0
220
0.0
230
1.0
 70
     8
 71
     3
 72
     8
 73
     4
 74
     0
 42
0.0000000001
 43
0.0000000001
 12
1.0
 22
0.0
 32
0.0
 13
1.0
 23
0.0
 33
0.0
 40
0.0
 40
0.0
 40
0.0
 40
0.0
 40
1.0
 40
1.0
 40
1.0
 40
1.0
 10
4.338135834841447
 20
34.57912324198721
 30
0.0
 10
5.054311032040131
 20
34.55898161100249
 30
0.0
 10
5.764002652679614
 20
34.34271820990083
 30
0.0
 10
6.369704382990928
 20
33.96004601038903
 30
0.0
  0
SPLINE
  5
F3
330
1F
100
AcDbEntity
  8
LAYER_1
 62
     7
100
AcDbSpline
210
0.0
220
0.0
230
1.0
 70
     8
 71
     3
 72
     8
 73
     4
 74
     0
 42
0.0000000001
 43
0.0000000001
 12
1.0
 22
0.0
 32
0.0
 13
1.0
 23
0.0
 33
0.0
 40
0.0
 40
0.0
 40
0.0
 40
0.0
 40
1.0
 40
1.0
 40
1.0
 40
1.0
 10
4.741709721819789
 20
34.90137468997681
 30
0.0
 10
5.381508411548692
 20
35.02811086045487
 30
0.0
 10
6.072952065636728
 20
34.8655210895157
 30
0.0
 10
6.589224852323595
 20
34.46694006887778
 30
0.0
  0
SPLINE
  5
F4
330
1F
100
AcDbEntity
  8
LAYER_1
 62
     7
100
AcDbSpline
210
0.0
220
0.0
230
1.0
 70
     8
 71
     3
 72
     8
 73
     4
 74
     0
 42
0.0000000001
 43
0.0000000001
 12
1.0
 22
0.0
 32
0.0
 13
1.0
 23
0.0
 33
0.0
 40
0.0
 40
0.0
 40
0.0
 40
0.0
 40
1.0
 40
1.0
 40
1.0
 40
1.0
 10
5.145580775892364
 20
35.20970010335639
 30
0.0
 10
5.704934919636066
 20
35.30654497200861
 30
0.0
 10
6.303483098421161
 20
35.14736089473167
 30
0.0
 10
6.740829213998368
 20
34.78544327717611
 30
0.0
  0
SPLINE
  5
F5
330
1F
100
AcDbEntity
  8
LAYER_1
 62
     7
100
AcDbSpline
210
0.0
220
0.0
230
1.0
 70
     8
 71
     3
 72
    11
 73
     7
 74
     0
 42
0.0000000001
 43
0.0000000001
 12
1.0
 22
0.0
 32
0.0
 13
1.0
 23
0.0
 33
0.0
 40
0.0
 40
0.0
 40
0.0
 40
0.0
 40
1.0
 40
1.0
 40
1.0
 40
2.0
 40
2.0
 40
2.0
 40
2.0
 10
5.549386334967898
 20
35.55662203582541
 30
0.0
 10
5.532169980009662
 20
35.56089316412403
 30
0.0
 10
5.514953625051399
 20
35.56516429242249
 30
0.0
 10
5.497737270093163
 20
35.56943542072096
 30
0.0
 10
5.904269103528122
 20
35.58112596979639
 30
0.0
 10
6.313316307073137
 20
35.49254958782098
 30
0.0
 10
6.678594230675091
 20
35.31372889497347
 30
0.0
  0
SPLINE
  5
F6
330
1F
100
AcDbEntity
  8
LAYER_1
 62
     7
100
AcDbSpline
210
0.0
220
0.0
230
1.0
 70
     8
 71
     3
 72
     8
 73
     4
 74
     0
 42
0.0000000001
 43
0.0000000001
 12
1.0
 22
0.0
 32
0.0
 13
1.0
 23
0.0
 33
0.0
 40
0.0
 40
0.0
 40
0.0
 40
0.0
 40
1.0
 40
1.0
 40
1.0
 40
1.0
 10
5.895736836677139
 20
35.80653699052083
 30
0.0
 10
6.201062563616435
 20
35.79916516811388
 30
0.0
 10
6.504628115233142
 20
35.72578212612876
 30
0.0
 10
6.779606793222405
 20
35.59287287156791
 30
0.0
  0
SPLINE
  5
F7
330
1F
100
AcDbEntity
  8
LAYER_1
 62
     7
100
AcDbSpline
210
0.0
220
0.0
230
1.0
 70
     8
 71
     3
 72
     8
 73
     4
 74
     0
 42
0.0000000001
 43
0.0000000001
 12
1.0
 22
0.0
 32
0.0
 13
1.0
 23
0.0
 33
0.0
 40
0.0
 40
0.0
 40
0.0
 40
0.0
 40
1.0
 40
1.0
 40
1.0
 40
1.0
 10
6.280593143705826
 20
36.05587394754972
 30
0.0
 10
6.613224946181212
 20
36.09262345144389
 30
0.0
 10
6.959639308773957
 20
35.9777386227339
 30
0.0
 10
7.204392229933647
 20
35.74950529992957
 30
0.0
  0
SPLINE
  5
F8
330
1F
100
AcDbEntity
  8
LAYER_1
 62
     7
100
AcDbSpline
210
0.0
220
0.0
230
1.0
 70
     8
 71
     3
 72
     8
 73
     4
 74
     0
 42
0.0000000001
 43
0.0000000001
 12
1.0
 22
0.0
 32
0.0
 13
1.0
 23
0.0
 33
0.0
 40
0.0
 40
0.0
 40
0.0
 40
0.0
 40
1.0
 40
1.0
 40
1.0
 40
1.0
 10
6.953898735428437
 20
36.27395373751569
 30
0.0
 10
7.487135412672463
 20
36.26099274528388
 30
0.0
 10
7.994912875822339
 20
35.95243903478458
 30
0.0
 10
8.337850092928445
 20
35.55567603190708
 30
0.0
  0
SPLINE
  5
F9
330
1F
100
AcDbEntity
  8
LAYER_1
 62
     7
100
AcDbSpline
210
0.0
220
0.0
230
1.0
 70
     8
 71
     3
 72
     8
 73
     4
 74
     0
 42
0.0000000001
 43
0.0000000001
 12
1.0
 22
0.0
 32
0.0
 13
1.0
 23
0.0
 33
0.0
 40
0.0
 40
0.0
 40
0.0
 40
0.0
 40
1.0
 40
1.0
 40
1.0
 40
1.0
 10
7.514377347625567
 20
36.40988394095722
 30
0.0
 10
7.972637622827632
 20
36.50869125014221
 30
0.0
 10
8.472581969317641
 20
36.39267283974971
 30
0.0
 10
8.84049148920907
 20
36.10214237774971
 30
0.0
  0
SPLINE
  5
FA
330
1F
100
AcDbEntity
  8
LAYER_1
 62
     7
100
AcDbSpline
210
0.0
220
0.0
230
1.0
 70
     8
 71
     3
 72
     8
 73
     4
 74
     0
 42
0.0000000001
 43
0.0000000001
 12
1.0
 22
0.0
 32
0.0
 13
1.0
 23
0.0
 33
0.0
 40
0.0
 40
0.0
 40
0.0
 40
0.0
 40
1.0
 40
1.0
 40
1.0
 40
1.0
 10
9.099003621978024
 20
34.32852586703805
 30
0.0
 10
9.25251742024923
 20
33.84765038892584
 30
0.0
 10
9.484634607688829
 20
33.39196521529723
 30
0.0
 10
9.783344311384225
 20
32.98504971469861
 30
0.0
  0
SPLINE
  5
FB
330
1F
100
AcDbEntity
  8
LAYER_1
 62
     7
100
AcDbSpline
210
0.0
220
0.0
230
1.0
 70
     8
 71
     3
 72
    11
 73
     7
 74
     0
 42
0.0000000001
 43
0.0000000001
 12
1.0
 22
0.0
 32
0.0
 13
1.0
 23
0.0
 33
0.0
 40
0.0
 40
0.0
 40
0.0
 40
0.0
 40
1.0
 40
1.0
 40
1.0
 40
2.0
 40
2.0
 40
2.0
 40
2.0
 10
11.24380144040116
 20
30.51634048739334
 30
0.0
 10
11.49398626941178
 20
30.28058008939459
 30
0.0
 10
11.56280056160742
 20
29.92594062117499
 30
0.0
 10
11.83513847609874
 20
29.69857007641222
 30
0.0
 10
12.00604255398629
 20
29.55588488426264
 30
0.0
 10
12.21814017140832
 20
29.46312849105458
 30
0.0
 10
12.43893078049283
 20
29.43451423410819
 30
0.0
  0
SPLINE
  5
FC
330
1F
100
AcDbEntity
  8
LAYER_1
 62
     7
100
AcDbSpline
210
0.0
220
0.0
230
1.0
 70
     8
 71
     3
 72
    11
 73
     7
 74
     0
 42
0.0000000001
 43
0.0000000001
 12
1.0
 22
0.0
 32
0.0
 13
1.0
 23
0.0
 33
0.0
 40
0.0
 40
0.0
 40
0.0
 40
0.0
 40
1.0
 40
1.0
 40
1.0
 40
2.0
 40
2.0
 40
2.0
 40
2.0
 10
8.47274151021121
 20
33.05497784888305
 30
0.0
 10
9.13803533279401
 20
32.28858552301292
 30
0.0
 10
9.655870226471707
 20
31.41216443251473
 30
0.0
 10
10.19240367700556
 20
30.55486160570472
 30
0.0
 10
10.6738650341992
 20
29.78555601606957
 30
0.0
 10
11.05976751544927
 20
28.94474706667514
 30
0.0
 10
12.03347798800385
 20
28.73150165329125
 30
0.0
  0
SPLINE
  5
FD
330
1F
100
AcDbEntity
  8
LAYER_1
 62
     7
100
AcDbSpline
210
0.0
220
0.0
230
1.0
 70
     8
 71
     3
 72
    11
 73
     7
 74
     0
 42
0.0000000001
 43
0.0000000001
 12
1.0
 22
0.0
 32
0.0
 13
1.0
 23
0.0
 33
0.0
 40
0.0
 40
0.0
 40
0.0
 40
0.0
 40
1.0
 40
1.0
 40
1.0
 40
2.0
 40
2.0
 40
2.0
 40
2.0
 10
14.10050921347751
 20
29.68583161370639
 30
0.0
 10
13.6808888551753
 20
30.90240143569708
 30
0.0
 10
12.48022657359906
 20
31.68113540963597
 30
0.0
 10
11.88167830779745
 20
32.82037346657848
 30
0.0
 10
11.61425071831074
 20
33.32937748021125
 30
0.0
 10
11.4757403294034
 20
33.89446238523361
 30
0.0
 10
11.33962431561478
 20
34.45309916129694
 30
0.0
  0
SPLINE
  5
FE
330
1F
100
AcDbEntity
  8
LAYER_1
 62
     7
100
AcDbSpline
210
0.0
220
0.0
230
1.0
 70
     8
 71
     3
 72
    38
 73
    34
 74
     0
 42
0.0000000001
 43
0.0000000001
 12
1.0
 22
0.0
 32
0.0
 13
1.0
 23
0.0
 33
0.0
 40
0.0
 40
0.0
 40
0.0
 40
0.0
 40
1.0
 40
1.0
 40
1.0
 40
2.0
 40
2.0
 40
2.0
 40
3.0
 40
3.0
 40
3.0
 40
4.0
 40
4.0
 40
4.0
 40
5.0
 40
5.0
 40
5.0
 40
6.0
 40
6.0
 40
6.0
 40
7.0
 40
7.0
 40
7.0
 40
8.0
 40
8.0
 40
8.0
 40
9.0
 40
9.0
 40
9.0
 40
10.0
 40
10.0
 40
10.0
 40
11.0
 40
11.0
 40
11.0
 40
11.0
 10
5.166587622231721
 20
32.62037440166485
 30
0.0
 10
4.84684675837621
 20
32.7937721907489
 30
0.0
 10
4.413043812623402
 20
32.58984860192459
 30
0.0
 10
4.265914314884437
 20
32.25720175589514
 30
0.0
 10
4.118784817145474
 20
31.92455490986569
 30
0.0
 10
4.213353382755738
 20
31.52334704926792
 30
0.0
 10
4.42187673328461
 20
31.22532183965889
 30
0.0
 10
4.533471683015756
 20
31.06582838890819
 30
0.0
 10
4.67989427196355
 20
30.85610591345736
 30
0.0
 10
4.561332421958974
 20
30.70172106325583
 30
0.0
 10
4.518315429685976
 20
30.64570664461236
 30
0.0
 10
4.44429462734057
 20
30.60924523957375
 30
0.0
 10
4.428474569695405
 20
30.54041354452513
 30
0.0
 10
4.407238067058339
 20
30.44801537421376
 30
0.0
 10
4.501722815386175
 20
30.37572344861528
 30
0.0
 10
4.573289767219446
 20
30.31354159913917
 30
0.0
 10
4.823232434683253
 20
30.09637577500166
 30
0.0
 10
4.885478695843201
 20
29.74056974946931
 30
0.0
 10
4.956233886834045
 20
29.41711027254958
 30
0.0
 10
5.109204037205093
 20
28.71780167937555
 30
0.0
 10
5.37222168333786
 20
28.04268104406583
 30
0.0
 10
5.732646416194105
 20
27.42419387412278
 30
0.0
 10
5.874276247164137
 20
27.18115779957583
 30
0.0
 10
6.04106954771737
 20
26.93722655493889
 30
0.0
 10
6.289221776437696
 20
26.80476472618125
 30
0.0
 10
6.528260525829713
 20
26.67716768242764
 30
0.0
 10
6.843317361687872
 20
26.66355814254541
 30
0.0
 10
7.108245257599618
 20
26.64833329955263
 30
0.0
 10
7.404086490699607
 20
26.6313319327875
 30
0.0
 10
7.741065712724776
 20
26.72154714247208
 30
0.0
 10
8.023919619015613
 20
26.7994614693493
 30
0.0
 10
9.031786538809632
 20
27.07708648776402
 30
0.0
 10
9.844848988804591
 20
27.7549693745825
 30
0.0
 10
10.59841383915364
 20
28.44934622255055
 30
0.0
  0
SPLINE
  5
FF
330
1F
100
AcDbEntity
  8
LAYER_1
 62
     7
100
AcDbSpline
210
0.0
220
0.0
230
1.0
 70
     8
 71
     3
 72
    23
 73
    19
 74
     0
 42
0.0000000001
 43
0.0000000001
 12
1.0
 22
0.0
 32
0.0
 13
1.0
 23
0.0
 33
0.0
 40
0.0
 40
0.0
 40
0.0
 40
0.0
 40
1.0
 40
1.0
 40
1.0
 40
2.0
 40
2.0
 40
2.0
 40
3.0
 40
3.0
 40
3.0
 40
4.0
 40
4.0
 40
4.0
 40
5.0
 40
5.0
 40
5.0
 40
6.0
 40
6.0
 40
6.0
 40
6.0
 10
4.87927331103477
 20
30.58269918134556
 30
0.0
 10
5.148515247954896
 20
30.66181715844042
 30
0.0
 10
5.417757184874997
 20
30.74093513553528
 30
0.0
 10
5.686999121795098
 20
30.82005311263013
 30
0.0
 10
5.682342890866417
 20
30.71768090025514
 30
0.0
 10
5.597482006528708
 20
30.63667780765596
 30
0.0
 10
5.508057022943754
 20
30.58662860522194
 30
0.0
 10
5.418632039358802
 20
30.53657940278791
 30
0.0
 10
5.317993798017091
 20
30.50478831079959
 30
0.0
 10
5.238728328977029
 20
30.43983651504833
 30
0.0
 10
5.159462859936967
 20
30.37488471929709
 30
0.0
 10
5.106421453895892
 20
30.2597479575525
 30
0.0
 10
5.15403726011017
 20
30.16900389244625
 30
0.0
 10
5.184004183346638
 20
30.1118941228293
 30
0.0
 10
5.246220601267118
 20
30.07872599172833
 30
0.0
 10
5.308432116782265
 20
30.06171796276125
 30
0.0
 10
5.481523543084651
 20
30.01439649950501
 30
0.0
 10
5.679409457049056
 20
30.07511380636819
 30
0.0
 10
5.796173242851384
 20
30.21137152391139
 30
0.0
  0
SPLINE
  5
100
330
1F
100
AcDbEntity
  8
LAYER_1
 62
     7
100
AcDbSpline
210
0.0
220
0.0
230
1.0
 70
     8
 71
     3
 72
     8
 73
     4
 74
     0
 42
0.0000000001
 43
0.0000000001
 12
1.0
 22
0.0
 32
0.0
 13
1.0
 23
0.0
 33
0.0
 40
0.0
 40
0.0
 40
0.0
 40
0.0
 40
1.0
 40
1.0
 40
1.0
 40
1.0
 10
5.34092939359079
 20
29.77497703188931
 30
0.0
 10
5.541601438849284
 20
28.85404166555986
 30
0.0
 10
5.760881168553421
 20
27.89394525540417
 30
0.0
 10
6.364870057587646
 20
27.17035100402583
 30
0.0
  0
SPLINE
  5
101
330
1F
100
AcDbEntity
  8
LAYER_1
 62
     7
100
AcDbSpline
210
0.0
220
0.0
230
1.0
 70
     8
 71
     3
 72
    11
 73
     7
 74
     0
 42
0.0000000001
 43
0.0000000001
 12
1.0
 22
0.0
 32
0.0
 13
1.0
 23
0.0
 33
0.0
 40
0.0
 40
0.0
 40
0.0
 40
0.0
 40
1.0
 40
1.0
 40
1.0
 40
2.0
 40
2.0
 40
2.0
 40
2.0
 10
5.977349828944423
 20
28.08077776141195
 30
0.0
 10
6.115016193464069
 20
28.34430912352639
 30
0.0
 10
6.362844116128624
 20
28.54804254922444
 30
0.0
 10
6.648029246224091
 20
28.63212731782375
 30
0.0
 10
6.933214376319559
 20
28.71621208642292
 30
0.0
 10
7.251930039098574
 20
28.67951993060972
 30
0.0
 10
7.510547209060178
 20
28.53282989639125
 30
0.0
  0
SPLINE
  5
102
330
1F
100
AcDbEntity
  8
LAYER_1
 62
     7
100
AcDbSpline
210
0.0
220
0.0
230
1.0
 70
     8
 71
     3
 72
    17
 73
    13
 74
     0
 42
0.0000000001
 43
0.0000000001
 12
1.0
 22
0.0
 32
0.0
 13
1.0
 23
0.0
 33
0.0
 40
0.0
 40
0.0
 40
0.0
 40
0.0
 40
1.0
 40
1.0
 40
1.0
 40
2.0
 40
2.0
 40
2.0
 40
3.0
 40
3.0
 40
3.0
 40
4.0
 40
4.0
 40
4.0
 40
4.0
 10
6.495344274111757
 20
27.33108171590846
 30
0.0
 10
6.448928208635455
 20
27.46088118354486
 30
0.0
 10
6.504648849923695
 20
27.61277129460417
 30
0.0
 10
6.608226682237399
 20
27.70373274570388
 30
0.0
 10
6.711804514551077
 20
27.79469419680361
 30
0.0
 10
6.854227035906913
 20
27.83135332494847
 30
0.0
 10
6.99207467263366
 20
27.83197137172208
 30
0.0
 10
7.129922309360457
 20
27.8325894184957
 30
0.0
 10
7.265564430602605
 20
27.80040625291541
 30
0.0
 10
7.399649127067075
 20
27.76841176734375
 30
0.0
 10
7.539639572746814
 20
27.73500797247028
 30
0.0
 10
7.679630010113796
 20
27.70160426736958
 30
0.0
 10
7.819620447480777
 20
27.66820056226889
 30
0.0
  0
SPLINE
  5
103
330
1F
100
AcDbEntity
  8
LAYER_1
 62
     7
100
AcDbSpline
210
0.0
220
0.0
230
1.0
 70
     8
 71
     3
 72
    23
 73
    19
 74
     0
 42
0.0000000001
 43
0.0000000001
 12
1.0
 22
0.0
 32
0.0
 13
1.0
 23
0.0
 33
0.0
 40
0.0
 40
0.0
 40
0.0
 40
0.0
 40
1.0
 40
1.0
 40
1.0
 40
2.0
 40
2.0
 40
2.0
 40
3.0
 40
3.0
 40
3.0
 40
4.0
 40
4.0
 40
4.0
 40
5.0
 40
5.0
 40
5.0
 40
6.0
 40
6.0
 40
6.0
 40
6.0
 10
7.472424967828728
 20
27.40482797990541
 30
0.0
 10
7.330780459893427
 20
27.40523099313097
 30
0.0
 10
7.189232525457201
 20
27.42943101532777
 30
0.0
 10
7.055499420450915
 20
27.47610847962556
 30
0.0
 10
6.985860050792452
 20
27.50041502525125
 30
0.0
 10
6.907957002336338
 20
27.53061388153638
 30
0.0
 10
6.841600744234938
 20
27.49840678695
 30
0.0
 10
6.785043508291639
 20
27.47095579007166
 30
0.0
 10
6.757511504339996
 20
27.40728930161277
 30
0.0
 10
6.734563092391883
 20
27.34876026570986
 30
0.0
 10
6.706335167595928
 20
27.27676599336319
 30
0.0
 10
6.678107234497348
 20
27.20477172595277
 30
0.0
 10
6.649879301398768
 20
27.13277745854236
 30
0.0
 10
6.638626316665699
 20
27.10407714176625
 30
0.0
 10
6.627222218414797
 20
27.07266014706778
 30
0.0
 10
6.636168582427975
 20
27.04315929256166
 30
0.0
 10
6.656755821102479
 20
26.97527239038583
 30
0.0
 10
6.766226367437285
 20
26.96666398104458
 30
0.0
 10
6.783843613848957
 20
26.89794645244027
 30
0.0
  0
SPLINE
  5
104
330
1F
100
AcDbEntity
  8
LAYER_1
 62
     7
100
AcDbSpline
210
0.0
220
0.0
230
1.0
 70
     8
 71
     3
 72
    11
 73
     7
 74
     0
 42
0.0000000001
 43
0.0000000001
 12
1.0
 22
0.0
 32
0.0
 13
1.0
 23
0.0
 33
0.0
 40
0.0
 40
0.0
 40
0.0
 40
0.0
 40
1.0
 40
1.0
 40
1.0
 40
2.0
 40
2.0
 40
2.0
 40
2.0
 10
6.265778407846457
 20
27.83824799831763
 30
0.0
 10
6.377600455692042
 20
28.02428555899041
 30
0.0
 10
6.593152889397238
 20
28.1288061257425
 30
0.0
 10
6.808361746640331
 20
28.15707788072083
 30
0.0
 10
7.023570603883449
 20
28.18534963569903
 30
0.0
 10
7.241479198948682
 20
28.14756916234736
 30
0.0
 10
7.45462295898508
 20
28.10653403199569
 30
0.0
  0
SPLINE
  5
105
330
1F
100
AcDbEntity
  8
LAYER_1
 62
     7
100
AcDbSpline
210
0.0
220
0.0
230
1.0
 70
     8
 71
     3
 72
     8
 73
     4
 74
     0
 42
0.0000000001
 43
0.0000000001
 12
1.0
 22
0.0
 32
0.0
 13
1.0
 23
0.0
 33
0.0
 40
0.0
 40
0.0
 40
0.0
 40
0.0
 40
1.0
 40
1.0
 40
1.0
 40
1.0
 10
7.002374871295842
 20
28.3450488388275
 30
0.0
 10
6.81692999479987
 20
28.4239601721175
 30
0.0
 10
6.582729949553317
 20
28.36676935480806
 30
0.0
 10
6.454528153808925
 20
28.21126662072236
 30
0.0
  0
SPLINE
  5
106
330
1F
100
AcDbEntity
  8
LAYER_1
 62
     7
100
AcDbSpline
210
0.0
220
0.0
230
1.0
 70
     8
 71
     3
 72
    14
 73
    10
 74
     0
 42
0.0000000001
 43
0.0000000001
 12
1.0
 22
0.0
 32
0.0
 13
1.0
 23
0.0
 33
0.0
 40
0.0
 40
0.0
 40
0.0
 40
0.0
 40
1.0
 40
1.0
 40
1.0
 40
2.0
 40
2.0
 40
2.0
 40
3.0
 40
3.0
 40
3.0
 40
3.0
 10
7.244297741119326
 20
29.30915583792014
 30
0.0
 10
7.317799199779984
 20
29.32138957011959
 30
0.0
 10
7.391798196357058
 20
29.28730079798846
 30
0.0
 10
7.45074265439214
 20
29.24171922829499
 30
0.0
 10
7.509687112427223
 20
29.19613765860153
 30
0.0
 10
7.558703268354949
 20
29.13878560527236
 30
0.0
 10
7.61747616917541
 20
29.09298304248458
 30
0.0
 10
7.850121807497089
 20
28.91167889049749
 30
0.0
 10
8.208050661321522
 20
28.92923626716569
 30
0.0
 10
8.40511428180437
 20
28.70977985216735
 30
0.0
  0
SPLINE
  5
107
330
1F
100
AcDbEntity
  8
LAYER_1
 62
     7
100
AcDbSpline
210
0.0
220
0.0
230
1.0
 70
     8
 71
     3
 72
     8
 73
     4
 74
     0
 42
0.0000000001
 43
0.0000000001
 12
1.0
 22
0.0
 32
0.0
 13
1.0
 23
0.0
 33
0.0
 40
0.0
 40
0.0
 40
0.0
 40
0.0
 40
1.0
 40
1.0
 40
1.0
 40
1.0
 10
7.583967866002947
 20
30.03850863914598
 30
0.0
 10
7.782000648884377
 20
29.76033237578763
 30
0.0
 10
8.060214563796206
 20
29.53993471567193
 30
0.0
 10
8.376325948714996
 20
29.41081225861486
 30
0.0
  0
SPLINE
  5
108
330
1F
100
AcDbEntity
  8
LAYER_1
 62
     7
100
AcDbSpline
210
0.0
220
0.0
230
1.0
 70
     8
 71
     3
 72
    17
 73
    13
 74
     0
 42
0.0000000001
 43
0.0000000001
 12
1.0
 22
0.0
 32
0.0
 13
1.0
 23
0.0
 33
0.0
 40
0.0
 40
0.0
 40
0.0
 40
0.0
 40
1.0
 40
1.0
 40
1.0
 40
2.0
 40
2.0
 40
2.0
 40
3.0
 40
3.0
 40
3.0
 40
4.0
 40
4.0
 40
4.0
 40
4.0
 10
6.342941357937333
 20
31.45392688964931
 30
0.0
 10
6.469568776135954
 20
30.79711873432125
 30
0.0
 10
6.577731978380345
 20
30.13675093749417
 30
0.0
 10
6.667260176081956
 20
29.47386621315584
 30
0.0
 10
6.676970877276315
 20
29.40196651392888
 30
0.0
 10
6.679549883880023
 20
29.31377009293069
 30
0.0
 10
6.618907616856151
 20
29.27394071300569
 30
0.0
 10
6.555217458085533
 20
29.2321095644368
 30
0.0
 10
6.471304790952697
 20
29.27585131826888
 30
0.0
 10
6.410726651618385
 20
29.32207432788958
 30
0.0
 10
6.350148512284047
 20
29.36829733751013
 30
0.0
 10
6.276107783581438
 20
29.42096316573027
 30
0.0
 10
6.204745557091806
 20
29.39424781033237
 30
0.0
  0
SPLINE
  5
109
330
1F
100
AcDbEntity
  8
LAYER_1
 62
     7
100
AcDbSpline
210
0.0
220
0.0
230
1.0
 70
     8
 71
     3
 72
     8
 73
     4
 74
     0
 42
0.0000000001
 43
0.0000000001
 12
1.0
 22
0.0
 32
0.0
 13
1.0
 23
0.0
 33
0.0
 40
0.0
 40
0.0
 40
0.0
 40
0.0
 40
1.0
 40
1.0
 40
1.0
 40
1.0
 10
6.170648716490884
 20
31.3842090836986
 30
0.0
 10
6.3308348720198
 20
30.815797223255
 30
0.0
 10
6.337010445581326
 20
30.20477427370583
 30
0.0
 10
6.188345650766728
 20
29.6332408745954
 30
0.0
  0
SPLINE
  5
10A
330
1F
100
AcDbEntity
  8
LAYER_1
 62
     7
100
AcDbSpline
210
0.0
220
0.0
230
1.0
 70
     8
 71
     3
 72
     8
 73
     4
 74
     0
 42
0.0000000001
 43
0.0000000001
 12
1.0
 22
0.0
 32
0.0
 13
1.0
 23
0.0
 33
0.0
 40
0.0
 40
0.0
 40
0.0
 40
0.0
 40
1.0
 40
1.0
 40
1.0
 40
1.0
 10
6.137728558582719
 20
29.12979000527583
 30
0.0
 10
5.990073305855756
 20
29.02547379547555
 30
0.0
 10
5.874779969127505
 20
28.87600456915473
 30
0.0
 10
5.811377343516344
 20
28.70669995506945
 30
0.0
  0
SPLINE
  5
10B
330
1F
100
AcDbEntity
  8
LAYER_1
 62
     7
100
AcDbSpline
210
0.0
220
0.0
230
1.0
 70
     8
 71
     3
 72
     8
 73
     4
 74
     0
 42
0.0000000001
 43
0.0000000001
 12
1.0
 22
0.0
 32
0.0
 13
1.0
 23
0.0
 33
0.0
 40
0.0
 40
0.0
 40
0.0
 40
0.0
 40
1.0
 40
1.0
 40
1.0
 40
1.0
 10
6.028535756876787
 20
29.44028859229277
 30
0.0
 10
5.943716776277015
 20
29.33354301812902
 30
0.0
 10
5.870699240240557
 20
29.21742693632041
 30
0.0
 10
5.811240072802598
 20
29.09473429399361
 30
0.0
  0
SPLINE
  5
10C
330
1F
100
AcDbEntity
  8
LAYER_1
 62
     7
100
AcDbSpline
210
0.0
220
0.0
230
1.0
 70
     8
 71
     3
 72
     8
 73
     4
 74
     0
 42
0.0000000001
 43
0.0000000001
 12
1.0
 22
0.0
 32
0.0
 13
1.0
 23
0.0
 33
0.0
 40
0.0
 40
0.0
 40
0.0
 40
0.0
 40
1.0
 40
1.0
 40
1.0
 40
1.0
 10
5.672316589986925
 20
29.97378134238972
 30
0.0
 10
5.677435188728926
 20
29.82829797226486
 30
0.0
 10
5.656625156319351
 20
29.68193974000722
 30
0.0
 10
5.611157958423594
 20
29.54364894150111
 30
0.0
  0
SPLINE
  5
10D
330
1F
100
AcDbEntity
  8
LAYER_1
 62
     7
100
AcDbSpline
210
0.0
220
0.0
230
1.0
 70
     8
 71
     3
 72
    17
 73
    13
 74
     0
 42
0.0000000001
 43
0.0000000001
 12
1.0
 22
0.0
 32
0.0
 13
1.0
 23
0.0
 33
0.0
 40
0.0
 40
0.0
 40
0.0
 40
0.0
 40
1.0
 40
1.0
 40
1.0
 40
2.0
 40
2.0
 40
2.0
 40
3.0
 40
3.0
 40
3.0
 40
4.0
 40
4.0
 40
4.0
 40
4.0
 10
7.048798426578742
 20
30.7465349151025
 30
0.0
 10
7.104652305927679
 20
30.67803493709305
 30
0.0
 10
7.160506185276618
 20
30.6095349590836
 30
0.0
 10
7.216360064625582
 20
30.54103498107416
 30
0.0
 10
7.23736417076384
 20
30.51527525119152
 30
0.0
 10
7.260155046465014
 20
30.48825959943292
 30
0.0
 10
7.291796870943269
 20
30.47808457602014
 30
0.0
 10
7.354776266137478
 20
30.45783234430069
 30
0.0
 10
7.414875097923691
 20
30.5113336627168
 30
0.0
 10
7.463127685508627
 20
30.55659120507403
 30
0.0
 10
7.715974623406837
 20
30.79374381412541
 30
0.0
 10
8.073248576891324
 20
30.91528034653806
 30
0.0
 10
8.418258960710293
 20
30.88150530321694
 30
0.0
  0
SPLINE
  5
10E
330
1F
100
AcDbEntity
  8
LAYER_1
 62
     7
100
AcDbSpline
210
0.0
220
0.0
230
1.0
 70
     8
 71
     3
 72
    11
 73
     7
 74
     0
 42
0.0000000001
 43
0.0000000001
 12
1.0
 22
0.0
 32
0.0
 13
1.0
 23
0.0
 33
0.0
 40
0.0
 40
0.0
 40
0.0
 40
0.0
 40
1.0
 40
1.0
 40
1.0
 40
2.0
 40
2.0
 40
2.0
 40
2.0
 10
6.726343268424595
 20
30.8517325201925
 30
0.0
 10
7.073524758851136
 20
31.28663931063708
 30
0.0
 10
7.684351656594849
 20
31.49186032551222
 30
0.0
 10
8.223697564310669
 20
31.35480232501709
 30
0.0
 10
8.225485506897485
 20
31.35070672093666
 30
0.0
 10
8.229681550014067
 20
31.32101092840556
 30
0.0
 10
8.231469492600883
 20
31.31691532432513
 30
0.0
  0
SPLINE
  5
10F
330
1F
100
AcDbEntity
  8
LAYER_1
 62
     7
100
AcDbSpline
210
0.0
220
0.0
230
1.0
 70
     8
 71
     3
 72
    14
 73
    10
 74
     0
 42
0.0000000001
 43
0.0000000001
 12
1.0
 22
0.0
 32
0.0
 13
1.0
 23
0.0
 33
0.0
 40
0.0
 40
0.0
 40
0.0
 40
0.0
 40
1.0
 40
1.0
 40
1.0
 40
2.0
 40
2.0
 40
2.0
 40
3.0
 40
3.0
 40
3.0
 40
3.0
 10
7.404835222802173
 20
32.16554594388096
 30
0.0
 10
7.19634443595684
 20
32.03321425788653
 30
0.0
 10
6.974495750135954
 20
31.92194075057402
 30
0.0
 10
6.743756597865286
 20
31.8339661694332
 30
0.0
 10
6.372669810968343
 20
31.69248091706569
 30
0.0
 10
5.980284402878472
 20
31.61163150542083
 30
0.0
 10
5.611849949169128
 20
31.46337655288667
 30
0.0
 10
5.243415495459758
 20
31.31512160035236
 30
0.0
 10
4.887365698657655
 20
31.08432248832028
 30
0.0
 10
4.701917981735757
 20
30.73313504275959
 30
0.0
  0
SPLINE
  5
110
330
1F
100
AcDbEntity
  8
LAYER_1
 62
     7
100
AcDbSpline
210
0.0
220
0.0
230
1.0
 70
     8
 71
     3
 72
    17
 73
    13
 74
     0
 42
0.0000000001
 43
0.0000000001
 12
1.0
 22
0.0
 32
0.0
 13
1.0
 23
0.0
 33
0.0
 40
0.0
 40
0.0
 40
0.0
 40
0.0
 40
1.0
 40
1.0
 40
1.0
 40
2.0
 40
2.0
 40
2.0
 40
3.0
 40
3.0
 40
3.0
 40
4.0
 40
4.0
 40
4.0
 40
4.0
 10
5.762831150012087
 20
31.91004737916541
 30
0.0
 10
5.375273825443451
 20
31.92537283979138
 30
0.0
 10
4.983924765560434
 20
31.77372996414834
 30
0.0
 10
4.707881627719012
 20
31.50126760781111
 30
0.0
 10
4.66856741564647
 20
31.4624633911132
 30
0.0
 10
4.628933333836383
 20
31.41425479928028
 30
0.0
 10
4.633895557285162
 20
31.35923888506764
 30
0.0
 10
4.63921793186551
 20
31.30022950716611
 30
0.0
 10
4.696895626494349
 20
31.25691691356
 30
0.0
 10
4.755427202868582
 20
31.2477251507093
 30
0.0
 10
4.81395877924284
 20
31.23853338785861
 30
0.0
 10
4.873096000015317
 20
31.25541799680791
 30
0.0
 10
4.929939481736988
 20
31.27212884726249
 30
0.0
  0
SPLINE
  5
111
330
1F
100
AcDbEntity
  8
LAYER_1
 62
     7
100
AcDbSpline
210
0.0
220
0.0
230
1.0
 70
     8
 71
     3
 72
     8
 73
     4
 74
     0
 42
0.0000000001
 43
0.0000000001
 12
1.0
 22
0.0
 32
0.0
 13
1.0
 23
0.0
 33
0.0
 40
0.0
 40
0.0
 40
0.0
 40
0.0
 40
1.0
 40
1.0
 40
1.0
 40
1.0
 10
5.455499903626509
 20
32.2722675821343
 30
0.0
 10
5.066588917823891
 20
32.23389171393569
 30
0.0
 10
4.697950356011208
 20
32.02261952834846
 30
0.0
 10
4.468243375062027
 20
31.70645633466333
 30
0.0
  0
SPLINE
  5
112
330
1F
100
AcDbEntity
  8
LAYER_1
 62
     7
100
AcDbSpline
210
0.0
220
0.0
230
1.0
 70
     8
 71
     3
 72
     8
 73
     4
 74
     0
 42
0.0000000001
 43
0.0000000001
 12
1.0
 22
0.0
 32
0.0
 13
1.0
 23
0.0
 33
0.0
 40
0.0
 40
0.0
 40
0.0
 40
0.0
 40
1.0
 40
1.0
 40
1.0
 40
1.0
 10
6.815852270104894
 20
27.09789644760889
 30
0.0
 10
7.326701739420312
 20
26.95796928519431
 30
0.0
 10
7.884036625814284
 20
26.99412268108555
 30
0.0
 10
8.372527279665013
 20
27.19887539091306
 30
0.0
  0
SPLINE
  5
113
330
1F
100
AcDbEntity
  8
LAYER_1
 62
     7
100
AcDbSpline
210
0.0
220
0.0
230
1.0
 70
     8
 71
     3
 72
     8
 73
     4
 74
     0
 42
0.0000000001
 43
0.0000000001
 12
1.0
 22
0.0
 32
0.0
 13
1.0
 23
0.0
 33
0.0
 40
0.0
 40
0.0
 40
0.0
 40
0.0
 40
1.0
 40
1.0
 40
1.0
 40
1.0
 10
7.890964441356977
 20
28.03079250840347
 30
0.0
 10
8.031165495943847
 20
27.96432576748181
 30
0.0
 10
8.150381691755431
 20
27.85438682200444
 30
0.0
 10
8.227964298045082
 20
27.72001754516888
 30
0.0
  0
SPLINE
  5
114
330
1F
100
AcDbEntity
  8
LAYER_1
 62
     7
100
AcDbSpline
210
0.0
220
0.0
230
1.0
 70
     8
 71
     3
 72
     8
 73
     4
 74
     0
 42
0.0000000001
 43
0.0000000001
 12
1.0
 22
0.0
 32
0.0
 13
1.0
 23
0.0
 33
0.0
 40
0.0
 40
0.0
 40
0.0
 40
0.0
 40
1.0
 40
1.0
 40
1.0
 40
1.0
 10
6.094470768740696
 20
30.2337063184886
 30
0.0
 10
6.104833784951274
 20
30.06950707675486
 30
0.0
 10
6.069300340504115
 20
29.90265142337014
 30
0.0
 10
5.99293511579026
 20
29.75692175739458
 30
0.0
  0
SPLINE
  5
115
330
1F
100
AcDbEntity
  8
LAYER_1
 62
     7
100
AcDbSpline
210
0.0
220
0.0
230
1.0
 70
     8
 71
     3
 72
     8
 73
     4
 74
     0
 42
0.0000000001
 43
0.0000000001
 12
1.0
 22
0.0
 32
0.0
 13
1.0
 23
0.0
 33
0.0
 40
0.0
 40
0.0
 40
0.0
 40
0.0
 40
1.0
 40
1.0
 40
1.0
 40
1.0
 10
8.063473819675512
 20
26.61176129258986
 30
0.0
 10
8.323221823633174
 20
26.3309026466607
 30
0.0
 10
8.507155034459073
 20
25.98058278222194
 30
0.0
 10
8.59086238212232
 20
25.60729511232056
 30
0.0
  0
SPLINE
  5
116
330
1F
100
AcDbEntity
  8
LAYER_1
 62
     7
100
AcDbSpline
210
0.0
220
0.0
230
1.0
 70
     8
 71
     3
 72
    11
 73
     7
 74
     0
 42
0.0000000001
 43
0.0000000001
 12
1.0
 22
0.0
 32
0.0
 13
1.0
 23
0.0
 33
0.0
 40
0.0
 40
0.0
 40
0.0
 40
0.0
 40
1.0
 40
1.0
 40
1.0
 40
2.0
 40
2.0
 40
2.0
 40
2.0
 10
8.497924839047553
 20
26.23309432398139
 30
0.0
 10
8.552848495516653
 20
26.14421467751375
 30
0.0
 10
8.645673132826333
 20
26.07964838401444
 30
0.0
 10
8.74810791779699
 20
26.05907377772041
 30
0.0
 10
8.850542702767648
 20
26.03849917142625
 30
0.0
 10
8.961099341026106
 20
26.06221518468541
 30
0.0
 10
9.04608268976848
 20
26.12299371734847
 30
0.0
  0
SPLINE
  5
117
330
1F
100
AcDbEntity
  8
LAYER_1
 62
     7
100
AcDbSpline
210
0.0
220
0.0
230
1.0
 70
     8
 71
     3
 72
     8
 73
     4
 74
     0
 42
0.0000000001
 43
0.0000000001
 12
1.0
 22
0.0
 32
0.0
 13
1.0
 23
0.0
 33
0.0
 40
0.0
 40
0.0
 40
0.0
 40
0.0
 40
1.0
 40
1.0
 40
1.0
 40
1.0
 10
8.19925625639222
 20
26.70206141397514
 30
0.0
 10
8.346075433616003
 20
26.50616005727069
 30
0.0
 10
8.62016005872215
 20
26.41618907139444
 30
0.0
 10
8.854518703287187
 20
26.48696504243652
 30
0.0
  0
SPLINE
  5
118
330
1F
100
AcDbEntity
  8
LAYER_1
 62
     7
100
AcDbSpline
210
0.0
220
0.0
230
1.0
 70
     8
 71
     3
 72
     8
 73
     4
 74
     0
 42
0.0000000001
 43
0.0000000001
 12
1.0
 22
0.0
 32
0.0
 13
1.0
 23
0.0
 33
0.0
 40
0.0
 40
0.0
 40
0.0
 40
0.0
 40
1.0
 40
1.0
 40
1.0
 40
1.0
 10
7.671567855249678
 20
24.45139753965
 30
0.0
 10
8.817876320647049
 20
25.59404375845458
 30
0.0
 10
10.21348416727147
 20
26.48528524985375
 30
0.0
 10
11.73230787306817
 20
27.04460450564583
 30
0.0
  0
SPLINE
  5
119
330
1F
100
AcDbEntity
  8
LAYER_1
 62
     7
100
AcDbSpline
210
0.0
220
0.0
230
1.0
 70
     8
 71
     3
 72
     8
 73
     4
 74
     0
 42
0.0000000001
 43
0.0000000001
 12
1.0
 22
0.0
 32
0.0
 13
1.0
 23
0.0
 33
0.0
 40
0.0
 40
0.0
 40
0.0
 40
0.0
 40
1.0
 40
1.0
 40
1.0
 40
1.0
 10
7.771216942261238
 20
24.75201769014625
 30
0.0
 10
7.916141409333754
 20
24.95898001200777
 30
0.0
 10
7.897053041916554
 20
25.26530913566125
 30
0.0
 10
7.727556458386642
 20
25.45267885572889
 30
0.0
  0
SPLINE
  5
11A
330
1F
100
AcDbEntity
  8
LAYER_1
 62
     7
100
AcDbSpline
210
0.0
220
0.0
230
1.0
 70
     8
 71
     3
 72
    20
 73
    16
 74
     0
 42
0.0000000001
 43
0.0000000001
 12
1.0
 22
0.0
 32
0.0
 13
1.0
 23
0.0
 33
0.0
 40
0.0
 40
0.0
 40
0.0
 40
0.0
 40
1.0
 40
1.0
 40
1.0
 40
2.0
 40
2.0
 40
2.0
 40
3.0
 40
3.0
 40
3.0
 40
4.0
 40
4.0
 40
4.0
 40
5.0
 40
5.0
 40
5.0
 40
5.0
 10
10.92745080742707
 20
26.2953685122868
 30
0.0
 10
10.69150610965623
 20
25.88557875633805
 30
0.0
 10
10.30052714354032
 20
25.58762065885445
 30
0.0
 10
9.891198375276618
 20
25.35087711837583
 30
0.0
 10
9.481869607012918
 20
25.11413357789721
 30
0.0
 10
9.044395845854625
 20
24.9271102849286
 30
0.0
 10
8.64501131728591
 20
24.67395115942333
 30
0.0
 10
8.14094380822957
 20
24.35443633108166
 30
0.0
 10
7.707023420093618
 20
23.93564531747139
 30
0.0
 10
7.214631169995553
 20
23.59841594204542
 30
0.0
 10
7.028536081954952
 20
23.47096323123333
 30
0.0
 10
6.788461034796657
 20
23.35242057678513
 30
0.0
 10
6.587705846410699
 20
23.45524522546708
 30
0.0
 10
6.085698806936433
 20
23.71236783794556
 30
0.0
 10
6.497687084675716
 20
24.56274175481681
 30
0.0
 10
6.712346037521885
 20
24.87569984746612
 30
0.0
  0
SPLINE
  5
11B
330
1F
100
AcDbEntity
  8
LAYER_1
 62
     7
100
AcDbSpline
210
0.0
220
0.0
230
1.0
 70
     8
 71
     3
 72
    20
 73
    16
 74
     0
 42
0.0000000001
 43
0.0000000001
 12
1.0
 22
0.0
 32
0.0
 13
1.0
 23
0.0
 33
0.0
 40
0.0
 40
0.0
 40
0.0
 40
0.0
 40
1.0
 40
1.0
 40
1.0
 40
2.0
 40
2.0
 40
2.0
 40
3.0
 40
3.0
 40
3.0
 40
4.0
 40
4.0
 40
4.0
 40
5.0
 40
5.0
 40
5.0
 40
5.0
 10
11.04315607073451
 20
25.31887681235167
 30
0.0
 10
10.24559681694422
 20
24.43028600940556
 30
0.0
 10
9.150058890798137
 20
23.87104838659764
 30
0.0
 10
8.05350965965388
 20
23.39852943241278
 30
0.0
 10
7.500919524056902
 20
23.16041033483862
 30
0.0
 10
6.926808810897278
 20
22.93595652498569
 30
0.0
 10
6.325423140839752
 20
22.91616162016555
 30
0.0
 10
6.161520212340847
 20
22.91076668787889
 30
0.0
 10
5.989789584109151
 20
22.92288013284417
 30
0.0
 10
5.848702439898211
 20
23.00647255077611
 30
0.0
 10
5.691998743773082
 20
23.09931753696348
 30
0.0
 10
5.594998966369176
 20
23.26791326237791
 30
0.0
 10
5.534061483766714
 20
23.43956076294138
 30
0.0
 10
5.383476484176905
 20
23.86372561273611
 30
0.0
 10
5.419766064306891
 20
24.35055930309305
 30
0.0
 10
5.631573645964914
 20
24.74771064824347
 30
0.0
  0
SPLINE
  5
11C
330
1F
100
AcDbEntity
  8
LAYER_1
 62
     7
100
AcDbSpline
210
0.0
220
0.0
230
1.0
 70
     8
 71
     3
 72
    17
 73
    13
 74
     0
 42
0.0000000001
 43
0.0000000001
 12
1.0
 22
0.0
 32
0.0
 13
1.0
 23
0.0
 33
0.0
 40
0.0
 40
0.0
 40
0.0
 40
0.0
 40
1.0
 40
1.0
 40
1.0
 40
2.0
 40
2.0
 40
2.0
 40
3.0
 40
3.0
 40
3.0
 40
4.0
 40
4.0
 40
4.0
 40
4.0
 10
4.779858424619002
 20
24.29750856869626
 30
0.0
 10
4.727546853424428
 20
23.87182400411305
 30
0.0
 10
4.68537580965186
 20
23.41508691778458
 30
0.0
 10
4.887071622685476
 20
23.03658639201236
 30
0.0
 10
5.098992601669604
 20
22.6388971958957
 30
0.0
 10
5.550124859931985
 20
22.41082407259917
 30
0.0
 10
5.998562831229744
 20
22.36643272246778
 30
0.0
 10
6.447000802527478
 20
22.32204137233624
 30
0.0
 10
6.895924225187096
 20
22.43608084672472
 30
0.0
 10
7.322995881680046
 20
22.57987586154972
 30
0.0
 10
7.977954671064228
 20
22.80040045048444
 30
0.0
 10
8.608454339252653
 20
23.09348321696527
 30
0.0
 10
9.199250842367316
 20
23.45203806648
 30
0.0
  0
SPLINE
  5
11D
330
1F
100
AcDbEntity
  8
LAYER_1
 62
     7
100
AcDbSpline
210
0.0
220
0.0
230
1.0
 70
     8
 71
     3
 72
    14
 73
    10
 74
     0
 42
0.0000000001
 43
0.0000000001
 12
1.0
 22
0.0
 32
0.0
 13
1.0
 23
0.0
 33
0.0
 40
0.0
 40
0.0
 40
0.0
 40
0.0
 40
1.0
 40
1.0
 40
1.0
 40
2.0
 40
2.0
 40
2.0
 40
3.0
 40
3.0
 40
3.0
 40
3.0
 10
4.405086360278397
 20
24.05719572626722
 30
0.0
 10
4.08323596217954
 20
23.72715243374541
 30
0.0
 10
3.91661199913464
 20
23.25170620764236
 30
0.0
 10
3.962022441937721
 20
22.79295339252347
 30
0.0
 10
4.007432884740802
 20
22.33420057740458
 30
0.0
 10
4.264035652280983
 20
21.90064818303098
 30
0.0
 10
4.644345833878535
 20
21.64010947291611
 30
0.0
 10
5.024656015476087
 20
21.37957076280139
 30
0.0
 10
5.52162122404929
 20
21.29687710860584
 30
0.0
 10
5.965808536875834
 20
21.42022168618805
 30
0.0
  0
SPLINE
  5
11E
330
1F
100
AcDbEntity
  8
LAYER_1
 62
     7
100
AcDbSpline
210
0.0
220
0.0
230
1.0
 70
     8
 71
     3
 72
    29
 73
    25
 74
     0
 42
0.0000000001
 43
0.0000000001
 12
1.0
 22
0.0
 32
0.0
 13
1.0
 23
0.0
 33
0.0
 40
0.0
 40
0.0
 40
0.0
 40
0.0
 40
1.0
 40
1.0
 40
1.0
 40
2.0
 40
2.0
 40
2.0
 40
3.0
 40
3.0
 40
3.0
 40
4.0
 40
4.0
 40
4.0
 40
5.0
 40
5.0
 40
5.0
 40
6.0
 40
6.0
 40
6.0
 40
7.0
 40
7.0
 40
7.0
 40
8.0
 40
8.0
 40
8.0
 40
8.0
 10
6.373148331098516
 20
26.12684074255833
 30
0.0
 10
5.966599012367927
 20
25.80782192797222
 30
0.0
 10
5.560049693637362
 20
25.48880311338597
 30
0.0
 10
5.153500374906772
 20
25.16978429879987
 30
0.0
 10
4.879301004518159
 20
24.95462034867972
 30
0.0
 10
4.604986296204818
 20
24.73936986049486
 30
0.0
 10
4.321287718947411
 20
24.53689532532958
 30
0.0
 10
4.06176307939855
 20
24.35167364390361
 30
0.0
 10
3.787923142261762
 20
24.17075661673875
 30
0.0
 10
3.608740152734349
 20
23.90702656616778
 30
0.0
 10
3.417793240131029
 20
23.62598181232972
 30
0.0
 10
3.380755002082739
 20
23.30207854096833
 30
0.0
 10
3.33436908531102
 20
22.97383189397264
 30
0.0
 10
3.282665721399679
 20
22.60795670979097
 30
0.0
 10
3.24991148565722
 20
22.23798623631764
 30
0.0
 10
3.267712876097018
 20
21.86826737708569
 30
0.0
 10
3.293763912725631
 20
21.32721079070737
 30
0.0
 10
3.434256277160494
 20
20.77994562586569
 30
0.0
 10
3.750333192666378
 20
20.3400407842725
 30
0.0
 10
4.158394621103778
 20
19.77211492985945
 30
0.0
 10
4.819307871046375
 20
19.43454695588125
 30
0.0
 10
5.491600080409095
 20
19.24199277849263
 30
0.0
 10
6.66500419329418
 20
18.90591293347014
 30
0.0
 10
7.909339811480372
 20
18.95325414075861
 30
0.0
 10
9.12889534554079
 20
19.00336520768681
 30
0.0
  0
SPLINE
  5
11F
330
1F
100
AcDbEntity
  8
LAYER_1
 62
     7
100
AcDbSpline
210
0.0
220
0.0
230
1.0
 70
     8
 71
     3
 72
    14
 73
    10
 74
     0
 42
0.0000000001
 43
0.0000000001
 12
1.0
 22
0.0
 32
0.0
 13
1.0
 23
0.0
 33
0.0
 40
0.0
 40
0.0
 40
0.0
 40
0.0
 40
1.0
 40
1.0
 40
1.0
 40
2.0
 40
2.0
 40
2.0
 40
3.0
 40
3.0
 40
3.0
 40
3.0
 10
3.583547558357749
 20
22.8545315968218
 30
0.0
 10
3.537836913994296
 20
22.38794867467237
 30
0.0
 10
3.499638234444912
 20
21.88497975855
 30
0.0
 10
3.738680583264656
 20
21.48168353773917
 30
0.0
 10
3.958352370697285
 20
21.11106803822486
 30
0.0
 10
4.369160502480857
 20
20.90151879619153
 30
0.0
 10
4.769943107235576
 20
20.74345286966513
 30
0.0
 10
6.18773722337437
 20
20.18428555098263
 30
0.0
 10
7.76275717610886
 20
20.03031093411653
 30
0.0
 10
9.262001665181641
 20
20.30430738447097
 30
0.0
  0
SPLINE
  5
120
330
1F
100
AcDbEntity
  8
LAYER_1
 62
     7
100
AcDbSpline
210
0.0
220
0.0
230
1.0
 70
     8
 71
     3
 72
     8
 73
     4
 74
     0
 42
0.0000000001
 43
0.0000000001
 12
1.0
 22
0.0
 32
0.0
 13
1.0
 23
0.0
 33
0.0
 40
0.0
 40
0.0
 40
0.0
 40
0.0
 40
1.0
 40
1.0
 40
1.0
 40
1.0
 10
5.492389787846504
 20
20.75242455286444
 30
0.0
 10
7.064970249171033
 20
21.26475493764389
 30
0.0
 10
8.556653784104633
 20
22.02455290139111
 30
0.0
 10
9.895738614454709
 20
22.99529671292652
 30
0.0
  0
SPLINE
  5
121
330
1F
100
AcDbEntity
  8
LAYER_1
 62
     7
100
AcDbSpline
210
0.0
220
0.0
230
1.0
 70
     8
 71
     3
 72
    35
 73
    31
 74
     0
 42
0.0000000001
 43
0.0000000001
 12
1.0
 22
0.0
 32
0.0
 13
1.0
 23
0.0
 33
0.0
 40
0.0
 40
0.0
 40
0.0
 40
0.0
 40
1.0
 40
1.0
 40
1.0
 40
2.0
 40
2.0
 40
2.0
 40
3.0
 40
3.0
 40
3.0
 40
4.0
 40
4.0
 40
4.0
 40
5.0
 40
5.0
 40
5.0
 40
6.0
 40
6.0
 40
6.0
 40
7.0
 40
7.0
 40
7.0
 40
8.0
 40
8.0
 40
8.0
 40
9.0
 40
9.0
 40
9.0
 40
10.0
 40
10.0
 40
10.0
 40
10.0
 10
5.619949017184884
 20
18.74528843842458
 30
0.0
 10
5.266824295565104
 20
18.81838233816861
 30
0.0
 10
4.912245794558126
 20
18.89188331827625
 30
0.0
 10
4.573353725393998
 20
19.01513895772736
 30
0.0
 10
4.23446165622987
 20
19.13839459717832
 30
0.0
 10
3.909331712713803
 20
19.31415764697208
 30
0.0
 10
3.653727707989106
 20
19.56853213462278
 30
0.0
 10
3.16244497269233
 20
20.05745161544722
 30
0.0
 10
2.982661620676708
 20
20.77112115990222
 30
0.0
 10
2.849863839099422
 20
21.45139003088347
 30
0.0
 10
2.780257711249962
 20
21.80795387903055
 30
0.0
 10
2.718598117364119
 20
22.18169068674208
 30
0.0
 10
2.822622259853965
 20
22.52977364177861
 30
0.0
 10
2.807419226684285
 20
22.47890163728805
 30
0.0
 10
2.719108532320105
 20
22.40883016046944
 30
0.0
 10
2.686101435958651
 20
22.36382433745888
 30
0.0
 10
2.634309489575533
 20
22.29320500315667
 30
0.0
 10
2.58735054862407
 20
22.21908584445514
 30
0.0
 10
2.544859546965919
 20
22.14252398469667
 30
0.0
 10
2.464487744661558
 20
21.99770709602791
 30
0.0
 10
2.397092775956733
 20
21.84485291512972
 30
0.0
 10
2.356301203781969
 20
21.68475567366944
 30
0.0
 10
2.262596352780974
 20
21.31698636847014
 30
0.0
 10
2.191913784277125
 20
20.93128875012861
 30
0.0
 10
2.183175078875769
 20
20.55130291687347
 30
0.0
 10
2.173544213548376
 20
20.13252322144861
 30
0.0
 10
2.254191026891463
 20
19.70086949181319
 30
0.0
 10
2.485088584685892
 20
19.35136029748445
 30
0.0
 10
2.85596903921396
 20
18.78996022157111
 30
0.0
 10
3.49686235844965
 20
18.607570539215
 30
0.0
 10
4.108399263707408
 20
18.43431461700584
 30
0.0
  0
SPLINE
  5
122
330
1F
100
AcDbEntity
  8
LAYER_1
 62
     7
100
AcDbSpline
210
0.0
220
0.0
230
1.0
 70
     8
 71
     3
 72
    17
 73
    13
 74
     0
 42
0.0000000001
 43
0.0000000001
 12
1.0
 22
0.0
 32
0.0
 13
1.0
 23
0.0
 33
0.0
 40
0.0
 40
0.0
 40
0.0
 40
0.0
 40
1.0
 40
1.0
 40
1.0
 40
2.0
 40
2.0
 40
2.0
 40
3.0
 40
3.0
 40
3.0
 40
4.0
 40
4.0
 40
4.0
 40
4.0
 10
3.393736787771116
 20
16.50464422159764
 30
0.0
 10
3.268570784089345
 20
16.62377495970708
 30
0.0
 10
3.142193474704628
 20
16.74434709824721
 30
0.0
 10
3.047999518139932
 20
16.88921310456639
 30
0.0
 10
2.953805561575223
 20
17.03407911088556
 30
0.0
 10
2.893398939020294
 20
17.20773959449055
 30
0.0
 10
2.914803392416047
 20
17.3792053654625
 30
0.0
 10
2.943489640699454
 20
17.60900433082875
 30
0.0
 10
3.115711011230688
 20
17.80082626471987
 30
0.0
 10
3.318104813997694
 20
17.91337499775861
 30
0.0
 10
3.520498616764699
 20
18.02592373079723
 30
0.0
 10
3.751978515939122
 20
18.07220139741181
 30
0.0
 10
3.97919570775217
 20
18.11695423477098
 30
0.0
  0
SPLINE
  5
123
330
1F
100
AcDbEntity
  8
LAYER_1
 62
     7
100
AcDbSpline
210
0.0
220
0.0
230
1.0
 70
     8
 71
     3
 72
    32
 73
    28
 74
     0
 42
0.0000000001
 43
0.0000000001
 12
1.0
 22
0.0
 32
0.0
 13
1.0
 23
0.0
 33
0.0
 40
0.0
 40
0.0
 40
0.0
 40
0.0
 40
1.0
 40
1.0
 40
1.0
 40
2.0
 40
2.0
 40
2.0
 40
3.0
 40
3.0
 40
3.0
 40
4.0
 40
4.0
 40
4.0
 40
5.0
 40
5.0
 40
5.0
 40
6.0
 40
6.0
 40
6.0
 40
7.0
 40
7.0
 40
7.0
 40
8.0
 40
8.0
 40
8.0
 40
9.0
 40
9.0
 40
9.0
 40
9.0
 10
3.355696655870992
 20
16.9529050825818
 30
0.0
 10
3.342888183991742
 20
17.05122005884444
 30
0.0
 10
3.410608262663421
 20
17.14369477691153
 30
0.0
 10
3.491389668605671
 20
17.20117743484778
 30
0.0
 10
3.572171074547934
 20
17.25866009278402
 30
0.0
 10
3.667496576045348
 20
17.29254161449902
 30
0.0
 10
3.750369936156314
 20
17.34696493388819
 30
0.0
 10
4.058565773985972
 20
17.54935844393819
 30
0.0
 10
4.145836215154784
 20
17.99671360340693
 30
0.0
 10
4.470293433762536
 20
18.17185719101639
 30
0.0
 10
4.627196511382534
 20
18.25655423662097
 30
0.0
 10
4.795730022982095
 20
18.24666254175514
 30
0.0
 10
4.967078694135226
 20
18.25419472377444
 30
0.0
 10
5.153159736362012
 20
18.26237451455389
 30
0.0
 10
5.332263071664733
 20
18.24222787520514
 30
0.0
 10
5.518667292411388
 20
18.27900540846181
 30
0.0
 10
5.726236928564554
 20
18.31995922402471
 30
0.0
 10
5.929057299382444
 20
18.38367657861082
 30
0.0
 10
6.137197091995605
 20
18.42007857289291
 30
0.0
 10
6.349775260092756
 20
18.45725680374639
 30
0.0
 10
6.59477260139114
 20
18.42163299404681
 30
0.0
 10
6.811379086534821
 20
18.4232728155793
 30
0.0
 10
7.282162233981833
 20
18.42683688404097
 30
0.0
 10
7.752838916570479
 20
18.4444445599018
 30
0.0
 10
8.222572677232721
 20
18.47606183745541
 30
0.0
 10
8.499715553560058
 20
18.49471602835389
 30
0.0
 10
8.776530184773366
 20
18.51824713921972
 30
0.0
 10
9.052844443632264
 20
18.54664779486709
 30
0.0
  0
SPLINE
  5
124
330
1F
100
AcDbEntity
  8
LAYER_1
 62
     7
100
AcDbSpline
210
0.0
220
0.0
230
1.0
 70
     8
 71
     3
 72
    23
 73
    19
 74
     0
 42
0.0000000001
 43
0.0000000001
 12
1.0
 22
0.0
 32
0.0
 13
1.0
 23
0.0
 33
0.0
 40
0.0
 40
0.0
 40
0.0
 40
0.0
 40
1.0
 40
1.0
 40
1.0
 40
2.0
 40
2.0
 40
2.0
 40
3.0
 40
3.0
 40
3.0
 40
4.0
 40
4.0
 40
4.0
 40
5.0
 40
5.0
 40
5.0
 40
6.0
 40
6.0
 40
6.0
 40
6.0
 10
5.663651254958469
 20
18.17691801977778
 30
0.0
 10
5.645256935233899
 20
17.99898458646958
 30
0.0
 10
5.633874531323297
 20
17.79779056687139
 30
0.0
 10
5.752946703694129
 20
17.66429645842361
 30
0.0
 10
5.868590551276106
 20
17.53464632129194
 30
0.0
 10
6.074147458129801
 20
17.51257585037848
 30
0.0
 10
6.235960785221525
 20
17.49160344819597
 30
0.0
 10
6.346721216130011
 20
17.47724794148555
 30
0.0
 10
6.471811693499198
 20
17.49708537775833
 30
0.0
 10
6.583523766716628
 20
17.5003129434718
 30
0.0
 10
6.701702786496475
 20
17.50372735107611
 30
0.0
 10
6.819881806276296
 20
17.50714175868055
 30
0.0
 10
6.938060826056143
 20
17.51055616628486
 30
0.0
 10
7.410776905175529
 20
17.52421379670236
 30
0.0
 10
7.88349298429489
 20
17.53787142711985
 30
0.0
 10
8.35620906341425
 20
17.55152905753736
 30
0.0
 10
8.535841173479614
 20
17.55671895709597
 30
0.0
 10
8.715473283544977
 20
17.56190885665458
 30
0.0
 10
8.89510539361034
 20
17.5670987562132
 30
0.0
  0
SPLINE
  5
125
330
1F
100
AcDbEntity
  8
LAYER_1
 62
     7
100
AcDbSpline
210
0.0
220
0.0
230
1.0
 70
     8
 71
     3
 72
    14
 73
    10
 74
     0
 42
0.0000000001
 43
0.0000000001
 12
1.0
 22
0.0
 32
0.0
 13
1.0
 23
0.0
 33
0.0
 40
0.0
 40
0.0
 40
0.0
 40
0.0
 40
1.0
 40
1.0
 40
1.0
 40
2.0
 40
2.0
 40
2.0
 40
3.0
 40
3.0
 40
3.0
 40
3.0
 10
5.957262586371952
 20
18.2022601354875
 30
0.0
 10
5.921241388357177
 20
18.09466488302708
 30
0.0
 10
6.001988013278075
 20
17.97618242001
 30
0.0
 10
6.105439227580947
 20
17.92957650495944
 30
0.0
 10
6.20889044188382
 20
17.88297058990902
 30
0.0
 10
6.327381594538387
 20
17.88942450451653
 30
0.0
 10
6.440651942075065
 20
17.8960647927143
 30
0.0
 10
7.316278561839403
 20
17.94739705874374
 30
0.0
 10
8.194392682982954
 20
17.95627535829236
 30
0.0
 10
9.070878192367799
 20
17.92265809870709
 30
0.0
  0
SPLINE
  5
126
330
1F
100
AcDbEntity
  8
LAYER_1
 62
     7
100
AcDbSpline
210
0.0
220
0.0
230
1.0
 70
     8
 71
     3
 72
    14
 73
    10
 74
     0
 42
0.0000000001
 43
0.0000000001
 12
1.0
 22
0.0
 32
0.0
 13
1.0
 23
0.0
 33
0.0
 40
0.0
 40
0.0
 40
0.0
 40
0.0
 40
1.0
 40
1.0
 40
1.0
 40
2.0
 40
2.0
 40
2.0
 40
3.0
 40
3.0
 40
3.0
 40
3.0
 10
5.116443485034147
 20
18.09016564338069
 30
0.0
 10
4.941280095274148
 20
18.04120486921417
 30
0.0
 10
4.802892137757403
 20
17.88067335483709
 30
0.0
 10
4.780275894987501
 20
17.70020763487292
 30
0.0
 10
4.7576596522176
 20
17.51974191490875
 30
0.0
 10
4.852153965003481
 20
17.33002523471181
 30
0.0
 10
5.009818450368408
 20
17.23935395715487
 30
0.0
 10
4.747869069046222
 20
17.26674045748639
 30
0.0
 10
4.500152918109961
 20
17.4099460136732
 30
0.0
 10
4.345701658952117
 20
17.62328215023152
 30
0.0
  0
SPLINE
  5
127
330
1F
100
AcDbEntity
  8
LAYER_1
 62
     7
100
AcDbSpline
210
0.0
220
0.0
230
1.0
 70
     8
 71
     3
 72
    14
 73
    10
 74
     0
 42
0.0000000001
 43
0.0000000001
 12
1.0
 22
0.0
 32
0.0
 13
1.0
 23
0.0
 33
0.0
 40
0.0
 40
0.0
 40
0.0
 40
0.0
 40
1.0
 40
1.0
 40
1.0
 40
2.0
 40
2.0
 40
2.0
 40
3.0
 40
3.0
 40
3.0
 40
3.0
 10
3.925595577823426
 20
17.35402906705611
 30
0.0
 10
3.975843109531588
 20
17.25361441530431
 30
0.0
 10
4.067263182212514
 20
17.17829726157445
 30
0.0
 10
4.168087547111756
 20
17.12887698059736
 30
0.0
 10
4.268911912011011
 20
17.07945669962027
 30
0.0
 10
4.379474356931622
 20
17.05363002673542
 30
0.0
 10
4.489581472900126
 20
17.03162230667417
 30
0.0
 10
5.155454537595839
 20
16.89853072181041
 30
0.0
 10
5.842799239354942
 20
16.89180772148723
 30
0.0
 10
6.517559601856192
 20
16.96795725397375
 30
0.0
  0
SPLINE
  5
128
330
1F
100
AcDbEntity
  8
LAYER_1
 62
     7
100
AcDbSpline
210
0.0
220
0.0
230
1.0
 70
     8
 71
     3
 72
    44
 73
    40
 74
     0
 42
0.0000000001
 43
0.0000000001
 12
1.0
 22
0.0
 32
0.0
 13
1.0
 23
0.0
 33
0.0
 40
0.0
 40
0.0
 40
0.0
 40
0.0
 40
1.0
 40
1.0
 40
1.0
 40
2.0
 40
2.0
 40
2.0
 40
3.0
 40
3.0
 40
3.0
 40
4.0
 40
4.0
 40
4.0
 40
5.0
 40
5.0
 40
5.0
 40
6.0
 40
6.0
 40
6.0
 40
7.0
 40
7.0
 40
7.0
 40
8.0
 40
8.0
 40
8.0
 40
9.0
 40
9.0
 40
9.0
 40
10.0
 40
10.0
 40
10.0
 40
11.0
 40
11.0
 40
11.0
 40
12.0
 40
12.0
 40
12.0
 40
13.0
 40
13.0
 40
13.0
 40
13.0
 10
8.900272212250936
 20
17.12915647328916
 30
0.0
 10
8.267931391847798
 20
16.90202170655444
 30
0.0
 10
7.579100387471954
 20
16.8340907250325
 30
0.0
 10
6.914573178727373
 20
16.93333124151112
 30
0.0
 10
7.091102839672203
 20
16.84893190864208
 30
0.0
 10
7.264381516384825
 20
16.77207713418277
 30
0.0
 10
7.408293496372329
 20
16.63649993955097
 30
0.0
 10
7.541623974347279
 20
16.51089141019625
 30
0.0
 10
7.643501539261832
 20
16.35665622000111
 30
0.0
 10
7.770011338854879
 20
16.22470721522723
 30
0.0
 10
7.950527266027039
 20
16.03643012826069
 30
0.0
 10
8.182241185373666
 20
15.8992788504
 30
0.0
 10
8.43206257043908
 20
15.82555940685556
 30
0.0
 10
8.701359951104601
 20
15.74609281897541
 30
0.0
 10
8.985129410682122
 20
15.78345028682736
 30
0.0
 10
9.251670611776035
 20
15.69248192520264
 30
0.0
 10
9.357215544718251
 20
15.65646029106819
 30
0.0
 10
9.457571610086132
 20
15.59721954129278
 30
0.0
 10
9.525537773213474
 20
15.50880069904056
 30
0.0
 10
9.603361745009552
 20
15.40755763837361
 30
0.0
 10
9.632433536994768
 20
15.27774982070305
 30
0.0
 10
9.651599140767049
 20
15.15149844829167
 30
0.0
 10
9.668063055013084
 20
15.04304520422235
 30
0.0
 10
9.678778365875864
 20
14.93376036477028
 30
0.0
 10
9.684924080114696
 20
14.82424943387417
 30
0.0
 10
9.689577955219193
 20
14.74132169347459
 30
0.0
 10
9.713052022810036
 20
14.6599714715507
 30
0.0
 10
9.713260778994027
 20
14.57817404572986
 30
0.0
 10
9.71385633043979
 20
14.3448177241132
 30
0.0
 10
9.691213061791586
 20
14.11012959945486
 30
0.0
 10
9.68819833857113
 20
13.87645007458554
 30
0.0
 10
9.647695048303552
 20
10.73692768311341
 30
0.0
 10
10.23274637262216
 20
7.5732190499345
 30
0.0
 10
10.89034174426418
 20
4.495962105317504
 30
0.0
 10
11.56896066409993
 20
1.320324207200151
 30
0.0
 10
12.4595465159408
 20
-1.809958794340724
 30
0.0
 10
13.55321788819414
 20
-4.867569535679245
 30
0.0
 10
15.09523479016528
 20
-9.178633683841326
 30
0.0
 10
17.04122653242737
 20
-13.34566524706153
 30
0.0
 10
19.36577967304083
 20
-17.29046150657263
 30
0.0
  0
SPLINE
  5
129
330
1F
100
AcDbEntity
  8
LAYER_1
 62
     7
100
AcDbSpline
210
0.0
220
0.0
230
1.0
 70
     8
 71
     3
 72
     8
 73
     4
 74
     0
 42
0.0000000001
 43
0.0000000001
 12
1.0
 22
0.0
 32
0.0
 13
1.0
 23
0.0
 33
0.0
 40
0.0
 40
0.0
 40
0.0
 40
0.0
 40
1.0
 40
1.0
 40
1.0
 40
1.0
 10
8.74061319934367
 20
6.348674788037796
 30
0.0
 10
9.903077245843354
 20
0.6232825642205171
 30
0.0
 10
11.69449426983321
 20
-4.974181786433847
 30
0.0
 10
14.07226899426486
 20
-10.31062499664474
 30
0.0
  0
SPLINE
  5
12A
330
1F
100
AcDbEntity
  8
LAYER_1
 62
     7
100
AcDbSpline
210
0.0
220
0.0
230
1.0
 70
     8
 71
     3
 72
     8
 73
     4
 74
     0
 42
0.0000000001
 43
0.0000000001
 12
1.0
 22
0.0
 32
0.0
 13
1.0
 23
0.0
 33
0.0
 40
0.0
 40
0.0
 40
0.0
 40
0.0
 40
1.0
 40
1.0
 40
1.0
 40
1.0
 10
9.777021974397258
 20
-3.538216565522513
 30
0.0
 10
10.29633158851584
 20
-8.098393945540515
 30
0.0
 10
11.99769998606502
 20
-12.51889363059475
 30
0.0
 10
14.66975207878916
 20
-16.25052033034818
 30
0.0
  0
SPLINE
  5
12B
330
1F
100
AcDbEntity
  8
LAYER_1
 62
     7
100
AcDbSpline
210
0.0
220
0.0
230
1.0
 70
     8
 71
     3
 72
    32
 73
    28
 74
     0
 42
0.0000000001
 43
0.0000000001
 12
1.0
 22
0.0
 32
0.0
 13
1.0
 23
0.0
 33
0.0
 40
0.0
 40
0.0
 40
0.0
 40
0.0
 40
1.0
 40
1.0
 40
1.0
 40
2.0
 40
2.0
 40
2.0
 40
3.0
 40
3.0
 40
3.0
 40
4.0
 40
4.0
 40
4.0
 40
5.0
 40
5.0
 40
5.0
 40
6.0
 40
6.0
 40
6.0
 40
7.0
 40
7.0
 40
7.0
 40
8.0
 40
8.0
 40
8.0
 40
9.0
 40
9.0
 40
9.0
 40
9.0
 10
9.773392061244522
 20
15.98889568592404
 30
0.0
 10
11.40492400666716
 20
15.99016246923958
 30
0.0
 10
12.81197688751452
 20
17.09875204162361
 30
0.0
 10
14.38512431471875
 20
17.53130870375624
 30
0.0
 10
16.85988796883723
 20
18.21177673668805
 30
0.0
 10
19.57792302841444
 20
17.10302738801347
 30
0.0
 10
21.35477624187196
 20
15.25092462598069
 30
0.0
 10
23.1316294553293
 20
13.39882186394784
 30
0.0
 10
24.10145913010903
 20
10.91574785939439
 30
0.0
 10
24.72871470956223
 20
8.426960709698266
 30
0.0
 10
24.99461893908806
 20
7.371921199188527
 30
0.0
 10
25.19798266017068
 20
6.292290902405473
 30
0.0
 10
25.22963562011819
 20
5.202262549828498
 30
0.0
 10
25.25190777295443
 20
4.435279662015015
 30
0.0
 10
25.24928377899293
 20
3.521145856244452
 30
0.0
 10
24.95398270108722
 20
2.805158671059164
 30
0.0
 10
24.60373494094056
 20
1.955947724443831
 30
0.0
 10
24.24735669412416
 20
1.115959519323774
 30
0.0
 10
23.97038423396207
 20
0.2385996022082205
 30
0.0
 10
23.41884887546222
 20
-1.50848751301098
 30
0.0
 10
23.11163208114112
 20
-3.359784184786248
 30
0.0
 10
23.34952380635832
 20
-5.189762019437794
 30
0.0
 10
23.56936168865056
 20
-6.880862291089922
 30
0.0
 10
24.24548098116429
 20
-8.492326928571982
 30
0.0
 10
25.16476392172373
 20
-9.928665214637551
 30
0.0
 10
26.0840468622832
 20
-11.36500350070312
 30
0.0
 10
27.24260262311153
 20
-12.63503194545885
 30
0.0
 10
28.47997136783154
 20
-13.80851709083196
 30
0.0
  0
SPLINE
  5
12C
330
1F
100
AcDbEntity
  8
LAYER_1
 62
     7
100
AcDbSpline
210
0.0
220
0.0
230
1.0
 70
     8
 71
     3
 72
    26
 73
    22
 74
     0
 42
0.0000000001
 43
0.0000000001
 12
1.0
 22
0.0
 32
0.0
 13
1.0
 23
0.0
 33
0.0
 40
0.0
 40
0.0
 40
0.0
 40
0.0
 40
1.0
 40
1.0
 40
1.0
 40
2.0
 40
2.0
 40
2.0
 40
3.0
 40
3.0
 40
3.0
 40
4.0
 40
4.0
 40
4.0
 40
5.0
 40
5.0
 40
5.0
 40
6.0
 40
6.0
 40
6.0
 40
7.0
 40
7.0
 40
7.0
 40
7.0
 10
27.11556527205001
 20
-14.67473513255431
 30
0.0
 10
26.30347568015501
 20
-13.47359417388058
 30
0.0
 10
25.3605586850086
 20
-12.46462193706914
 30
0.0
 10
24.2887046428539
 20
-11.50060655114359
 30
0.0
 10
23.31587920520471
 20
-10.62565655531363
 30
0.0
 10
22.38221327383957
 20
-9.615923963948413
 30
0.0
 10
21.99532177668306
 20
-8.336113100336863
 30
0.0
 10
21.77974479969597
 20
-7.622999553845223
 30
0.0
 10
21.7481757790632
 20
-6.86958442652748
 30
0.0
 10
21.64273999713765
 20
-6.13209701933311
 30
0.0
 10
21.53730421521194
 20
-5.394609612138765
 30
0.0
 10
21.34256851290221
 20
-4.63916303998139
 30
0.0
 10
20.86261167889112
 20
-4.069385445716408
 30
0.0
 10
19.4708705700775
 20
-2.417189287797883
 30
0.0
 10
18.04748121114138
 20
-0.8598764186301397
 30
0.0
 10
16.85470482291652
 20
0.9598805191264748
 30
0.0
 10
15.65488044328195
 20
2.790390211038634
 30
0.0
 10
14.62468270630181
 20
4.732133863864722
 30
0.0
 10
13.78296282786831
 20
6.752523114387966
 30
0.0
 10
13.32003730363625
 20
7.863688214458963
 30
0.0
 10
12.91413324960058
 20
8.998638766612379
 30
0.0
 10
12.5684649554548
 20
10.15169166782816
 30
0.0
  0
SPLINE
  5
12D
330
1F
100
AcDbEntity
  8
LAYER_1
 62
     7
100
AcDbSpline
210
0.0
220
0.0
230
1.0
 70
     8
 71
     3
 72
    11
 73
     7
 74
     0
 42
0.0000000001
 43
0.0000000001
 12
1.0
 22
0.0
 32
0.0
 13
1.0
 23
0.0
 33
0.0
 40
0.0
 40
0.0
 40
0.0
 40
0.0
 40
1.0
 40
1.0
 40
1.0
 40
2.0
 40
2.0
 40
2.0
 40
2.0
 10
14.47498559919015
 20
8.86794279977683
 30
0.0
 10
14.44127699792944
 20
8.946818227630956
 30
0.0
 10
14.40756839666889
 20
9.025693655485092
 30
0.0
 10
14.3738597954082
 20
9.10456908333923
 30
0.0
 10
15.18695657413069
 20
7.068882463874261
 30
0.0
 10
17.02805956251556
 20
5.475070752244947
 30
0.0
 10
19.15922452585917
 20
4.961959885256571
 30
0.0
  0
SPLINE
  5
12E
330
1F
100
AcDbEntity
  8
LAYER_1
 62
     7
100
AcDbSpline
210
0.0
220
0.0
230
1.0
 70
     8
 71
     3
 72
    11
 73
     7
 74
     0
 42
0.0000000001
 43
0.0000000001
 12
1.0
 22
0.0
 32
0.0
 13
1.0
 23
0.0
 33
0.0
 40
0.0
 40
0.0
 40
0.0
 40
0.0
 40
1.0
 40
1.0
 40
1.0
 40
2.0
 40
2.0
 40
2.0
 40
2.0
 10
11.13768564759974
 20
15.86850133464458
 30
0.0
 10
11.77716052602957
 20
15.67394450688264
 30
0.0
 10
12.0804306095356
 20
14.967043923805
 30
0.0
 10
12.34652486957296
 20
14.35387647184209
 30
0.0
 10
13.75552507600365
 20
11.10707980106497
 30
0.0
 10
16.35775274213498
 20
8.394077614239803
 30
0.0
 10
19.54302566391624
 20
6.851026620832853
 30
0.0
  0
SPLINE
  5
12F
330
1F
100
AcDbEntity
  8
LAYER_1
 62
     7
100
AcDbSpline
210
0.0
220
0.0
230
1.0
 70
     8
 71
     3
 72
    14
 73
    10
 74
     0
 42
0.0000000001
 43
0.0000000001
 12
1.0
 22
0.0
 32
0.0
 13
1.0
 23
0.0
 33
0.0
 40
0.0
 40
0.0
 40
0.0
 40
0.0
 40
1.0
 40
1.0
 40
1.0
 40
2.0
 40
2.0
 40
2.0
 40
3.0
 40
3.0
 40
3.0
 40
3.0
 10
11.85622140283694
 20
16.18129413360667
 30
0.0
 10
12.6715342588637
 20
15.87275657100472
 30
0.0
 10
13.34117638522336
 20
15.2652117076625
 30
0.0
 10
13.89775541234071
 20
14.59427932111972
 30
0.0
 10
14.45433443945821
 20
13.92334693457695
 30
0.0
 10
14.91672506951209
 20
13.17967720876053
 30
0.0
 10
15.45316919587834
 20
12.49253953694637
 30
0.0
 10
16.82408347532904
 20
10.7365185439523
 30
0.0
 10
18.6842569392468
 20
9.36659645417324
 30
0.0
 10
20.76796988692695
 20
8.578461929411585
 30
0.0
  0
SPLINE
  5
130
330
1F
100
AcDbEntity
  8
LAYER_1
 62
     7
100
AcDbSpline
210
0.0
220
0.0
230
1.0
 70
     8
 71
     3
 72
    11
 73
     7
 74
     0
 42
0.0000000001
 43
0.0000000001
 12
1.0
 22
0.0
 32
0.0
 13
1.0
 23
0.0
 33
0.0
 40
0.0
 40
0.0
 40
0.0
 40
0.0
 40
1.0
 40
1.0
 40
1.0
 40
2.0
 40
2.0
 40
2.0
 40
2.0
 10
20.18444708594527
 20
12.22538713449289
 30
0.0
 10
17.99266878239708
 20
13.21174965617118
 30
0.0
 10
15.93442422087888
 20
14.49432749139472
 30
0.0
 10
14.08325679261166
 20
16.02729269276069
 30
0.0
 10
13.67402268721015
 20
16.3661827546393
 30
0.0
 10
13.18631307097927
 20
16.74122151925597
 30
0.0
 10
12.66852935674948
 20
16.62197791913306
 30
0.0
  0
SPLINE
  5
131
330
1F
100
AcDbEntity
  8
LAYER_1
 62
     7
100
AcDbSpline
210
0.0
220
0.0
230
1.0
 70
     8
 71
     3
 72
     8
 73
     4
 74
     0
 42
0.0000000001
 43
0.0000000001
 12
1.0
 22
0.0
 32
0.0
 13
1.0
 23
0.0
 33
0.0
 40
0.0
 40
0.0
 40
0.0
 40
0.0
 40
1.0
 40
1.0
 40
1.0
 40
1.0
 10
13.50445149108009
 20
16.95376241212583
 30
0.0
 10
14.34552315681736
 20
16.87359829742
 30
0.0
 10
15.14306845351138
 20
16.41372075380597
 30
0.0
 10
15.63378628071362
 20
15.7259534630318
 30
0.0
  0
SPLINE
  5
132
330
1F
100
AcDbEntity
  8
LAYER_1
 62
     7
100
AcDbSpline
210
0.0
220
0.0
230
1.0
 70
     8
 71
     3
 72
    23
 73
    19
 74
     0
 42
0.0000000001
 43
0.0000000001
 12
1.0
 22
0.0
 32
0.0
 13
1.0
 23
0.0
 33
0.0
 40
0.0
 40
0.0
 40
0.0
 40
0.0
 40
1.0
 40
1.0
 40
1.0
 40
2.0
 40
2.0
 40
2.0
 40
3.0
 40
3.0
 40
3.0
 40
4.0
 40
4.0
 40
4.0
 40
5.0
 40
5.0
 40
5.0
 40
6.0
 40
6.0
 40
6.0
 40
6.0
 10
10.20706842804242
 20
15.79854789070388
 30
0.0
 10
10.40283212979292
 20
15.76393968192999
 30
0.0
 10
10.56610165581047
 20
15.62039542815944
 30
0.0
 10
10.66860019592625
 20
15.45005692895347
 30
0.0
 10
10.77109868507947
 20
15.27971851444028
 30
0.0
 10
10.82107975496062
 20
15.08356861552097
 30
0.0
 10
10.86396171535375
 20
14.88944943924042
 30
0.0
 10
11.13382073415505
 20
13.66784464475991
 30
0.0
 10
11.05019464403553
 20
12.42096475387441
 30
0.0
 10
11.17304465701732
 20
11.17790490963409
 30
0.0
 10
11.30865460582229
 20
9.805733448293962
 30
0.0
 10
11.54782928990208
 20
8.445312546049383
 30
0.0
 10
11.85289816240129
 20
7.101131020559162
 30
0.0
 10
13.09815657138317
 20
1.614326378233474
 30
0.0
 10
15.13727359148056
 20
-3.984337763611519
 30
0.0
 10
18.77844056088139
 20
-8.35070995461615
 30
0.0
 10
20.21146500300807
 20
-10.06914751205704
 30
0.0
 10
21.65366902567444
 20
-11.71433342895272
 30
0.0
 10
23.3609273490032
 20
-13.17296164821361
 30
0.0
  0
SPLINE
  5
133
330
1F
100
AcDbEntity
  8
LAYER_1
 62
     7
100
AcDbSpline
210
0.0
220
0.0
230
1.0
 70
     8
 71
     3
 72
    17
 73
    13
 74
     0
 42
0.0000000001
 43
0.0000000001
 12
1.0
 22
0.0
 32
0.0
 13
1.0
 23
0.0
 33
0.0
 40
0.0
 40
0.0
 40
0.0
 40
0.0
 40
1.0
 40
1.0
 40
1.0
 40
2.0
 40
2.0
 40
2.0
 40
3.0
 40
3.0
 40
3.0
 40
4.0
 40
4.0
 40
4.0
 40
4.0
 10
24.12932943118097
 20
13.77745163026797
 30
0.0
 10
23.57353597100445
 20
15.51652689386778
 30
0.0
 10
22.29672830571485
 20
17.01284270558181
 30
0.0
 10
20.6667504781182
 20
17.835315455515
 30
0.0
 10
19.03677265052152
 20
18.65778820544833
 30
0.0
 10
17.07459490774082
 20
18.7958364878132
 30
0.0
 10
15.34551413295569
 20
18.20968905149028
 30
0.0
 10
16.36194174374721
 20
19.15159588485445
 30
0.0
 10
17.74259075485444
 20
19.68993493022208
 30
0.0
 10
19.12833478821972
 20
19.68467670643013
 30
0.0
 10
20.51407882158499
 20
19.6794184826382
 30
0.0
 10
21.89060266496459
 20
19.13061730894611
 30
0.0
 10
22.89985326442209
 20
18.18102402631416
 30
0.0
  0
SPLINE
  5
134
330
1F
100
AcDbEntity
  8
LAYER_1
 62
     7
100
AcDbSpline
210
0.0
220
0.0
230
1.0
 70
     8
 71
     3
 72
     8
 73
     4
 74
     0
 42
0.0000000001
 43
0.0000000001
 12
1.0
 22
0.0
 32
0.0
 13
1.0
 23
0.0
 33
0.0
 40
0.0
 40
0.0
 40
0.0
 40
0.0
 40
1.0
 40
1.0
 40
1.0
 40
1.0
 10
17.33651783221444
 20
19.90232311245959
 30
0.0
 10
18.0869760035225
 20
20.58231074769098
 30
0.0
 10
19.11912784691819
 20
20.94127942035028
 30
0.0
 10
20.12957588143528
 20
20.87371152493472
 30
0.0
  0
SPLINE
  5
135
330
1F
100
AcDbEntity
  8
LAYER_1
 62
     7
100
AcDbSpline
210
0.0
220
0.0
230
1.0
 70
     8
 71
     3
 72
     8
 73
     4
 74
     0
 42
0.0000000001
 43
0.0000000001
 12
1.0
 22
0.0
 32
0.0
 13
1.0
 23
0.0
 33
0.0
 40
0.0
 40
0.0
 40
0.0
 40
0.0
 40
1.0
 40
1.0
 40
1.0
 40
1.0
 10
11.66387820014062
 20
17.62511766481473
 30
0.0
 10
11.50905922464487
 20
20.90168829898583
 30
0.0
 10
13.018257087571
 20
24.21428701744346
 30
0.0
 10
15.59223913780806
 20
26.24763412036111
 30
0.0
  0
SPLINE
  5
136
330
1F
100
AcDbEntity
  8
LAYER_1
 62
     7
100
AcDbSpline
210
0.0
220
0.0
230
1.0
 70
     8
 71
     3
 72
    20
 73
    16
 74
     0
 42
0.0000000001
 43
0.0000000001
 12
1.0
 22
0.0
 32
0.0
 13
1.0
 23
0.0
 33
0.0
 40
0.0
 40
0.0
 40
0.0
 40
0.0
 40
1.0
 40
1.0
 40
1.0
 40
2.0
 40
2.0
 40
2.0
 40
3.0
 40
3.0
 40
3.0
 40
4.0
 40
4.0
 40
4.0
 40
5.0
 40
5.0
 40
5.0
 40
5.0
 10
9.451409964320165
 20
16.33961049084153
 30
0.0
 10
9.363351988706931
 20
18.88069728663681
 30
0.0
 10
9.844726018815107
 20
21.440932808035
 30
0.0
 10
10.84743005405315
 20
23.76448179417417
 30
0.0
 10
11.39202321948525
 20
25.02645935790958
 30
0.0
 10
12.11258058126469
 20
26.24743565558097
 30
0.0
 10
13.17332092434334
 20
27.09224239792958
 30
0.0
 10
13.88911040434959
 20
27.66231828932763
 30
0.0
 10
14.80333324781999
 20
28.06295321531681
 30
0.0
 10
15.72753689679722
 20
28.08180785749903
 30
0.0
 10
16.64109766855555
 20
28.10044537476291
 30
0.0
 10
17.51482287145652
 20
28.47524479083569
 30
0.0
 10
18.45305022009514
 20
28.25100400576361
 30
0.0
 10
19.27930817157347
 20
28.05352443753264
 30
0.0
 10
20.03933223577653
 20
27.41129222722389
 30
0.0
 10
20.17235063474694
 20
26.57224128253402
 30
0.0
  0
SPLINE
  5
137
330
1F
100
AcDbEntity
  8
LAYER_1
 62
     7
100
AcDbSpline
210
0.0
220
0.0
230
1.0
 70
     8
 71
     3
 72
    17
 73
    13
 74
     0
 42
0.0000000001
 43
0.0000000001
 12
1.0
 22
0.0
 32
0.0
 13
1.0
 23
0.0
 33
0.0
 40
0.0
 40
0.0
 40
0.0
 40
0.0
 40
1.0
 40
1.0
 40
1.0
 40
2.0
 40
2.0
 40
2.0
 40
3.0
 40
3.0
 40
3.0
 40
4.0
 40
4.0
 40
4.0
 40
4.0
 10
12.45577076701228
 20
17.46007592069389
 30
0.0
 10
12.84925312790455
 20
19.67513233430486
 30
0.0
 10
13.70809591374084
 20
21.80640698969402
 30
0.0
 10
14.9603671665989
 20
23.67539601937777
 30
0.0
 10
15.72281058607235
 20
24.81332760123694
 30
0.0
 10
16.75187119306694
 20
25.92531470377597
 30
0.0
 10
18.1071171101404
 20
26.12410287845639
 30
0.0
 10
19.00448541835334
 20
26.25572923533486
 30
0.0
 10
19.93859010558529
 20
25.94788880694695
 30
0.0
 10
20.64355300499013
 20
25.37725550443555
 30
0.0
 10
21.34851590439487
 20
24.80662220192417
 30
0.0
 10
21.83310098857611
 20
23.99145069392875
 30
0.0
 10
22.09144973867668
 20
23.12205378871582
 30
0.0
  0
SPLINE
  5
138
330
1F
100
AcDbEntity
  8
LAYER_1
 62
     7
100
AcDbSpline
210
0.0
220
0.0
230
1.0
 70
     8
 71
     3
 72
    11
 73
     7
 74
     0
 42
0.0000000001
 43
0.0000000001
 12
1.0
 22
0.0
 32
0.0
 13
1.0
 23
0.0
 33
0.0
 40
0.0
 40
0.0
 40
0.0
 40
0.0
 40
1.0
 40
1.0
 40
1.0
 40
2.0
 40
2.0
 40
2.0
 40
2.0
 10
15.9475741618793
 20
23.47941893929486
 30
0.0
 10
16.30848365730096
 20
24.2392501342782
 30
0.0
 10
17.00120038067249
 20
24.83416034307639
 30
0.0
 10
17.8068277613168
 20
25.07615958338806
 30
0.0
 10
18.61245514196111
 20
25.31815882369972
 30
0.0
 10
19.51833326750319
 20
25.20344423423819
 30
0.0
 10
20.23820715312417
 20
24.76826530832833
 30
0.0
  0
SPLINE
  5
139
330
1F
100
AcDbEntity
  8
LAYER_1
 62
     7
100
AcDbSpline
210
0.0
220
0.0
230
1.0
 70
     8
 71
     3
 72
    11
 73
     7
 74
     0
 42
0.0000000001
 43
0.0000000001
 12
1.0
 22
0.0
 32
0.0
 13
1.0
 23
0.0
 33
0.0
 40
0.0
 40
0.0
 40
0.0
 40
0.0
 40
1.0
 40
1.0
 40
1.0
 40
2.0
 40
2.0
 40
2.0
 40
2.0
 10
15.19843311612264
 20
20.9191688339593
 30
0.0
 10
15.51938468481042
 20
22.42382703302278
 30
0.0
 10
16.85010329754985
 20
23.65802120009305
 30
0.0
 10
18.37462803122445
 20
23.86497661042639
 30
0.0
 10
19.89915276489902
 20
24.07193202075958
 30
0.0
 10
21.51073547117125
 20
23.23715753075291
 30
0.0
 10
22.22119690606013
 20
21.87251444371973
 30
0.0
  0
SPLINE
  5
13A
330
1F
100
AcDbEntity
  8
LAYER_1
 62
     7
100
AcDbSpline
210
0.0
220
0.0
230
1.0
 70
     8
 71
     3
 72
    11
 73
     7
 74
     0
 42
0.0000000001
 43
0.0000000001
 12
1.0
 22
0.0
 32
0.0
 13
1.0
 23
0.0
 33
0.0
 40
0.0
 40
0.0
 40
0.0
 40
0.0
 40
1.0
 40
1.0
 40
1.0
 40
2.0
 40
2.0
 40
2.0
 40
2.0
 10
15.63491977791333
 20
19.57260208697028
 30
0.0
 10
16.42170452996485
 20
20.81967080109055
 30
0.0
 10
17.77342607748179
 20
21.69446576154639
 30
0.0
 10
19.23335322473263
 20
21.90140379217027
 30
0.0
 10
20.69328037198347
 20
22.10834182279417
 30
0.0
 10
22.23486664743501
 20
21.64366008202986
 30
0.0
 10
23.33722774307014
 20
20.664369196425
 30
0.0
  0
SPLINE
  5
13B
330
1F
100
AcDbEntity
  8
LAYER_1
 62
     7
100
AcDbSpline
210
0.0
220
0.0
230
1.0
 70
     8
 71
     3
 72
    38
 73
    34
 74
     0
 42
0.0000000001
 43
0.0000000001
 12
1.0
 22
0.0
 32
0.0
 13
1.0
 23
0.0
 33
0.0
 40
0.0
 40
0.0
 40
0.0
 40
0.0
 40
1.0
 40
1.0
 40
1.0
 40
2.0
 40
2.0
 40
2.0
 40
3.0
 40
3.0
 40
3.0
 40
4.0
 40
4.0
 40
4.0
 40
5.0
 40
5.0
 40
5.0
 40
6.0
 40
6.0
 40
6.0
 40
7.0
 40
7.0
 40
7.0
 40
8.0
 40
8.0
 40
8.0
 40
9.0
 40
9.0
 40
9.0
 40
10.0
 40
10.0
 40
10.0
 40
11.0
 40
11.0
 40
11.0
 40
11.0
 10
20.09332047371875
 20
20.17281425514222
 30
0.0
 10
22.63913521227485
 20
21.83268434937819
 30
0.0
 10
25.75124926468207
 20
19.18556833046985
 30
0.0
 10
25.72082948683043
 20
16.50399742846695
 30
0.0
 10
25.71298639708167
 20
15.81260758215472
 30
0.0
 10
25.53787248851485
 20
15.09389868232111
 30
0.0
 10
25.78137908494596
 20
14.44676469959417
 30
0.0
 10
25.89858030727904
 20
14.13529513405458
 30
0.0
 10
26.10404000925167
 20
13.86604582632387
 30
0.0
 10
26.22506698878222
 20
13.5573092806213
 30
0.0
 10
26.36353092207236
 20
13.20409153831123
 30
0.0
 10
26.2613947702157
 20
13.016763235938
 30
0.0
 10
26.26346162309013
 20
12.68128233154722
 30
0.0
 10
26.26766559795806
 20
11.99891474742286
 30
0.0
 10
26.53630679301235
 20
11.35434388189316
 30
0.0
 10
26.60538210845834
 20
10.67930540225193
 30
0.0
 10
26.68914423998346
 20
9.860740021100002
 30
0.0
 10
26.77366766791806
 20
9.042251775420228
 30
0.0
 10
26.85781040086736
 20
8.223725417078438
 30
0.0
 10
26.9377271021368
 20
7.446309184350563
 30
0.0
 10
26.94221206889723
 20
6.692150592585196
 30
0.0
 10
27.14454593038348
 20
5.943967462815231
 30
0.0
 10
27.37338734662015
 20
5.097765617195718
 30
0.0
 10
27.44629982677235
 20
4.219132424185318
 30
0.0
 10
27.47989034259485
 20
3.346139888822007
 30
0.0
 10
27.53808984423042
 20
1.833576219229422
 30
0.0
 10
27.34436379138737
 20
0.1252792790561317
 30
0.0
 10
27.88511726308737
 20
-1.302557209007975
 30
0.0
 10
28.44980697765916
 20
-2.793596325900353
 30
0.0
 10
28.71344734343931
 20
-4.373869331083672
 30
0.0
 10
29.05414728086306
 20
-5.925147050461949
 30
0.0
 10
29.44541668520181
 20
-7.706678076897585
 30
0.0
 10
29.96401527374332
 20
-9.515065618092093
 30
0.0
 10
31.07597388861041
 20
-10.96091920118662
 30
0.0
  0
SPLINE
  5
13C
330
1F
100
AcDbEntity
  8
LAYER_1
 62
     7
100
AcDbSpline
210
0.0
220
0.0
230
1.0
 70
     8
 71
     3
 72
    11
 73
     7
 74
     0
 42
0.0000000001
 43
0.0000000001
 12
1.0
 22
0.0
 32
0.0
 13
1.0
 23
0.0
 33
0.0
 40
0.0
 40
0.0
 40
0.0
 40
0.0
 40
1.0
 40
1.0
 40
1.0
 40
2.0
 40
2.0
 40
2.0
 40
2.0
 10
25.81303789817457
 20
-4.046315879951282
 30
0.0
 10
25.82716347370764
 20
-6.87705483235628
 30
0.0
 10
27.10888038323098
 20
-9.677853151567861
 30
0.0
 10
29.24185914109944
 20
-11.53895072209684
 30
0.0
 10
28.65668655376819
 20
-10.98509264162683
 30
0.0
 10
28.30783277928195
 20
-10.18929585755553
 30
0.0
 10
28.29703788544222
 20
-9.383647477008278
 30
0.0
  0
SPLINE
  5
13D
330
1F
100
AcDbEntity
  8
LAYER_1
 62
     7
100
AcDbSpline
210
0.0
220
0.0
230
1.0
 70
     8
 71
     3
 72
    11
 73
     7
 74
     0
 42
0.0000000001
 43
0.0000000001
 12
1.0
 22
0.0
 32
0.0
 13
1.0
 23
0.0
 33
0.0
 40
0.0
 40
0.0
 40
0.0
 40
0.0
 40
1.0
 40
1.0
 40
1.0
 40
2.0
 40
2.0
 40
2.0
 40
2.0
 10
19.24685710146915
 20
3.385875553324013
 30
0.0
 10
20.60341712189529
 20
2.565980394208661
 30
0.0
 10
22.25454866295874
 20
2.245730629684658
 30
0.0
 10
23.81926158069223
 20
2.499022252201459
 30
0.0
 10
23.01249156499236
 20
2.642354068849019
 30
0.0
 10
22.25518425533346
 20
3.051352657893706
 30
0.0
 10
21.69291168270555
 20
3.647399189791435
 30
0.0
  0
SPLINE
  5
13E
330
1F
100
AcDbEntity
  8
LAYER_1
 62
     7
100
AcDbSpline
210
0.0
220
0.0
230
1.0
 70
     8
 71
     3
 72
    11
 73
     7
 74
     0
 42
0.0000000001
 43
0.0000000001
 12
1.0
 22
0.0
 32
0.0
 13
1.0
 23
0.0
 33
0.0
 40
0.0
 40
0.0
 40
0.0
 40
0.0
 40
1.0
 40
1.0
 40
1.0
 40
2.0
 40
2.0
 40
2.0
 40
2.0
 10
19.02478313320542
 20
-13.46860553719691
 30
0.0
 10
19.83699833251765
 20
-14.67222022594125
 30
0.0
 10
20.97358467824903
 20
-15.65469313198208
 30
0.0
 10
22.28205273389959
 20
-16.28421135752999
 30
0.0
 10
21.77388486922945
 20
-15.82878921816501
 30
0.0
 10
21.37266432771485
 20
-15.25478895268902
 30
0.0
 10
21.11954666397681
 20
-14.62108904562304
 30
0.0
  0
SPLINE
  5
13F
330
1F
100
AcDbEntity
  8
LAYER_1
 62
     7
100
AcDbSpline
210
0.0
220
0.0
230
1.0
 70
     8
 71
     3
 72
    26
 73
    22
 74
     0
 42
0.0000000001
 43
0.0000000001
 12
1.0
 22
0.0
 32
0.0
 13
1.0
 23
0.0
 33
0.0
 40
0.0
 40
0.0
 40
0.0
 40
0.0
 40
1.0
 40
1.0
 40
1.0
 40
2.0
 40
2.0
 40
2.0
 40
3.0
 40
3.0
 40
3.0
 40
4.0
 40
4.0
 40
4.0
 40
5.0
 40
5.0
 40
5.0
 40
6.0
 40
6.0
 40
6.0
 40
7.0
 40
7.0
 40
7.0
 40
7.0
 10
6.889225092118446
 20
-8.87371996453026
 30
0.0
 10
6.718929261989463
 20
-8.445918741863782
 30
0.0
 10
6.215701123492484
 20
-8.180617184001322
 30
0.0
 10
5.766511499574285
 20
-8.281826065224525
 30
0.0
 10
5.456422290772505
 20
-8.351693624316088
 30
0.0
 10
5.200888823185904
 20
-8.566157295265004
 30
0.0
 10
4.909044482073972
 20
-8.69210837137901
 30
0.0
 10
4.617200140962015
 20
-8.818059447492992
 30
0.0
 10
4.217844438264061
 20
-8.823212876842238
 30
0.0
 10
4.042589340184652
 20
-8.558029084708323
 30
0.0
 10
3.930612883644976
 20
-8.38859422832603
 30
0.0
 10
3.95186002592181
 20
-8.155737582636878
 30
0.0
 10
4.052593209894098
 20
-7.979386440149483
 30
0.0
 10
4.1533263938664
 20
-7.803035297662088
 30
0.0
 10
4.320991491212756
 20
-7.674851706849646
 30
0.0
 10
4.495799507885118
 20
-7.571463675194586
 30
0.0
 10
6.856947023779563
 20
-6.174992793756397
 30
0.0
 10
9.321727457767135
 20
-8.93373789701468
 30
0.0
 10
10.17991120932387
 20
-10.89227200121435
 30
0.0
 10
10.78336395031028
 20
-12.26946280837044
 30
0.0
 10
10.94669688377616
 20
-13.83558176041571
 30
0.0
 10
10.6403979176519
 20
-15.30765196026027
 30
0.0
  0
SPLINE
  5
140
330
1F
100
AcDbEntity
  8
LAYER_1
 62
     7
100
AcDbSpline
210
0.0
220
0.0
230
1.0
 70
    24
 71
     3
 72
     8
 73
     4
 74
     0
 42
0.0000000001
 43
0.0000000001
 12
1.0
 22
0.0
 32
0.0
 13
1.0
 23
0.0
 33
0.0
 40
0.0
 40
0.0
 40
0.0
 40
0.0
 40
1.0
 40
1.0
 40
1.0
 40
1.0
 10
9.015315223877703
 20
-15.71645200040709
 30
0.0
 10
9.14573416508228
 20
-14.40307765146528
 30
0.0
 10
9.276153106286882
 20
-13.08970330252338
 30
0.0
 10
9.406572047491458
 20
-11.77632895358147
 30
0.0
  0
SPLINE
  5
141
330
1F
100
AcDbEntity
  8
LAYER_1
 62
     7
100
AcDbSpline
210
0.0
220
0.0
230
1.0
 70
     8
 71
     3
 72
    14
 73
    10
 74
     0
 42
0.0000000001
 43
0.0000000001
 12
1.0
 22
0.0
 32
0.0
 13
1.0
 23
0.0
 33
0.0
 40
0.0
 40
0.0
 40
0.0
 40
0.0
 40
1.0
 40
1.0
 40
1.0
 40
2.0
 40
2.0
 40
2.0
 40
3.0
 40
3.0
 40
3.0
 40
3.0
 10
7.424881731141315
 20
-16.27363913921514
 30
0.0
 10
7.534814036470784
 20
-15.68625582887194
 30
0.0
 10
7.644746341800227
 20
-15.09887251852875
 30
0.0
 10
7.75467864712967
 20
-14.51148920818569
 30
0.0
 10
7.792952803768331
 20
-14.30698594248194
 30
0.0
 10
7.829754804846718
 20
-14.0877940344718
 30
0.0
 10
7.746185913608415
 20
-13.89726128047818
 30
0.0
 10
7.662617022370114
 20
-13.70672852648459
 30
0.0
 10
7.406049785981773
 20
-13.57928663135691
 30
0.0
 10
7.238873468762677
 20
-13.7031356074861
 30
0.0
  0
SPLINE
  5
142
330
1F
100
AcDbEntity
  8
LAYER_1
 62
     7
100
AcDbSpline
210
0.0
220
0.0
230
1.0
 70
     8
 71
     3
 72
    17
 73
    13
 74
     0
 42
0.0000000001
 43
0.0000000001
 12
1.0
 22
0.0
 32
0.0
 13
1.0
 23
0.0
 33
0.0
 40
0.0
 40
0.0
 40
0.0
 40
0.0
 40
1.0
 40
1.0
 40
1.0
 40
2.0
 40
2.0
 40
2.0
 40
3.0
 40
3.0
 40
3.0
 40
4.0
 40
4.0
 40
4.0
 40
4.0
 10
8.144449285236684
 20
-10.74519132542345
 30
0.0
 10
7.641461815071857
 20
-10.69997968223947
 30
0.0
 10
7.138474344907005
 20
-10.6547680390555
 30
0.0
 10
6.635486874742178
 20
-10.60955639587152
 30
0.0
 10
6.289741542948503
 20
-10.57847856857696
 30
0.0
 10
5.939333700596282
 20
-10.54755892763632
 30
0.0
 10
5.597186627924227
 20
-10.60621931065627
 30
0.0
 10
5.255039702556688
 20
-10.66487966842113
 30
0.0
 10
4.916308554132178
 20
-10.82446712609309
 30
0.0
 10
4.713854115447449
 20
-11.10645603445818
 30
0.0
 10
4.501036635365507
 20
-11.40287911749528
 30
0.0
 10
4.534577308032643
 20
-11.73181925923061
 30
0.0
 10
4.57030405688973
 20
-12.0789266945822
 30
0.0
  0
SPLINE
  5
143
330
1F
100
AcDbEntity
  8
LAYER_1
 62
     7
100
AcDbSpline
210
0.0
220
0.0
230
1.0
 70
     8
 71
     3
 72
    11
 73
     7
 74
     0
 42
0.0000000001
 43
0.0000000001
 12
1.0
 22
0.0
 32
0.0
 13
1.0
 23
0.0
 33
0.0
 40
0.0
 40
0.0
 40
0.0
 40
0.0
 40
1.0
 40
1.0
 40
1.0
 40
2.0
 40
2.0
 40
2.0
 40
2.0
 10
7.796058857134413
 20
-11.84198364106391
 30
0.0
 10
7.278407191634415
 20
-11.92479758755955
 30
0.0
 10
6.752845304345556
 20
-11.80515848805036
 30
0.0
 10
6.230181683703702
 20
-11.76461053882167
 30
0.0
 10
5.707518063061873
 20
-11.72406258959301
 30
0.0
 10
5.131434735808776
 20
-11.7831558111205
 30
0.0
 10
4.75331954457311
 20
-12.14626777551426
 30
0.0
  0
SPLINE
  5
144
330
1F
100
AcDbEntity
  8
LAYER_1
 62
     7
100
AcDbSpline
210
0.0
220
0.0
230
1.0
 70
     8
 71
     3
 72
    11
 73
     7
 74
     0
 42
0.0000000001
 43
0.0000000001
 12
1.0
 22
0.0
 32
0.0
 13
1.0
 23
0.0
 33
0.0
 40
0.0
 40
0.0
 40
0.0
 40
0.0
 40
1.0
 40
1.0
 40
1.0
 40
2.0
 40
2.0
 40
2.0
 40
2.0
 10
8.387967402103564
 20
-13.12578481638818
 30
0.0
 10
7.387498181043484
 20
-12.86160422905007
 30
0.0
 10
6.366178944507813
 20
-12.67642564116795
 30
0.0
 10
5.336646108550743
 20
-12.5725402008933
 30
0.0
 10
5.071114915678536
 20
-12.54574656446423
 30
0.0
 10
4.770288857812274
 20
-12.53554962299101
 30
0.0
 10
4.574935173914936
 20
-12.71737825136395
 30
0.0
  0
SPLINE
  5
145
330
1F
100
AcDbEntity
  8
LAYER_1
 62
     7
100
AcDbSpline
210
0.0
220
0.0
230
1.0
 70
     8
 71
     3
 72
    20
 73
    16
 74
     0
 42
0.0000000001
 43
0.0000000001
 12
1.0
 22
0.0
 32
0.0
 13
1.0
 23
0.0
 33
0.0
 40
0.0
 40
0.0
 40
0.0
 40
0.0
 40
1.0
 40
1.0
 40
1.0
 40
2.0
 40
2.0
 40
2.0
 40
3.0
 40
3.0
 40
3.0
 40
4.0
 40
4.0
 40
4.0
 40
5.0
 40
5.0
 40
5.0
 40
5.0
 10
5.001329377560043
 20
-15.36157590206153
 30
0.0
 10
4.995026577186864
 20
-14.74786947207291
 30
0.0
 10
4.921414636847885
 20
-14.13487756941332
 30
0.0
 10
4.782238082325269
 20
-13.53712745927282
 30
0.0
 10
4.729308687854174
 20
-13.30980069714072
 30
0.0
 10
4.64399657383779
 20
-13.05657137548009
 30
0.0
 10
4.43076345225922
 20
-12.96164712518359
 30
0.0
 10
4.311317178868977
 20
-12.90847363283031
 30
0.0
 10
4.136771676372606
 20
-12.8812172251818
 30
0.0
 10
4.12795512958769
 20
-12.7507676185333
 30
0.0
 10
4.12066531329669
 20
-12.64290870325794
 30
0.0
 10
4.243213489023232
 20
-12.57877975157453
 30
0.0
 10
4.345406179885787
 20
-12.54351860062401
 30
0.0
 10
4.447598870748354
 20
-12.50825744967349
 30
0.0
 10
4.570217813899742
 20
-12.44448838997171
 30
0.0
 10
4.563356596702735
 20
-12.33660132619361
 30
0.0
  0
SPLINE
  5
146
330
1F
100
AcDbEntity
  8
LAYER_1
 62
     7
100
AcDbSpline
210
0.0
220
0.0
230
1.0
 70
     8
 71
     3
 72
     8
 73
     4
 74
     0
 42
0.0000000001
 43
0.0000000001
 12
1.0
 22
0.0
 32
0.0
 13
1.0
 23
0.0
 33
0.0
 40
0.0
 40
0.0
 40
0.0
 40
0.0
 40
1.0
 40
1.0
 40
1.0
 40
1.0
 10
5.038549019077461
 20
-13.46467818983092
 30
0.0
 10
5.331106778436252
 20
-13.50349475045472
 30
0.0
 10
5.6361119753401
 20
-13.44128177211539
 30
0.0
 10
5.890095673952626
 20
-13.29098523596505
 30
0.0
  0
SPLINE
  5
147
330
1F
100
AcDbEntity
  8
LAYER_1
 62
     7
100
AcDbSpline
210
0.0
220
0.0
230
1.0
 70
     8
 71
     3
 72
    11
 73
     7
 74
     0
 42
0.0000000001
 43
0.0000000001
 12
1.0
 22
0.0
 32
0.0
 13
1.0
 23
0.0
 33
0.0
 40
0.0
 40
0.0
 40
0.0
 40
0.0
 40
1.0
 40
1.0
 40
1.0
 40
2.0
 40
2.0
 40
2.0
 40
2.0
 10
5.125051482669329
 20
-13.96251894101291
 30
0.0
 10
5.794718290413887
 20
-14.18971127316013
 30
0.0
 10
6.546274147891179
 20
-14.16606591773416
 30
0.0
 10
7.20033487171453
 20
-13.8972266372468
 30
0.0
 10
6.879998490642038
 20
-14.40602908944707
 30
0.0
 10
6.668672602171202
 20
-14.98309201708958
 30
0.0
 10
6.584659344457223
 20
-15.57843821443612
 30
0.0
  0
SPLINE
  5
148
330
1F
100
AcDbEntity
  8
LAYER_1
 62
     7
100
AcDbSpline
210
0.0
220
0.0
230
1.0
 70
    24
 71
     3
 72
     8
 73
     4
 74
     0
 42
0.0000000001
 43
0.0000000001
 12
1.0
 22
0.0
 32
0.0
 13
1.0
 23
0.0
 33
0.0
 40
0.0
 40
0.0
 40
0.0
 40
0.0
 40
1.0
 40
1.0
 40
1.0
 40
1.0
 10
6.025405379646978
 20
-14.51060539264154
 30
0.0
 10
6.007441249445214
 20
-14.78079051381042
 30
0.0
 10
5.989477119243424
 20
-15.05097563497945
 30
0.0
 10
5.971512989041659
 20
-15.32116075614833
 30
0.0
  0
SPLINE
  5
149
330
1F
100
AcDbEntity
  8
LAYER_1
 62
     7
100
AcDbSpline
210
0.0
220
0.0
230
1.0
 70
     8
 71
     3
 72
    11
 73
     7
 74
     0
 42
0.0000000001
 43
0.0000000001
 12
1.0
 22
0.0
 32
0.0
 13
1.0
 23
0.0
 33
0.0
 40
0.0
 40
0.0
 40
0.0
 40
0.0
 40
1.0
 40
1.0
 40
1.0
 40
2.0
 40
2.0
 40
2.0
 40
2.0
 10
5.760243718738644
 20
-14.50217061394639
 30
0.0
 10
5.579880614482818
 20
-14.52978677757167
 30
0.0
 10
5.395061945986754
 20
-14.52808771704528
 30
0.0
 10
5.215237039986505
 20
-14.49716030117876
 30
0.0
 10
5.275302950970651
 20
-14.72776567695708
 30
0.0
 10
5.335368896687972
 20
-14.9583710209332
 30
0.0
 10
5.395434842405266
 20
-15.18897636490929
 30
0.0
  0
SPLINE
  5
14A
330
1F
100
AcDbEntity
  8
LAYER_1
 62
     7
100
AcDbSpline
210
0.0
220
0.0
230
1.0
 70
     8
 71
     3
 72
    14
 73
    10
 74
     0
 42
0.0000000001
 43
0.0000000001
 12
1.0
 22
0.0
 32
0.0
 13
1.0
 23
0.0
 33
0.0
 40
0.0
 40
0.0
 40
0.0
 40
0.0
 40
1.0
 40
1.0
 40
1.0
 40
2.0
 40
2.0
 40
2.0
 40
3.0
 40
3.0
 40
3.0
 40
3.0
 10
7.382155041671795
 20
-11.26801998399762
 30
0.0
 10
7.078441404917789
 20
-11.40038857720762
 30
0.0
 10
6.730146421603118
 20
-11.36768159132319
 30
0.0
 10
6.403767970725261
 20
-11.31075598705492
 30
0.0
 10
6.077389519847379
 20
-11.25383038278665
 30
0.0
 10
5.74635706119822
 20
-11.17484585764888
 30
0.0
 10
5.418508515437932
 20
-11.22258209819635
 30
0.0
 10
5.090659969677618
 20
-11.27031833874384
 30
0.0
 10
4.759442934660632
 20
-11.48272779752443
 30
0.0
 10
4.69103259401964
 20
-11.80689356208343
 30
0.0
  0
SPLINE
  5
14B
330
1F
100
AcDbEntity
  8
LAYER_1
 62
     7
100
AcDbSpline
210
0.0
220
0.0
230
1.0
 70
     8
 71
     3
 72
    17
 73
    13
 74
     0
 42
0.0000000001
 43
0.0000000001
 12
1.0
 22
0.0
 32
0.0
 13
1.0
 23
0.0
 33
0.0
 40
0.0
 40
0.0
 40
0.0
 40
0.0
 40
1.0
 40
1.0
 40
1.0
 40
2.0
 40
2.0
 40
2.0
 40
3.0
 40
3.0
 40
3.0
 40
4.0
 40
4.0
 40
4.0
 40
4.0
 10
4.495707447756078
 20
-11.04013410376218
 30
0.0
 10
4.422846042518586
 20
-10.73068675597326
 30
0.0
 10
4.590127691395335
 20
-10.40004228809208
 30
0.0
 10
4.844424148270087
 20
-10.20925508346942
 30
0.0
 10
5.098720605144838
 20
-10.01846787884675
 30
0.0
 10
5.423838361767896
 20
-9.946879077788708
 30
0.0
 10
5.741076666227021
 20
-9.926231956665484
 30
0.0
 10
6.058314970686145
 20
-9.90558483554226
 30
0.0
 10
6.377224709249908
 20
-9.93080831957847
 30
0.0
 10
6.694441526933006
 20
-9.90983366807278
 30
0.0
 10
7.011658344616105
 20
-9.888859016567064
 30
0.0
 10
7.336714099126892
 20
-9.816563880985136
 30
0.0
 10
7.590418386526127
 20
-9.624989926643694
 30
0.0
  0
SPLINE
  5
14C
330
1F
100
AcDbEntity
  8
LAYER_1
 62
     7
100
AcDbSpline
210
0.0
220
0.0
230
1.0
 70
     8
 71
     3
 72
    11
 73
     7
 74
     0
 42
0.0000000001
 43
0.0000000001
 12
1.0
 22
0.0
 32
0.0
 13
1.0
 23
0.0
 33
0.0
 40
0.0
 40
0.0
 40
0.0
 40
0.0
 40
1.0
 40
1.0
 40
1.0
 40
2.0
 40
2.0
 40
2.0
 40
2.0
 10
4.518021508244525
 20
-9.202867111069432
 30
0.0
 10
4.543395307501972
 20
-9.414755974381553
 30
0.0
 10
4.543497594916112
 20
-9.616056391889439
 30
0.0
 10
4.514009543465337
 20
-9.825135573379308
 30
0.0
 10
4.483161753695892
 20
-10.04385570978886
 30
0.0
 10
4.510993057424179
 20
-10.26585052848532
 30
0.0
 10
4.470514905602638
 20
-10.48687586572803
 30
0.0
  0
SPLINE
  5
14D
330
1F
100
AcDbEntity
  8
LAYER_1
 62
     7
100
AcDbSpline
210
0.0
220
0.0
230
1.0
 70
     8
 71
     3
 72
    11
 73
     7
 74
     0
 42
0.0000000001
 43
0.0000000001
 12
1.0
 22
0.0
 32
0.0
 13
1.0
 23
0.0
 33
0.0
 40
0.0
 40
0.0
 40
0.0
 40
0.0
 40
1.0
 40
1.0
 40
1.0
 40
2.0
 40
2.0
 40
2.0
 40
2.0
 10
4.062678352870547
 20
-8.93717646949325
 30
0.0
 10
3.859831422537645
 20
-9.204212122989576
 30
0.0
 10
3.750792163415654
 20
-9.541095610790938
 30
0.0
 10
3.758697037146981
 20
-9.87634541370658
 30
0.0
 10
3.766601910878308
 20
-10.2115952166222
 30
0.0
 10
3.891397953108607
 20
-10.54296508885977
 30
0.0
 10
4.106605354020429
 20
-10.80014341605021
 30
0.0
  0
SPLINE
  5
14E
330
1F
100
AcDbEntity
  8
LAYER_1
 62
     7
100
AcDbSpline
210
0.0
220
0.0
230
1.0
 70
     8
 71
     3
 72
    14
 73
    10
 74
     0
 42
0.0000000001
 43
0.0000000001
 12
1.0
 22
0.0
 32
0.0
 13
1.0
 23
0.0
 33
0.0
 40
0.0
 40
0.0
 40
0.0
 40
0.0
 40
1.0
 40
1.0
 40
1.0
 40
2.0
 40
2.0
 40
2.0
 40
3.0
 40
3.0
 40
3.0
 40
3.0
 10
4.166666204651303
 20
-7.450221520786776
 30
0.0
 10
4.268662482905484
 20
-7.089086916312175
 30
0.0
 10
4.553174450838115
 20
-6.794289329571862
 30
0.0
 10
4.893507368321555
 20
-6.636191421287347
 30
0.0
 10
5.233840285804995
 20
-6.478093513002856
 30
0.0
 10
5.624308366882334
 20
-6.44799026632591
 30
0.0
 10
5.995365366029697
 20
-6.504009430104714
 30
0.0
 10
6.313948450285579
 20
-6.552106464130095
 30
0.0
 10
6.623081586638186
 20
-6.662024343772726
 30
0.0
 10
6.900514705793334
 20
-6.825851597970515
 30
0.0
  0
SPLINE
  5
14F
330
1F
100
AcDbEntity
  8
LAYER_1
 62
     7
100
AcDbSpline
210
0.0
220
0.0
230
1.0
 70
     8
 71
     3
 72
    11
 73
     7
 74
     0
 42
0.0000000001
 43
0.0000000001
 12
1.0
 22
0.0
 32
0.0
 13
1.0
 23
0.0
 33
0.0
 40
0.0
 40
0.0
 40
0.0
 40
0.0
 40
1.0
 40
1.0
 40
1.0
 40
2.0
 40
2.0
 40
2.0
 40
2.0
 10
3.858018316165182
 20
-7.765798630312979
 30
0.0
 10
3.766309769459793
 20
-7.320590379744671
 30
0.0
 10
3.834592668752571
 20
-6.844149201090759
 30
0.0
 10
4.047654440055187
 20
-6.442620216430517
 30
0.0
 10
4.260716211357829
 20
-6.041091231770275
 30
0.0
 10
4.616974157773484
 20
-5.717457137971956
 30
0.0
 10
5.037058474784317
 20
-5.543819554153136
 30
0.0
  0
SPLINE
  5
150
330
1F
100
AcDbEntity
  8
LAYER_1
 62
     7
100
AcDbSpline
210
0.0
220
0.0
230
1.0
 70
     8
 71
     3
 72
    14
 73
    10
 74
     0
 42
0.0000000001
 43
0.0000000001
 12
1.0
 22
0.0
 32
0.0
 13
1.0
 23
0.0
 33
0.0
 40
0.0
 40
0.0
 40
0.0
 40
0.0
 40
1.0
 40
1.0
 40
1.0
 40
2.0
 40
2.0
 40
2.0
 40
3.0
 40
3.0
 40
3.0
 40
3.0
 10
4.865886576852568
 20
-6.204991455210802
 30
0.0
 10
5.113182670699997
 20
-5.886098409701819
 30
0.0
 10
5.517445749664072
 20
-5.711247656891853
 30
0.0
 10
5.920390898643569
 20
-5.689262675198279
 30
0.0
 10
6.323336047623065
 20
-5.667277693504704
 30
0.0
 10
6.724277594621829
 20
-5.785859032838086
 30
0.0
 10
7.083962469992507
 20
-5.968820566871222
 30
0.0
 10
7.443647345363161
 20
-6.151782100904357
 30
0.0
 10
7.767147209747185
 20
-6.397524060926242
 30
0.0
 10
8.084947456932266
 20
-6.646222945916255
 30
0.0
  0
SPLINE
  5
151
330
1F
100
AcDbEntity
  8
LAYER_1
 62
     7
100
AcDbSpline
210
0.0
220
0.0
230
1.0
 70
     8
 71
     3
 72
    14
 73
    10
 74
     0
 42
0.0000000001
 43
0.0000000001
 12
1.0
 22
0.0
 32
0.0
 13
1.0
 23
0.0
 33
0.0
 40
0.0
 40
0.0
 40
0.0
 40
0.0
 40
1.0
 40
1.0
 40
1.0
 40
2.0
 40
2.0
 40
2.0
 40
3.0
 40
3.0
 40
3.0
 40
3.0
 10
5.657881278146204
 20
-5.023485837494314
 30
0.0
 10
5.770768701052829
 20
-4.973033293440241
 30
0.0
 10
5.887738018284987
 20
-4.927846942393217
 30
0.0
 10
6.010490606837189
 20
-4.912986543483511
 30
0.0
 10
6.228268392798327
 20
-4.886622283830623
 30
0.0
 10
6.448851637543586
 20
-4.958596589503056
 30
0.0
 10
6.636563966980374
 20
-5.072114522877124
 30
0.0
 10
6.82427629641716
 20
-5.185632456251192
 30
0.0
 10
6.98416771864653
 20
-5.338926976091923
 30
0.0
 10
7.142361297112832
 20
-5.490904051837358
 30
0.0
  0
SPLINE
  5
152
330
1F
100
AcDbEntity
  8
LAYER_1
 62
     7
100
AcDbSpline
210
0.0
220
0.0
230
1.0
 70
     8
 71
     3
 72
    29
 73
    25
 74
     0
 42
0.0000000001
 43
0.0000000001
 12
1.0
 22
0.0
 32
0.0
 13
1.0
 23
0.0
 33
0.0
 40
0.0
 40
0.0
 40
0.0
 40
0.0
 40
1.0
 40
1.0
 40
1.0
 40
2.0
 40
2.0
 40
2.0
 40
3.0
 40
3.0
 40
3.0
 40
4.0
 40
4.0
 40
4.0
 40
5.0
 40
5.0
 40
5.0
 40
6.0
 40
6.0
 40
6.0
 40
7.0
 40
7.0
 40
7.0
 40
8.0
 40
8.0
 40
8.0
 40
8.0
 10
6.462997971529401
 20
6.10132264710137
 30
0.0
 10
6.717911002672811
 20
4.749348659815293
 30
0.0
 10
6.783239645185656
 20
3.381005849496306
 30
0.0
 10
6.921704823118059
 20
2.012618491999673
 30
0.0
 10
7.012628638900272
 20
1.11406044390699
 30
0.0
 10
7.042155498935395
 20
0.1577366757170087
 30
0.0
 10
7.239336418586516
 20
-0.7241869366305814
 30
0.0
 10
7.316431802174975
 20
-1.069008531488534
 30
0.0
 10
7.297621220830706
 20
-1.367304743084282
 30
0.0
 10
7.308705032317751
 20
-1.723186802461846
 30
0.0
 10
7.313646660762363
 20
-1.8818539639878
 30
0.0
 10
7.494537421946107
 20
-2.88892747704641
 30
0.0
 10
7.408230231915442
 20
-2.953229100223274
 30
0.0
 10
7.610716206667247
 20
-2.80237055836599
 30
0.0
 10
7.813202181457806
 20
-2.651512016491526
 30
0.0
 10
8.015688156248364
 20
-2.500653474617062
 30
0.0
 10
8.27237342549198
 20
-2.309414699062725
 30
0.0
 10
8.537998792932639
 20
-2.113831822686683
 30
0.0
 10
8.84849446165453
 20
-2.036036988623285
 30
0.0
 10
8.969245557632398
 20
-2.005781854336697
 30
0.0
 10
8.43981674593513
 20
1.286432794762302
 30
0.0
 10
8.403487616815912
 20
1.587956877514848
 30
0.0
 10
8.247391236480123
 20
2.883523797032517
 30
0.0
 10
8.120772504502838
 20
4.182642267447565
 30
0.0
 10
8.023783904148912
 20
5.483969736400973
 30
0.0
  0
SPLINE
  5
153
330
1F
100
AcDbEntity
  8
LAYER_1
 62
     7
100
AcDbSpline
210
0.0
220
0.0
230
1.0
 70
     8
 71
     3
 72
    11
 73
     7
 74
     0
 42
0.0000000001
 43
0.0000000001
 12
1.0
 22
0.0
 32
0.0
 13
1.0
 23
0.0
 33
0.0
 40
0.0
 40
0.0
 40
0.0
 40
0.0
 40
1.0
 40
1.0
 40
1.0
 40
2.0
 40
2.0
 40
2.0
 40
2.0
 10
7.379136307418699
 20
6.25487883854694
 30
0.0
 10
7.319221284601376
 20
3.771989040826712
 30
0.0
 10
7.533609449861564
 20
1.282576880808872
 30
0.0
 10
8.017146793558519
 20
-1.153510801281578
 30
0.0
 10
8.054291143907095
 20
-1.340646077435395
 30
0.0
 10
8.029217036356435
 20
-1.484668177907401
 30
0.0
 10
7.854047361667199
 20
-1.560265131637354
 30
0.0
  0
SPLINE
  5
154
330
1F
100
AcDbEntity
  8
LAYER_1
 62
     7
100
AcDbSpline
210
0.0
220
0.0
230
1.0
 70
     8
 71
     3
 72
    20
 73
    16
 74
     0
 42
0.0000000001
 43
0.0000000001
 12
1.0
 22
0.0
 32
0.0
 13
1.0
 23
0.0
 33
0.0
 40
0.0
 40
0.0
 40
0.0
 40
0.0
 40
1.0
 40
1.0
 40
1.0
 40
2.0
 40
2.0
 40
2.0
 40
3.0
 40
3.0
 40
3.0
 40
4.0
 40
4.0
 40
4.0
 40
5.0
 40
5.0
 40
5.0
 40
5.0
 10
5.748712874910198
 20
5.588963704581627
 30
0.0
 10
5.703489158275791
 20
4.054376345939696
 30
0.0
 10
5.720404942642668
 20
2.517964179559486
 30
0.0
 10
5.799221201659368
 20
0.9847366234482453
 30
0.0
 10
5.839082311265201
 20
0.2093109380974612
 30
0.0
 10
5.894775911806871
 20
-0.5653010487016369
 30
0.0
 10
5.966271257744109
 20
-1.338452022376865
 30
0.0
 10
6.031248865393814
 20
-2.041120146367601
 30
0.0
 10
6.091862577687985
 20
-2.756503659362453
 30
0.0
 10
6.048982097636528
 20
-3.463900385049025
 30
0.0
 10
5.877414082284329
 20
-3.536419180134519
 30
0.0
 10
5.721985167495076
 20
-3.612289278466985
 30
0.0
 10
5.559672408261096
 20
-3.703187502073863
 30
0.0
 10
4.390544861013268
 20
-4.357921102292544
 30
0.0
 10
3.365907976790544
 20
-5.212616430605395
 30
0.0
 10
2.573501502177464
 20
-6.293184470101424
 30
0.0
  0
SPLINE
  5
155
330
1F
100
AcDbEntity
  8
LAYER_1
 62
     7
100
AcDbSpline
210
0.0
220
0.0
230
1.0
 70
     8
 71
     3
 72
    17
 73
    13
 74
     0
 42
0.0000000001
 43
0.0000000001
 12
1.0
 22
0.0
 32
0.0
 13
1.0
 23
0.0
 33
0.0
 40
0.0
 40
0.0
 40
0.0
 40
0.0
 40
1.0
 40
1.0
 40
1.0
 40
2.0
 40
2.0
 40
2.0
 40
3.0
 40
3.0
 40
3.0
 40
4.0
 40
4.0
 40
4.0
 40
4.0
 10
2.837617347813004
 20
-7.116508670396215
 30
0.0
 10
2.265652520026959
 20
-6.6012745866759
 30
0.0
 10
2.283033257268042
 20
-5.78786549761455
 30
0.0
 10
2.383903986254545
 20
-5.087729850907382
 30
0.0
 10
2.597509152838067
 20
-3.605113504490343
 30
0.0
 10
2.543003217299163
 20
-2.13888564808945
 30
0.0
 10
2.625644237826476
 20
-0.6496307968548333
 30
0.0
 10
2.682230959717053
 20
0.3700904577654506
 30
0.0
 10
2.765348540612523
 20
1.388338846906208
 30
0.0
 10
2.874892777305099
 20
2.403737137868499
 30
0.0
 10
2.980928866591802
 20
3.386617361354991
 30
0.0
 10
3.079950008040694
 20
4.389085156893139
 30
0.0
 10
3.291848108547533
 20
5.355865164991958
 30
0.0
  0
SPLINE
  5
156
330
1F
100
AcDbEntity
  8
LAYER_1
 62
     7
100
AcDbSpline
210
0.0
220
0.0
230
1.0
 70
     8
 71
     3
 72
    38
 73
    34
 74
     0
 42
0.0000000001
 43
0.0000000001
 12
1.0
 22
0.0
 32
0.0
 13
1.0
 23
0.0
 33
0.0
 40
0.0
 40
0.0
 40
0.0
 40
0.0
 40
1.0
 40
1.0
 40
1.0
 40
2.0
 40
2.0
 40
2.0
 40
3.0
 40
3.0
 40
3.0
 40
4.0
 40
4.0
 40
4.0
 40
5.0
 40
5.0
 40
5.0
 40
6.0
 40
6.0
 40
6.0
 40
7.0
 40
7.0
 40
7.0
 40
8.0
 40
8.0
 40
8.0
 40
9.0
 40
9.0
 40
9.0
 40
10.0
 40
10.0
 40
10.0
 40
11.0
 40
11.0
 40
11.0
 40
11.0
 10
3.493972145149125
 20
3.193460241361183
 30
0.0
 10
3.447583686953559
 20
1.842358121548361
 30
0.0
 10
3.401195228757981
 20
0.4912560017355392
 30
0.0
 10
3.354806770562403
 20
-0.8598461180773079
 30
0.0
 10
3.331612541464627
 20
-1.535397177983719
 30
0.0
 10
3.308418312366838
 20
-2.21094823789013
 30
0.0
 10
3.285224083269061
 20
-2.88649929779654
 30
0.0
 10
3.273626968737833
 20
-3.224274827234719
 30
0.0
 10
3.262019781243339
 20
-3.562050012548626
 30
0.0
 10
3.250432739622372
 20
-3.899825887656157
 30
0.0
 10
3.240222916273372
 20
-4.197454232251023
 30
0.0
 10
3.159345858180573
 20
-4.533929130894168
 30
0.0
 10
3.237074102082046
 20
-4.824494814796076
 30
0.0
 10
3.182271866057464
 20
-4.619631712716278
 30
0.0
 10
3.568619848862353
 20
-4.13987780151385
 30
0.0
 10
3.698009930305286
 20
-3.992540105454686
 30
0.0
 10
3.924389370869751
 20
-3.734759718921446
 30
0.0
 10
4.249407478546686
 20
-3.578122428251643
 30
0.0
 10
4.554138350234855
 20
-3.434021014469282
 30
0.0
 10
4.979786629788249
 20
-3.23274006607744
 30
0.0
 10
5.443305491262183
 20
-2.990779987123334
 30
0.0
 10
5.607258408484717
 20
-2.549260192650687
 30
0.0
 10
5.681349120919852
 20
-2.349251451296747
 30
0.0
 10
5.569453840361853
 20
-2.029251731554294
 30
0.0
 10
5.51310371049754
 20
-1.834914223682113
 30
0.0
 10
5.428057655441484
 20
-1.541611645076702
 30
0.0
 10
5.392762160949411
 20
-1.250476553349472
 30
0.0
 10
5.358414359927665
 20
-0.9434282956071153
 30
0.0
 10
5.280205730028329
 20
-0.2442911503844193
 30
0.0
 10
5.219012285725461
 20
0.4567488595470321
 30
0.0
 10
5.174872625864787
 20
1.158860515406635
 30
0.0
 10
5.086593302123472
 20
2.563083891069735
 30
0.0
 10
5.066532215096837
 20
3.971599026138291
 30
0.0
 10
5.115003039272854
 20
5.377761680171893
 30
0.0
  0
SPLINE
  5
157
330
1F
100
AcDbEntity
  8
LAYER_1
 62
     7
100
AcDbSpline
210
0.0
220
0.0
230
1.0
 70
     8
 71
     3
 72
    17
 73
    13
 74
     0
 42
0.0000000001
 43
0.0000000001
 12
1.0
 22
0.0
 32
0.0
 13
1.0
 23
0.0
 33
0.0
 40
0.0
 40
0.0
 40
0.0
 40
0.0
 40
1.0
 40
1.0
 40
1.0
 40
2.0
 40
2.0
 40
2.0
 40
3.0
 40
3.0
 40
3.0
 40
4.0
 40
4.0
 40
4.0
 40
4.0
 10
-1.814550177977998
 20
2.380942741823244
 30
0.0
 10
-2.048647422159446
 20
2.382530647914943
 30
0.0
 10
-2.282445585170838
 20
2.422085554247133
 30
0.0
 10
-2.504036852129073
 20
2.497592849172532
 30
0.0
 10
-2.504414874230684
 20
2.188339877504859
 30
0.0
 10
-2.453977085591204
 20
1.874437080787023
 30
0.0
 10
-2.316379118356356
 20
1.597481610911801
 30
0.0
 10
-2.178781151121509
 20
1.320526141036604
 30
0.0
 10
-1.947921100015214
 20
1.082913606480588
 30
0.0
 10
-1.658014776578915
 20
0.975248122166426
 30
0.0
 10
-1.368108453142604
 20
0.8675826378522389
 30
0.0
 10
-1.019461136066714
 20
0.9042226811081693
 30
0.0
 10
-0.7810061148162377
 20
1.101140775049291
 30
0.0
  0
SPLINE
  5
158
330
1F
100
AcDbEntity
  8
LAYER_1
 62
     7
100
AcDbSpline
210
0.0
220
0.0
230
1.0
 70
     8
 71
     3
 72
     8
 73
     4
 74
     0
 42
0.0000000001
 43
0.0000000001
 12
1.0
 22
0.0
 32
0.0
 13
1.0
 23
0.0
 33
0.0
 40
0.0
 40
0.0
 40
0.0
 40
0.0
 40
1.0
 40
1.0
 40
1.0
 40
1.0
 10
-2.109757311120802
 20
1.852548232173932
 30
0.0
 10
-1.994876803183653
 20
1.858240717574669
 30
0.0
 10
-1.882496014879254
 20
1.905466608948523
 30
0.0
 10
-1.79803391654928
 20
1.983544066896583
 30
0.0
  0
SPLINE
  5
159
330
1F
100
AcDbEntity
  8
LAYER_1
 62
     7
100
AcDbSpline
210
0.0
220
0.0
230
1.0
 70
    24
 71
     3
 72
     8
 73
     4
 74
     0
 42
0.0000000001
 43
0.0000000001
 12
1.0
 22
0.0
 32
0.0
 13
1.0
 23
0.0
 33
0.0
 40
0.0
 40
0.0
 40
0.0
 40
0.0
 40
1.0
 40
1.0
 40
1.0
 40
1.0
 10
-1.902937186878009
 20
1.350378961074133
 30
0.0
 10
-1.791122293427912
 20
1.46271990510445
 30
0.0
 10
-1.679307399977839
 20
1.575060849134792
 30
0.0
 10
-1.567492506527742
 20
1.687401793165135
 30
0.0
  0
SPLINE
  5
15A
330
1F
100
AcDbEntity
  8
LAYER_1
 62
     7
100
AcDbSpline
210
0.0
220
0.0
230
1.0
 70
    24
 71
     3
 72
     8
 73
     4
 74
     0
 42
0.0000000001
 43
0.0000000001
 12
1.0
 22
0.0
 32
0.0
 13
1.0
 23
0.0
 33
0.0
 40
0.0
 40
0.0
 40
0.0
 40
0.0
 40
1.0
 40
1.0
 40
1.0
 40
1.0
 10
-1.378890626348165
 20
1.0951902190014
 30
0.0
 10
-1.34191762267215
 20
1.221325099427354
 30
0.0
 10
-1.304944618996135
 20
1.347459979853309
 30
0.0
 10
-1.26797161532012
 20
1.473594860279263
 30
0.0
  0
SPLINE
  5
15B
330
1F
100
AcDbEntity
  8
LAYER_1
 62
     7
100
AcDbSpline
210
0.0
220
0.0
230
1.0
 70
     8
 71
     3
 72
    14
 73
    10
 74
     0
 42
0.0000000001
 43
0.0000000001
 12
1.0
 22
0.0
 32
0.0
 13
1.0
 23
0.0
 33
0.0
 40
0.0
 40
0.0
 40
0.0
 40
0.0
 40
1.0
 40
1.0
 40
1.0
 40
2.0
 40
2.0
 40
2.0
 40
3.0
 40
3.0
 40
3.0
 40
3.0
 10
-0.3412070395110934
 20
1.445621643787641
 30
0.0
 10
-0.4649462575504736
 20
1.369140113821484
 30
0.0
 10
-0.6369442244210227
 20
1.442400728379855
 30
0.0
 10
-0.7177173030039007
 20
1.563382248800154
 30
0.0
 10
-0.7984903815867785
 20
1.684363769220454
 30
0.0
 10
-0.8120333379085246
 20
1.836590321494491
 30
0.0
 10
-0.8231903190368888
 20
1.981629420633529
 30
0.0
 10
-0.8518618903944772
 20
2.354356572563675
 30
0.0
 10
-0.8805334993673897
 20
2.727083710786903
 30
0.0
 10
-0.9092051083403146
 20
3.099810849010105
 30
0.0
  0
SPLINE
  5
15C
330
1F
100
AcDbEntity
  8
LAYER_1
 62
     7
100
AcDbSpline
210
0.0
220
0.0
230
1.0
 70
     8
 71
     3
 72
     8
 73
     4
 74
     0
 42
0.0000000001
 43
0.0000000001
 12
1.0
 22
0.0
 32
0.0
 13
1.0
 23
0.0
 33
0.0
 40
0.0
 40
0.0
 40
0.0
 40
0.0
 40
1.0
 40
1.0
 40
1.0
 40
1.0
 10
-2.536806469797878
 20
2.790633716691496
 30
0.0
 10
-2.257840792532912
 20
2.840455575806168
 30
0.0
 10
-2.004008481003274
 20
3.016772224576597
 30
0.0
 10
-1.859940200439963
 20
3.260797627502345
 30
0.0
  0
SPLINE
  5
15D
330
1F
100
AcDbEntity
  8
LAYER_1
 62
     7
100
AcDbSpline
210
0.0
220
0.0
230
1.0
 70
     8
 71
     3
 72
    14
 73
    10
 74
     0
 42
0.0000000001
 43
0.0000000001
 12
1.0
 22
0.0
 32
0.0
 13
1.0
 23
0.0
 33
0.0
 40
0.0
 40
0.0
 40
0.0
 40
0.0
 40
1.0
 40
1.0
 40
1.0
 40
2.0
 40
2.0
 40
2.0
 40
3.0
 40
3.0
 40
3.0
 40
3.0
 10
-0.3630523904594787
 20
3.46810930773649
 30
0.0
 10
-0.5521988761799245
 20
3.340896214246868
 30
0.0
 10
-0.8020621546857126
 20
3.344264189122087
 30
0.0
 10
-1.023263228333134
 20
3.399306438647475
 30
0.0
 10
-1.244464301980555
 20
3.454348688172887
 30
0.0
 10
-1.452157227179163
 20
3.555219415498716
 30
0.0
 10
-1.673205281625137
 20
3.610873003354679
 30
0.0
 10
-1.894253336071112
 20
3.666526591210615
 30
0.0
 10
-2.143847228845099
 20
3.671329065377197
 30
0.0
 10
-2.334042305969534
 20
3.545689116104591
 30
0.0
  0
SPLINE
  5
15E
330
1F
100
AcDbEntity
  8
LAYER_1
 62
     7
100
AcDbSpline
210
0.0
220
0.0
230
1.0
 70
     8
 71
     3
 72
    14
 73
    10
 74
     0
 42
0.0000000001
 43
0.0000000001
 12
1.0
 22
0.0
 32
0.0
 13
1.0
 23
0.0
 33
0.0
 40
0.0
 40
0.0
 40
0.0
 40
0.0
 40
1.0
 40
1.0
 40
1.0
 40
2.0
 40
2.0
 40
2.0
 40
3.0
 40
3.0
 40
3.0
 40
3.0
 10
-0.6331251447553161
 20
3.838685961215459
 30
0.0
 10
-0.9983621733342841
 20
3.911496559530481
 30
0.0
 10
-1.363599201913265
 20
3.984307157845528
 30
0.0
 10
-1.728836230492245
 20
4.057117756160551
 30
0.0
 10
-1.827389703868448
 20
4.076764600766738
 30
0.0
 10
-1.927874985109762
 20
4.096505889925083
 30
0.0
 10
-2.027717436382103
 20
4.085092302101278
 30
0.0
 10
-2.127559887654456
 20
4.073678714277498
 30
0.0
 10
-2.228489014775669
 20
4.025833981658656
 30
0.0
 10
-2.278874018687967
 20
3.938884936558427
 30
0.0
  0
SPLINE
  5
15F
330
1F
100
AcDbEntity
  8
LAYER_1
 62
     7
100
AcDbSpline
210
0.0
220
0.0
230
1.0
 70
     8
 71
     3
 72
    11
 73
     7
 74
     0
 42
0.0000000001
 43
0.0000000001
 12
1.0
 22
0.0
 32
0.0
 13
1.0
 23
0.0
 33
0.0
 40
0.0
 40
0.0
 40
0.0
 40
0.0
 40
1.0
 40
1.0
 40
1.0
 40
2.0
 40
2.0
 40
2.0
 40
2.0
 10
-0.4414322837708369
 20
4.344488447963916
 30
0.0
 10
-0.8899338239074773
 20
4.471744556692379
 30
0.0
 10
-1.355344685443331
 20
4.539265964251904
 30
0.0
 10
-1.821518589905925
 20
4.544710182446756
 30
0.0
 10
-1.959024011068057
 20
4.54631597545252
 30
0.0
 10
-2.125911718277027
 20
4.52413763794521
 30
0.0
 10
-2.180875096587745
 20
4.398084706054911
 30
0.0
  0
SPLINE
  5
160
330
1F
100
AcDbEntity
  8
LAYER_1
 62
     7
100
AcDbSpline
210
0.0
220
0.0
230
1.0
 70
     8
 71
     3
 72
    14
 73
    10
 74
     0
 42
0.0000000001
 43
0.0000000001
 12
1.0
 22
0.0
 32
0.0
 13
1.0
 23
0.0
 33
0.0
 40
0.0
 40
0.0
 40
0.0
 40
0.0
 40
1.0
 40
1.0
 40
1.0
 40
2.0
 40
2.0
 40
2.0
 40
3.0
 40
3.0
 40
3.0
 40
3.0
 10
-0.39667510072171
 20
4.766986795120576
 30
0.0
 10
-0.7692624116595349
 20
4.843565513838737
 30
0.0
 10
-1.14184972259736
 20
4.920144232556898
 30
0.0
 10
-1.514437033535185
 20
4.996722951275059
 30
0.0
 10
-1.634278481898832
 20
5.021354305606438
 30
0.0
 10
-1.759941974954384
 20
5.045809047673502
 30
0.0
 10
-1.8772953098111
 20
5.011213238088455
 30
0.0
 10
-1.994648644667803
 20
4.976617428503383
 30
0.0
 10
-2.098165075430744
 20
4.861940907367423
 30
0.0
 10
-2.07577403806556
 20
4.741660748203306
 30
0.0
  0
SPLINE
  5
161
330
1F
100
AcDbEntity
  8
LAYER_1
 62
     7
100
AcDbSpline
210
0.0
220
0.0
230
1.0
 70
     8
 71
     3
 72
    11
 73
     7
 74
     0
 42
0.0000000001
 43
0.0000000001
 12
1.0
 22
0.0
 32
0.0
 13
1.0
 23
0.0
 33
0.0
 40
0.0
 40
0.0
 40
0.0
 40
0.0
 40
1.0
 40
1.0
 40
1.0
 40
2.0
 40
2.0
 40
2.0
 40
2.0
 10
-0.1288617487107583
 20
5.218600201502517
 30
0.0
 10
-0.4145549976141941
 20
5.117529805586425
 30
0.0
 10
-0.7284363776124742
 20
5.203717411610088
 30
0.0
 10
-1.020448176117712
 20
5.28474189515287
 30
0.0
 10
-1.31245997462295
 20
5.365766378695652
 30
0.0
 10
-1.632942106810788
 20
5.43960562385607
 30
0.0
 10
-1.910241442401545
 20
5.317372502810409
 30
0.0
  0
SPLINE
  5
162
330
1F
100
AcDbEntity
  8
LAYER_1
 62
     7
100
AcDbSpline
210
0.0
220
0.0
230
1.0
 70
     8
 71
     3
 72
    14
 73
    10
 74
     0
 42
0.0000000001
 43
0.0000000001
 12
1.0
 22
0.0
 32
0.0
 13
1.0
 23
0.0
 33
0.0
 40
0.0
 40
0.0
 40
0.0
 40
0.0
 40
1.0
 40
1.0
 40
1.0
 40
2.0
 40
2.0
 40
2.0
 40
3.0
 40
3.0
 40
3.0
 40
3.0
 10
-0.2312773102852866
 20
5.518179798407092
 30
0.0
 10
-0.5565334939699116
 20
5.632150892861406
 30
0.0
 10
-0.8953438730535102
 20
5.707385672968232
 30
0.0
 10
-1.238268755797182
 20
5.741788001253363
 30
0.0
 10
-1.311937427525335
 20
5.749178539990504
 30
0.0
 10
-1.387147668767562
 20
5.754605209602055
 30
0.0
 10
-1.459340207772079
 20
5.738175659176451
 30
0.0
 10
-1.531532746776596
 20
5.721746108750886
 30
0.0
 10
-1.6013495856928
 20
5.680254620459323
 30
0.0
 10
-1.635382147239145
 20
5.614501464111513
 30
0.0
  0
SPLINE
  5
163
330
1F
100
AcDbEntity
  8
LAYER_1
 62
     7
100
AcDbSpline
210
0.0
220
0.0
230
1.0
 70
     8
 71
     3
 72
    14
 73
    10
 74
     0
 42
0.0000000001
 43
0.0000000001
 12
1.0
 22
0.0
 32
0.0
 13
1.0
 23
0.0
 33
0.0
 40
0.0
 40
0.0
 40
0.0
 40
0.0
 40
1.0
 40
1.0
 40
1.0
 40
2.0
 40
2.0
 40
2.0
 40
3.0
 40
3.0
 40
3.0
 40
3.0
 10
-0.1743106596954047
 20
6.034059866368048
 30
0.0
 10
-0.4603462825431405
 20
6.029110273630762
 30
0.0
 10
-0.7472574151333522
 20
6.081446122774436
 30
0.0
 10
-1.013123393607215
 20
6.187068835749844
 30
0.0
 10
-1.117651352843824
 20
6.228595592002003
 30
0.0
 10
-1.223369468039689
 20
6.279174832917394
 30
0.0
 10
-1.335814575260744
 20
6.276593720718627
 30
0.0
 10
-1.448259682481825
 20
6.274012608519873
 30
0.0
 10
-1.569173690993024
 20
6.195840872656933
 30
0.0
 10
-1.572947931561986
 20
6.083429488063264
 30
0.0
  0
SPLINE
  5
164
330
1F
100
AcDbEntity
  8
LAYER_1
 62
     7
100
AcDbSpline
210
0.0
220
0.0
230
1.0
 70
     8
 71
     3
 72
    11
 73
     7
 74
     0
 42
0.0000000001
 43
0.0000000001
 12
1.0
 22
0.0
 32
0.0
 13
1.0
 23
0.0
 33
0.0
 40
0.0
 40
0.0
 40
0.0
 40
0.0
 40
1.0
 40
1.0
 40
1.0
 40
2.0
 40
2.0
 40
2.0
 40
2.0
 10
-1.042331527838491
 20
7.796157865322609
 30
0.0
 10
-0.56039274413883
 20
7.730574139067963
 30
0.0
 10
-0.0784539604391815
 20
7.664990412813292
 30
0.0
 10
0.4034848232604796
 20
7.599406686558622
 30
0.0
 10
-0.0324398062421602
 20
7.750094077101708
 30
0.0
 10
-0.461338412055271
 20
7.921105345070828
 30
0.0
 10
-0.8813514859640968
 20
8.111699133364002
 30
0.0
  0
SPLINE
  5
165
330
1F
100
AcDbEntity
  8
LAYER_1
 62
     7
100
AcDbSpline
210
0.0
220
0.0
230
1.0
 70
     8
 71
     3
 72
    11
 73
     7
 74
     0
 42
0.0000000001
 43
0.0000000001
 12
1.0
 22
0.0
 32
0.0
 13
1.0
 23
0.0
 33
0.0
 40
0.0
 40
0.0
 40
0.0
 40
0.0
 40
1.0
 40
1.0
 40
1.0
 40
2.0
 40
2.0
 40
2.0
 40
2.0
 10
-0.5710284290323165
 20
9.310932683531252
 30
0.0
 10
-0.1093018076436086
 20
9.240005463123124
 30
0.0
 10
0.3524248137450867
 20
9.169078242714981
 30
0.0
 10
0.8141514351337946
 20
9.098151022306853
 30
0.0
 10
0.3926635326073311
 20
9.268522681921644
 30
0.0
 10
-0.0383136205293163
 20
9.415415478393482
 30
0.0
 10
-0.4761159216906208
 20
9.537921391997061
 30
0.0
  0
SPLINE
  5
166
330
1F
100
AcDbEntity
  8
LAYER_1
 62
     7
100
AcDbSpline
210
0.0
220
0.0
230
1.0
 70
     8
 71
     3
 72
    11
 73
     7
 74
     0
 42
0.0000000001
 43
0.0000000001
 12
1.0
 22
0.0
 32
0.0
 13
1.0
 23
0.0
 33
0.0
 40
0.0
 40
0.0
 40
0.0
 40
0.0
 40
1.0
 40
1.0
 40
1.0
 40
2.0
 40
2.0
 40
2.0
 40
2.0
 10
-0.3118594120016445
 20
10.56745907227936
 30
0.0
 10
0.3702934254567304
 20
10.40952876383329
 30
0.0
 10
1.061542075830125
 20
10.29089532743464
 30
0.0
 10
1.757317889764345
 20
10.212342843562
 30
0.0
 10
1.130886095982431
 20
10.43110155190781
 30
0.0
 10
0.5044543017258749
 20
10.64986026283193
 30
0.0
 10
-0.1219774925306941
 20
10.86861897375607
 30
0.0
  0
SPLINE
  5
167
330
1F
100
AcDbEntity
  8
LAYER_1
 62
     7
100
AcDbSpline
210
0.0
220
0.0
230
1.0
 70
     8
 71
     3
 72
    11
 73
     7
 74
     0
 42
0.0000000001
 43
0.0000000001
 12
1.0
 22
0.0
 32
0.0
 13
1.0
 23
0.0
 33
0.0
 40
0.0
 40
0.0
 40
0.0
 40
0.0
 40
1.0
 40
1.0
 40
1.0
 40
2.0
 40
2.0
 40
2.0
 40
2.0
 10
0.1995023097860869
 20
11.85098056046753
 30
0.0
 10
0.7877597852372497
 20
11.75606266824655
 30
0.0
 10
1.386701268034926
 20
11.65776755153444
 30
0.0
 10
1.918769864719416
 20
11.38951529691193
 30
0.0
 10
1.386597685744315
 20
11.71720110028136
 30
0.0
 10
0.8153887883348842
 20
11.98142720585047
 30
0.0
 10
0.2210939744291838
 20
12.17481515028228
 30
0.0
  0
SPLINE
  5
168
330
1F
100
AcDbEntity
  8
LAYER_1
 62
     7
100
AcDbSpline
210
0.0
220
0.0
230
1.0
 70
     8
 71
     3
 72
     8
 73
     4
 74
     0
 42
0.0000000001
 43
0.0000000001
 12
1.0
 22
0.0
 32
0.0
 13
1.0
 23
0.0
 33
0.0
 40
0.0
 40
0.0
 40
0.0
 40
0.0
 40
1.0
 40
1.0
 40
1.0
 40
1.0
 10
2.188153795936842
 20
12.15448633320375
 30
0.0
 10
1.512807689829856
 20
12.37847255274791
 30
0.0
 10
0.8129084842437351
 20
12.52834232032707
 30
0.0
 10
0.1050598813284927
 20
12.60054027688049
 30
0.0
  0
SPLINE
  5
169
330
1F
100
AcDbEntity
  8
LAYER_1
 62
     7
100
AcDbSpline
210
0.0
220
0.0
230
1.0
 70
     8
 71
     3
 72
    17
 73
    13
 74
     0
 42
0.0000000001
 43
0.0000000001
 12
1.0
 22
0.0
 32
0.0
 13
1.0
 23
0.0
 33
0.0
 40
0.0
 40
0.0
 40
0.0
 40
0.0
 40
1.0
 40
1.0
 40
1.0
 40
2.0
 40
2.0
 40
2.0
 40
3.0
 40
3.0
 40
3.0
 40
4.0
 40
4.0
 40
4.0
 40
4.0
 10
7.73804108954947
 20
12.69011573349601
 30
0.0
 10
6.051628860492175
 20
12.42602625899622
 30
0.0
 10
4.297641610687429
 20
12.88020376085247
 30
0.0
 10
2.633672972358025
 20
12.49949675078861
 30
0.0
 10
2.445609756675026
 20
12.45646890585426
 30
0.0
 10
2.565358074720406
 20
12.24543702520932
 30
0.0
 10
2.603578070989619
 20
12.05633810818994
 30
0.0
 10
2.715656718910458
 20
11.50181426599521
 30
0.0
 10
2.744265911064745
 20
10.930496208935
 30
0.0
 10
2.688145545456728
 20
10.36754967142766
 30
0.0
 10
3.245252854111855
 20
10.44317331349502
 30
0.0
 10
3.808202914215346
 20
10.47571488638208
 30
0.0
 10
4.370313313969064
 20
10.4647881105703
 30
0.0
  0
SPLINE
  5
16A
330
1F
100
AcDbEntity
  8
LAYER_1
 62
     7
100
AcDbSpline
210
0.0
220
0.0
230
1.0
 70
     8
 71
     3
 72
     8
 73
     4
 74
     0
 42
0.0000000001
 43
0.0000000001
 12
1.0
 22
0.0
 32
0.0
 13
1.0
 23
0.0
 33
0.0
 40
0.0
 40
0.0
 40
0.0
 40
0.0
 40
1.0
 40
1.0
 40
1.0
 40
1.0
 10
3.996199079270342
 20
10.84264886224044
 30
0.0
 10
3.813239280602109
 20
11.3206583828778
 30
0.0
 10
3.780437346844148
 20
11.85491129563155
 30
0.0
 10
3.903545933427722
 20
12.3517127304705
 30
0.0
  0
SPLINE
  5
16B
330
1F
100
AcDbEntity
  8
LAYER_1
 62
     7
100
AcDbSpline
210
0.0
220
0.0
230
1.0
 70
     8
 71
     3
 72
     8
 73
     4
 74
     0
 42
0.0000000001
 43
0.0000000001
 12
1.0
 22
0.0
 32
0.0
 13
1.0
 23
0.0
 33
0.0
 40
0.0
 40
0.0
 40
0.0
 40
0.0
 40
1.0
 40
1.0
 40
1.0
 40
1.0
 10
3.070650037717112
 20
12.09619212185657
 30
0.0
 10
3.212985545062944
 20
12.04474153221223
 30
0.0
 10
3.374908201040676
 20
12.04984563375004
 30
0.0
 10
3.513720716674761
 20
12.11015852896724
 30
0.0
  0
SPLINE
  5
16C
330
1F
100
AcDbEntity
  8
LAYER_1
 62
     7
100
AcDbSpline
210
0.0
220
0.0
230
1.0
 70
     8
 71
     3
 72
     8
 73
     4
 74
     0
 42
0.0000000001
 43
0.0000000001
 12
1.0
 22
0.0
 32
0.0
 13
1.0
 23
0.0
 33
0.0
 40
0.0
 40
0.0
 40
0.0
 40
0.0
 40
1.0
 40
1.0
 40
1.0
 40
1.0
 10
3.057906535667485
 20
10.86437409010672
 30
0.0
 10
3.222986159152482
 20
10.87852003656432
 30
0.0
 10
3.383922918854195
 20
10.93829433601755
 30
0.0
 10
3.518212847535816
 20
11.03533868127176
 30
0.0
  0
SPLINE
  5
16D
330
1F
100
AcDbEntity
  8
LAYER_1
 62
     7
100
AcDbSpline
210
0.0
220
0.0
230
1.0
 70
     8
 71
     3
 72
    26
 73
    22
 74
     0
 42
0.0000000001
 43
0.0000000001
 12
1.0
 22
0.0
 32
0.0
 13
1.0
 23
0.0
 33
0.0
 40
0.0
 40
0.0
 40
0.0
 40
0.0
 40
1.0
 40
1.0
 40
1.0
 40
2.0
 40
2.0
 40
2.0
 40
3.0
 40
3.0
 40
3.0
 40
4.0
 40
4.0
 40
4.0
 40
5.0
 40
5.0
 40
5.0
 40
6.0
 40
6.0
 40
6.0
 40
7.0
 40
7.0
 40
7.0
 40
7.0
 10
4.177625758791111
 20
12.34620054172768
 30
0.0
 10
4.220378789905074
 20
11.9720126550727
 30
0.0
 10
4.296107602528865
 20
11.60159845979343
 30
0.0
 10
4.403647309975187
 20
11.2406557946635
 30
0.0
 10
4.424222077284488
 20
11.17159927447387
 30
0.0
 10
4.450680905683687
 20
11.09672665037447
 30
0.0
 10
4.512881797531514
 20
11.06035120513843
 30
0.0
 10
4.578433841076806
 20
11.02201606177399
 30
0.0
 10
4.66100367143008
 20
11.03938170960618
 30
0.0
 10
4.73466189820576
 20
11.05785106754605
 30
0.0
 10
4.979100604638234
 20
11.11914265033127
 30
0.0
 10
5.223539312682204
 20
11.18043421888591
 30
0.0
 10
5.467978020726175
 20
11.24172578744052
 30
0.0
 10
5.54570115862796
 20
11.2612143964276
 30
0.0
 10
5.628770558245226
 20
11.28394068886424
 30
0.0
 10
5.680235430559959
 20
11.34535777825473
 30
0.0
 10
5.74216740293443
 20
11.4192660348708
 30
0.0
 10
5.739818453737775
 20
11.52596908189633
 30
0.0
 10
5.73314221430817
 20
11.62216381944359
 30
0.0
 10
5.715511362978961
 20
11.87619818214418
 30
0.0
 10
5.690202414985884
 20
12.12969957869258
 30
0.0
 10
5.657261575598795
 20
12.38220540813381
 30
0.0
  0
SPLINE
  5
16E
330
1F
100
AcDbEntity
  8
LAYER_1
 62
     7
100
AcDbSpline
210
0.0
220
0.0
230
1.0
 70
     8
 71
     3
 72
     8
 73
     4
 74
     0
 42
0.0000000001
 43
0.0000000001
 12
1.0
 22
0.0
 32
0.0
 13
1.0
 23
0.0
 33
0.0
 40
0.0
 40
0.0
 40
0.0
 40
0.0
 40
1.0
 40
1.0
 40
1.0
 40
1.0
 10
4.49763339206288
 20
12.15735785636419
 30
0.0
 10
4.751694327069672
 20
12.09764074655638
 30
0.0
 10
5.022074634083588
 20
12.10901629050654
 30
0.0
 10
5.270221735669944
 20
12.18986248939437
 30
0.0
  0
SPLINE
  5
16F
330
1F
100
AcDbEntity
  8
LAYER_1
 62
     7
100
AcDbSpline
210
0.0
220
0.0
230
1.0
 70
     8
 71
     3
 72
    17
 73
    13
 74
     0
 42
0.0000000001
 43
0.0000000001
 12
1.0
 22
0.0
 32
0.0
 13
1.0
 23
0.0
 33
0.0
 40
0.0
 40
0.0
 40
0.0
 40
0.0
 40
1.0
 40
1.0
 40
1.0
 40
2.0
 40
2.0
 40
2.0
 40
3.0
 40
3.0
 40
3.0
 40
4.0
 40
4.0
 40
4.0
 40
4.0
 10
4.646227460639667
 20
10.60566795142828
 30
0.0
 10
5.027956495089584
 20
10.68784945623274
 30
0.0
 10
5.409685529539502
 20
10.77003096103718
 30
0.0
 10
5.791414563989418
 20
10.85221246584162
 30
0.0
 10
5.888517284682873
 20
10.87311747081146
 30
0.0
 10
5.99430565222633
 20
10.89941867806563
 30
0.0
 10
6.053344197133305
 20
10.97929613300084
 30
0.0
 10
6.112234790440198
 20
11.05897333404939
 30
0.0
 10
6.106527979398909
 20
11.16751376024181
 30
0.0
 10
6.098221114990893
 20
11.26624346655111
 30
0.0
 10
6.068284749769873
 20
11.62204593481709
 30
0.0
 10
6.038348431374869
 20
11.97784837751972
 30
0.0
 10
6.008412112979865
 20
12.3336508202224
 30
0.0
  0
SPLINE
  5
170
330
1F
100
AcDbEntity
  8
LAYER_1
 62
     7
100
AcDbSpline
210
0.0
220
0.0
230
1.0
 70
     8
 71
     3
 72
     8
 73
     4
 74
     0
 42
0.0000000001
 43
0.0000000001
 12
1.0
 22
0.0
 32
0.0
 13
1.0
 23
0.0
 33
0.0
 40
0.0
 40
0.0
 40
0.0
 40
0.0
 40
1.0
 40
1.0
 40
1.0
 40
1.0
 10
4.632249006382708
 20
10.15093527715468
 30
0.0
 10
5.172159892492522
 20
10.16622575904394
 30
0.0
 10
5.708350545843687
 20
10.30136843573238
 30
0.0
 10
6.191010059659902
 20
10.54380885624631
 30
0.0
  0
SPLINE
  5
171
330
1F
100
AcDbEntity
  8
LAYER_1
 62
     7
100
AcDbSpline
210
0.0
220
0.0
230
1.0
 70
     8
 71
     3
 72
    14
 73
    10
 74
     0
 42
0.0000000001
 43
0.0000000001
 12
1.0
 22
0.0
 32
0.0
 13
1.0
 23
0.0
 33
0.0
 40
0.0
 40
0.0
 40
0.0
 40
0.0
 40
1.0
 40
1.0
 40
1.0
 40
2.0
 40
2.0
 40
2.0
 40
3.0
 40
3.0
 40
3.0
 40
3.0
 10
9.310281672255213
 20
11.97623716420298
 30
0.0
 10
8.383137214244723
 20
11.70920277540989
 30
0.0
 10
7.448279297050981
 20
11.46895019395348
 30
0.0
 10
6.507266397523608
 20
11.25587993854298
 30
0.0
 10
6.637419586382268
 20
10.99245999219189
 30
0.0
 10
6.669147402480601
 20
10.68179654094186
 30
0.0
 10
6.594931603244175
 20
10.39750455754943
 30
0.0
 10
7.427369173840638
 20
10.73346818438184
 30
0.0
 10
8.279141126859535
 20
11.02151881223899
 30
0.0
 10
9.14462764844696
 20
11.25975592573329
 30
0.0
  0
SPLINE
  5
172
330
1F
100
AcDbEntity
  8
LAYER_1
 62
     7
100
AcDbSpline
210
0.0
220
0.0
230
1.0
 70
     8
 71
     3
 72
    11
 73
     7
 74
     0
 42
0.0000000001
 43
0.0000000001
 12
1.0
 22
0.0
 32
0.0
 13
1.0
 23
0.0
 33
0.0
 40
0.0
 40
0.0
 40
0.0
 40
0.0
 40
1.0
 40
1.0
 40
1.0
 40
2.0
 40
2.0
 40
2.0
 40
2.0
 10
8.936115244250837
 20
14.30516498481375
 30
0.0
 10
8.602125992278918
 20
13.72128005590025
 30
0.0
 10
8.103551478659861
 20
13.23272102085908
 30
0.0
 10
7.513010122742217
 20
12.91064752366319
 30
0.0
 10
8.14532171542833
 20
12.99869266308111
 30
0.0
 10
8.758859836703625
 20
13.21932129489777
 30
0.0
 10
9.302436494749118
 20
13.55412618166789
 30
0.0
  0
SPLINE
  5
173
330
1F
100
AcDbEntity
  8
LAYER_1
 62
     7
100
AcDbSpline
210
0.0
220
0.0
230
1.0
 70
     8
 71
     3
 72
     8
 73
     4
 74
     0
 42
0.0000000001
 43
0.0000000001
 12
1.0
 22
0.0
 32
0.0
 13
1.0
 23
0.0
 33
0.0
 40
0.0
 40
0.0
 40
0.0
 40
0.0
 40
1.0
 40
1.0
 40
1.0
 40
1.0
 10
8.263293689600635
 20
14.80810703779542
 30
0.0
 10
8.10017317939499
 20
14.36272178934944
 30
0.0
 10
7.754834163914741
 20
13.98717592644347
 30
0.0
 10
7.324656542901342
 20
13.78736718098359
 30
0.0
  0
SPLINE
  5
174
330
1F
100
AcDbEntity
  8
LAYER_1
 62
     7
100
AcDbSpline
210
0.0
220
0.0
230
1.0
 70
     8
 71
     3
 72
     8
 73
     4
 74
     0
 42
0.0000000001
 43
0.0000000001
 12
1.0
 22
0.0
 32
0.0
 13
1.0
 23
0.0
 33
0.0
 40
0.0
 40
0.0
 40
0.0
 40
0.0
 40
1.0
 40
1.0
 40
1.0
 40
1.0
 10
5.664145489206526
 20
13.85070888064539
 30
0.0
 10
6.161253120902125
 20
13.79340317149274
 30
0.0
 10
6.674715297806263
 20
13.88655940689513
 30
0.0
 10
7.120009169338346
 20
14.11484280481847
 30
0.0
  0
SPLINE
  5
175
330
1F
100
AcDbEntity
  8
LAYER_1
 62
     7
100
AcDbSpline
210
0.0
220
0.0
230
1.0
 70
     8
 71
     3
 72
    14
 73
    10
 74
     0
 42
0.0000000001
 43
0.0000000001
 12
1.0
 22
0.0
 32
0.0
 13
1.0
 23
0.0
 33
0.0
 40
0.0
 40
0.0
 40
0.0
 40
0.0
 40
1.0
 40
1.0
 40
1.0
 40
2.0
 40
2.0
 40
2.0
 40
3.0
 40
3.0
 40
3.0
 40
3.0
 10
6.944726084699495
 20
14.38349615394097
 30
0.0
 10
6.272108157676989
 20
14.15597591841889
 30
0.0
 10
5.535038083393854
 20
14.12262268307208
 30
0.0
 10
4.844620109731598
 20
14.28846403789096
 30
0.0
 10
5.259750379897114
 20
13.70918123746394
 30
0.0
 10
5.964991793257796
 20
13.34941602290238
 30
0.0
 10
6.677653006410739
 20
13.35337789055883
 30
0.0
 10
7.390314219563656
 20
13.35733975821528
 30
0.0
 10
8.091512111022439
 20
13.72492373194271
 30
0.0
 10
8.50017615746022
 20
14.30878621427652
 30
0.0
  0
SPLINE
  5
176
330
1F
100
AcDbEntity
  8
LAYER_1
 62
     7
100
AcDbSpline
210
0.0
220
0.0
230
1.0
 70
     8
 71
     3
 72
    11
 73
     7
 74
     0
 42
0.0000000001
 43
0.0000000001
 12
1.0
 22
0.0
 32
0.0
 13
1.0
 23
0.0
 33
0.0
 40
0.0
 40
0.0
 40
0.0
 40
0.0
 40
1.0
 40
1.0
 40
1.0
 40
2.0
 40
2.0
 40
2.0
 40
2.0
 10
3.85256949188935
 20
12.81000627603196
 30
0.0
 10
3.935437471824204
 20
13.0531466931299
 30
0.0
 10
4.134792008489626
 20
13.24354305195247
 30
0.0
 10
4.361700724712515
 20
13.36394570569036
 30
0.0
 10
4.588609440935392
 20
13.48434835942824
 30
0.0
 10
4.84293952097351
 20
13.54228671628415
 30
0.0
 10
5.095674035314055
 20
13.58821742263717
 30
0.0
  0
SPLINE
  5
177
330
1F
100
AcDbEntity
  8
LAYER_1
 62
     7
100
AcDbSpline
210
0.0
220
0.0
230
1.0
 70
     8
 71
     3
 72
    14
 73
    10
 74
     0
 42
0.0000000001
 43
0.0000000001
 12
1.0
 22
0.0
 32
0.0
 13
1.0
 23
0.0
 33
0.0
 40
0.0
 40
0.0
 40
0.0
 40
0.0
 40
1.0
 40
1.0
 40
1.0
 40
2.0
 40
2.0
 40
2.0
 40
3.0
 40
3.0
 40
3.0
 40
3.0
 10
6.879126693313209
 20
14.83362731071541
 30
0.0
 10
6.036007238630924
 20
14.81573802748999
 30
0.0
 10
5.19586103147238
 20
14.66417436829584
 30
0.0
 10
4.399638965054692
 20
14.38632393682667
 30
0.0
 10
4.457164491321034
 20
14.93761288479555
 30
0.0
 10
4.117221011652481
 20
15.50701917211014
 30
0.0
 10
3.604641264979023
 20
15.71794732616264
 30
0.0
 10
3.663333438659101
 20
16.06305740085166
 30
0.0
 10
3.986033589838144
 20
16.34412883402931
 30
0.0
 10
4.335933094369036
 20
16.35490162838305
 30
0.0
  0
SPLINE
  5
178
330
1F
100
AcDbEntity
  8
LAYER_1
 62
     7
100
AcDbSpline
210
0.0
220
0.0
230
1.0
 70
     8
 71
     3
 72
     8
 73
     4
 74
     0
 42
0.0000000001
 43
0.0000000001
 12
1.0
 22
0.0
 32
0.0
 13
1.0
 23
0.0
 33
0.0
 40
0.0
 40
0.0
 40
0.0
 40
0.0
 40
1.0
 40
1.0
 40
1.0
 40
1.0
 10
3.952679733710536
 20
15.77659302596361
 30
0.0
 10
4.652240966868829
 20
16.08815365646208
 30
0.0
 10
5.390297244078864
 20
16.31316477825055
 30
0.0
 10
6.14469063524373
 20
16.44487110604569
 30
0.0
  0
SPLINE
  5
179
330
1F
100
AcDbEntity
  8
LAYER_1
 62
     7
100
AcDbSpline
210
0.0
220
0.0
230
1.0
 70
     8
 71
     3
 72
     8
 73
     4
 74
     0
 42
0.0000000001
 43
0.0000000001
 12
1.0
 22
0.0
 32
0.0
 13
1.0
 23
0.0
 33
0.0
 40
0.0
 40
0.0
 40
0.0
 40
0.0
 40
1.0
 40
1.0
 40
1.0
 40
1.0
 10
4.517682754561165
 20
15.49414158631473
 30
0.0
 10
5.229487116728629
 20
15.59547532706986
 30
0.0
 10
5.9290883070428
 20
15.78225203541403
 30
0.0
 10
6.596681819750933
 20
16.0491843841582
 30
0.0
  0
SPLINE
  5
17A
330
1F
100
AcDbEntity
  8
LAYER_1
 62
     7
100
AcDbSpline
210
0.0
220
0.0
230
1.0
 70
     8
 71
     3
 72
     8
 73
     4
 74
     0
 42
0.0000000001
 43
0.0000000001
 12
1.0
 22
0.0
 32
0.0
 13
1.0
 23
0.0
 33
0.0
 40
0.0
 40
0.0
 40
0.0
 40
0.0
 40
1.0
 40
1.0
 40
1.0
 40
1.0
 10
4.536205533202721
 20
14.90693710856597
 30
0.0
 10
5.273798580108834
 20
15.02211547020986
 30
0.0
 10
5.987631498554593
 20
15.28736713272361
 30
0.0
 10
6.62145980592916
 20
15.68179232792027
 30
0.0
  0
SPLINE
  5
17B
330
1F
100
AcDbEntity
  8
LAYER_1
 62
     7
100
AcDbSpline
210
0.0
220
0.0
230
1.0
 70
     8
 71
     3
 72
     8
 73
     4
 74
     0
 42
0.0000000001
 43
0.0000000001
 12
1.0
 22
0.0
 32
0.0
 13
1.0
 23
0.0
 33
0.0
 40
0.0
 40
0.0
 40
0.0
 40
0.0
 40
1.0
 40
1.0
 40
1.0
 40
1.0
 10
2.763376672394113
 20
16.10814140993694
 30
0.0
 10
3.056987851908919
 20
15.86150794269513
 30
0.0
 10
3.325941938778366
 20
15.58553642788403
 30
0.0
 10
3.564932755572196
 20
15.28567148930666
 30
0.0
  0
SPLINE
  5
17C
330
1F
100
AcDbEntity
  8
LAYER_1
 62
     7
100
AcDbSpline
210
0.0
220
0.0
230
1.0
 70
     8
 71
     3
 72
     8
 73
     4
 74
     0
 42
0.0000000001
 43
0.0000000001
 12
1.0
 22
0.0
 32
0.0
 13
1.0
 23
0.0
 33
0.0
 40
0.0
 40
0.0
 40
0.0
 40
0.0
 40
1.0
 40
1.0
 40
1.0
 40
1.0
 10
2.680045938054301
 20
15.5817950275557
 30
0.0
 10
3.430123821661949
 20
15.13860683863723
 30
0.0
 10
3.97054322300077
 20
14.35603623542501
 30
0.0
 10
4.119321405909836
 20
13.49760880426704
 30
0.0
  0
SPLINE
  5
17D
330
1F
100
AcDbEntity
  8
LAYER_1
 62
     7
100
AcDbSpline
210
0.0
220
0.0
230
1.0
 70
     8
 71
     3
 72
     8
 73
     4
 74
     0
 42
0.0000000001
 43
0.0000000001
 12
1.0
 22
0.0
 32
0.0
 13
1.0
 23
0.0
 33
0.0
 40
0.0
 40
0.0
 40
0.0
 40
0.0
 40
1.0
 40
1.0
 40
1.0
 40
1.0
 10
2.660440534787085
 20
15.11850728512417
 30
0.0
 10
3.173735762206939
 20
14.69826805756681
 30
0.0
 10
3.56640593511151
 20
14.13234043663778
 30
0.0
 10
3.780380734992907
 20
13.50441704649716
 30
0.0
  0
SPLINE
  5
17E
330
1F
100
AcDbEntity
  8
LAYER_1
 62
     7
100
AcDbSpline
210
0.0
220
0.0
230
1.0
 70
     8
 71
     3
 72
    11
 73
     7
 74
     0
 42
0.0000000001
 43
0.0000000001
 12
1.0
 22
0.0
 32
0.0
 13
1.0
 23
0.0
 33
0.0
 40
0.0
 40
0.0
 40
0.0
 40
0.0
 40
1.0
 40
1.0
 40
1.0
 40
2.0
 40
2.0
 40
2.0
 40
2.0
 10
2.413207626463557
 20
14.59906098855444
 30
0.0
 10
2.948745103287163
 20
14.24659044083695
 30
0.0
 10
3.327711510558844
 20
13.66484714089092
 30
0.0
 10
3.433686411767591
 20
13.03254563337673
 30
0.0
 10
3.219425274357124
 20
13.38257795585999
 30
0.0
 10
2.953324645474948
 20
13.7008185187477
 30
0.0
 10
2.646756425132871
 20
13.97366717429653
 30
0.0
  0
SPLINE
  5
17F
330
1F
100
AcDbEntity
  8
LAYER_1
 62
     7
100
AcDbSpline
210
0.0
220
0.0
230
1.0
 70
     8
 71
     3
 72
    14
 73
    10
 74
     0
 42
0.0000000001
 43
0.0000000001
 12
1.0
 22
0.0
 32
0.0
 13
1.0
 23
0.0
 33
0.0
 40
0.0
 40
0.0
 40
0.0
 40
0.0
 40
1.0
 40
1.0
 40
1.0
 40
2.0
 40
2.0
 40
2.0
 40
3.0
 40
3.0
 40
3.0
 40
3.0
 10
2.616787728401846
 20
12.79164054597994
 30
0.0
 10
2.488243071875255
 20
12.97664302856943
 30
0.0
 10
2.347587038277639
 20
13.1560732954223
 30
0.0
 10
2.172588046591689
 20
13.29793590569966
 30
0.0
 10
1.997589054905726
 20
13.43979851597704
 30
0.0
 10
1.784745497635691
 20
13.54278475542451
 30
0.0
 10
1.559876551821402
 20
13.5563348290104
 30
0.0
 10
1.335007606007126
 20
13.56988490259631
 30
0.0
 10
1.098922477791929
 20
13.48495785135899
 30
0.0
 10
0.9587990210441779
 20
13.30856322515151
 30
0.0
  0
SPLINE
  5
180
330
1F
100
AcDbEntity
  8
LAYER_1
 62
     7
100
AcDbSpline
210
0.0
220
0.0
230
1.0
 70
     8
 71
     3
 72
    11
 73
     7
 74
     0
 42
0.0000000001
 43
0.0000000001
 12
1.0
 22
0.0
 32
0.0
 13
1.0
 23
0.0
 33
0.0
 40
0.0
 40
0.0
 40
0.0
 40
0.0
 40
1.0
 40
1.0
 40
1.0
 40
2.0
 40
2.0
 40
2.0
 40
2.0
 10
1.375110203267556
 20
3.605431090300701
 30
0.0
 10
1.488809431973386
 20
5.832534350182704
 30
0.0
 10
2.05277959394218
 20
8.035712353934109
 30
0.0
 10
3.023136219530038
 20
10.04352819807003
 30
0.0
 10
3.265809407583485
 20
9.734014467994685
 30
0.0
 10
3.695485556617339
 20
9.584414308270109
 30
0.0
 10
4.077909686274274
 20
9.6762881897441
 30
0.0
  0
SPLINE
  5
181
330
1F
100
AcDbEntity
  8
LAYER_1
 62
     7
100
AcDbSpline
210
0.0
220
0.0
230
1.0
 70
     8
 71
     3
 72
    17
 73
    13
 74
     0
 42
0.0000000001
 43
0.0000000001
 12
1.0
 22
0.0
 32
0.0
 13
1.0
 23
0.0
 33
0.0
 40
0.0
 40
0.0
 40
0.0
 40
0.0
 40
1.0
 40
1.0
 40
1.0
 40
2.0
 40
2.0
 40
2.0
 40
3.0
 40
3.0
 40
3.0
 40
4.0
 40
4.0
 40
4.0
 40
4.0
 10
3.420884570696658
 20
8.504317974517864
 30
0.0
 10
3.356597669396516
 20
8.690597968104031
 30
0.0
 10
3.369736793270855
 20
8.902293967026441
 30
0.0
 10
3.456564879348737
 20
9.079194857802285
 30
0.0
 10
3.543391487510676
 20
9.256092737517305
 30
0.0
 10
3.702817985751481
 20
9.39598296208717
 30
0.0
 10
3.889501076832567
 20
9.459079132297916
 30
0.0
 10
4.300278062002791
 20
9.597915780079877
 30
0.0
 10
4.836147691954086
 20
9.493922091217287
 30
0.0
 10
5.26751254944611
 20
9.523115217661042
 30
0.0
 10
6.001333110547699
 20
9.572777391343442
 30
0.0
 10
6.705329491809632
 20
9.737947063133106
 30
0.0
 10
7.43707526707284
 20
9.783832034226153
 30
0.0
  0
SPLINE
  5
182
330
1F
100
AcDbEntity
  8
LAYER_1
 62
     7
100
AcDbSpline
210
0.0
220
0.0
230
1.0
 70
     8
 71
     3
 72
    17
 73
    13
 74
     0
 42
0.0000000001
 43
0.0000000001
 12
1.0
 22
0.0
 32
0.0
 13
1.0
 23
0.0
 33
0.0
 40
0.0
 40
0.0
 40
0.0
 40
0.0
 40
1.0
 40
1.0
 40
1.0
 40
2.0
 40
2.0
 40
2.0
 40
3.0
 40
3.0
 40
3.0
 40
4.0
 40
4.0
 40
4.0
 40
4.0
 10
5.72549005587176
 20
9.248190786426107
 30
0.0
 10
5.840949489921286
 20
8.655338406695352
 30
0.0
 10
6.016278383032764
 20
8.07416255770171
 30
0.0
 10
6.247945728293315
 20
7.516367733233627
 30
0.0
 10
6.324097772807514
 20
7.333013336096504
 30
0.0
 10
6.416782314272545
 20
7.140282904966448
 30
0.0
 10
6.589468615062944
 20
7.042316532342422
 30
0.0
 10
6.780087932058146
 20
6.934176652097549
 30
0.0
 10
7.016378326027481
 20
6.969642677443099
 30
0.0
 10
7.23210350448504
 20
7.00827686240431
 30
0.0
 10
7.663244048106864
 20
7.085489880892687
 30
0.0
 10
8.094384588777453
 20
7.162702828212407
 30
0.0
 10
8.525525129448068
 20
7.239915775532116
 30
0.0
  0
SPLINE
  5
183
330
1F
100
AcDbEntity
  8
LAYER_1
 62
     7
100
AcDbSpline
210
0.0
220
0.0
230
1.0
 70
     8
 71
     3
 72
    23
 73
    19
 74
     0
 42
0.0000000001
 43
0.0000000001
 12
1.0
 22
0.0
 32
0.0
 13
1.0
 23
0.0
 33
0.0
 40
0.0
 40
0.0
 40
0.0
 40
0.0
 40
1.0
 40
1.0
 40
1.0
 40
2.0
 40
2.0
 40
2.0
 40
3.0
 40
3.0
 40
3.0
 40
4.0
 40
4.0
 40
4.0
 40
5.0
 40
5.0
 40
5.0
 40
6.0
 40
6.0
 40
6.0
 40
6.0
 10
7.902016399979275
 20
9.412479672868445
 30
0.0
 10
7.49442136962648
 20
9.279953864938319
 30
0.0
 10
7.086826339273657
 20
9.147428057008192
 30
0.0
 10
6.679231307815699
 20
9.01490225157977
 30
0.0
 10
6.56190743426517
 20
8.976755461912312
 30
0.0
 10
6.43658096476684
 20
8.932943185538583
 30
0.0
 10
6.364616956165996
 20
8.832737146387608
 30
0.0
 10
6.278675921268839
 20
8.713068840503057
 30
0.0
 10
6.294626835699319
 20
8.550440927545461
 30
0.0
 10
6.319275439649042
 20
8.405186627749142
 30
0.0
 10
6.353184640233621
 20
8.20535959159368
 30
0.0
 10
6.396505420218242
 20
8.007129901151226
 30
0.0
 10
6.44904606158429
 20
7.811374527356671
 30
0.0
 10
6.545437159092393
 20
7.452242640231803
 30
0.0
 10
6.714515976493076
 20
7.57258348270001
 30
0.0
 10
6.986630238723314
 20
7.629674603214274
 30
0.0
 10
7.298473712686246
 20
7.695101138404627
 30
0.0
 10
7.602443944310986
 20
7.779363933833767
 30
0.0
 10
7.897399977559315
 20
7.901310213569332
 30
0.0
  0
SPLINE
  5
184
330
1F
100
AcDbEntity
  8
LAYER_1
 62
     7
100
AcDbSpline
210
0.0
220
0.0
230
1.0
 70
     8
 71
     3
 72
    26
 73
    22
 74
     0
 42
0.0000000001
 43
0.0000000001
 12
1.0
 22
0.0
 32
0.0
 13
1.0
 23
0.0
 33
0.0
 40
0.0
 40
0.0
 40
0.0
 40
0.0
 40
1.0
 40
1.0
 40
1.0
 40
2.0
 40
2.0
 40
2.0
 40
3.0
 40
3.0
 40
3.0
 40
4.0
 40
4.0
 40
4.0
 40
5.0
 40
5.0
 40
5.0
 40
6.0
 40
6.0
 40
6.0
 40
7.0
 40
7.0
 40
7.0
 40
7.0
 10
9.586399339892852
 20
10.22454840353146
 30
0.0
 10
9.155672225784857
 20
10.1629676827501
 30
0.0
 10
8.724945111676838
 20
10.10138696196874
 30
0.0
 10
8.29421799756887
 20
10.03980624118737
 30
0.0
 10
8.204374923611187
 20
10.02696144716257
 30
0.0
 10
8.10353523249028
 20
10.0074252617427
 30
0.0
 10
8.05388591772089
 20
9.931453476137865
 30
0.0
 10
8.010697171326582
 20
9.865367442329203
 30
0.0
 10
8.021693494092688
 20
9.779079449372047
 30
0.0
 10
8.034309833283057
 20
9.701147045869977
 30
0.0
 10
8.099211360351445
 20
9.30024396388929
 30
0.0
 10
8.164112873936624
 20
8.899340883557164
 30
0.0
 10
8.229014387521804
 20
8.498437803225038
 30
0.0
 10
8.252098852618044
 20
8.355842712395718
 30
0.0
 10
8.280186439923606
 20
8.203137197992683
 30
0.0
 10
8.382647728341933
 20
8.101314132255563
 30
0.0
 10
8.514966836894295
 20
7.969819357917294
 30
0.0
 10
8.72502539874947
 20
7.966682064506484
 30
0.0
 10
8.910878597696838
 20
7.982738421335979
 30
0.0
 10
9.2870927195265
 20
8.015240757983419
 30
0.0
 10
9.6594941087722
 20
8.091662420732694
 30
0.0
 10
10.01810283178727
 20
8.209955450651528
 30
0.0
  0
SPLINE
  5
185
330
1F
100
AcDbEntity
  8
LAYER_1
 62
     7
100
AcDbSpline
210
0.0
220
0.0
230
1.0
 70
     8
 71
     3
 72
    11
 73
     7
 74
     0
 42
0.0000000001
 43
0.0000000001
 12
1.0
 22
0.0
 32
0.0
 13
1.0
 23
0.0
 33
0.0
 40
0.0
 40
0.0
 40
0.0
 40
0.0
 40
1.0
 40
1.0
 40
1.0
 40
2.0
 40
2.0
 40
2.0
 40
2.0
 10
9.044489212468457
 20
8.282288867880968
 30
0.0
 10
8.98465395297343
 20
8.801087940049518
 30
0.0
 10
8.832885681328055
 20
9.30915192172818
 30
0.0
 10
8.598359071777773
 20
9.77576740044127
 30
0.0
 10
8.466304966721356
 20
9.686506282606084
 30
0.0
 10
8.299229473053098
 20
9.650643672990048
 30
0.0
 10
8.142176131622186
 20
9.677848132285476
 30
0.0
  0
SPLINE
  5
186
330
1F
100
AcDbEntity
  8
LAYER_1
 62
     7
100
AcDbSpline
210
0.0
220
0.0
230
1.0
 70
     8
 71
     3
 72
    11
 73
     7
 74
     0
 42
0.0000000001
 43
0.0000000001
 12
1.0
 22
0.0
 32
0.0
 13
1.0
 23
0.0
 33
0.0
 40
0.0
 40
0.0
 40
0.0
 40
0.0
 40
1.0
 40
1.0
 40
1.0
 40
2.0
 40
2.0
 40
2.0
 40
2.0
 10
3.341214885087222
 20
7.267836004953134
 30
0.0
 10
3.201648197386539
 20
7.556669549866619
 30
0.0
 10
3.098100101900273
 20
7.862885142343518
 30
0.0
 10
3.03372786788389
 20
8.177146009253116
 30
0.0
 10
3.859447520932412
 20
8.312308411642334
 30
0.0
 10
4.685167166511317
 20
8.44747081053846
 30
0.0
 10
5.510886812090221
 20
8.582633209434574
 30
0.0
  0
SPLINE
  5
187
330
1F
100
AcDbEntity
  8
LAYER_1
 62
     7
100
AcDbSpline
210
0.0
220
0.0
230
1.0
 70
     8
 71
     3
 72
    20
 73
    16
 74
     0
 42
0.0000000001
 43
0.0000000001
 12
1.0
 22
0.0
 32
0.0
 13
1.0
 23
0.0
 33
0.0
 40
0.0
 40
0.0
 40
0.0
 40
0.0
 40
1.0
 40
1.0
 40
1.0
 40
2.0
 40
2.0
 40
2.0
 40
3.0
 40
3.0
 40
3.0
 40
4.0
 40
4.0
 40
4.0
 40
5.0
 40
5.0
 40
5.0
 40
5.0
 10
5.324216263558431
 20
7.955307181500163
 30
0.0
 10
5.48418748689202
 20
7.442620076381306
 30
0.0
 10
5.644158710225611
 20
6.929932971262448
 30
0.0
 10
5.804129933559175
 20
6.417245866143591
 30
0.0
 10
5.287576749691778
 20
6.30892676758765
 30
0.0
 10
4.785140864562663
 20
6.133475799890662
 30
0.0
 10
4.313445605920353
 20
5.896697840899681
 30
0.0
 10
4.217684523112021
 20
5.848628369425683
 30
0.0
 10
4.106368628178403
 20
5.797089938357431
 30
0.0
 10
4.008155634850469
 20
5.839927608280302
 30
0.0
 10
3.926132964631784
 20
5.875703649782066
 30
0.0
 10
3.883887893902473
 20
5.965166454897358
 30
0.0
 10
3.848582964919918
 20
6.0473929660588
 30
0.0
 10
3.752150116702005
 20
6.271988634145082
 30
0.0
 10
3.655717281460258
 20
6.496584299862434
 30
0.0
 10
3.559284446218523
 20
6.721179965579798
 30
0.0
  0
SPLINE
  5
188
330
1F
100
AcDbEntity
  8
LAYER_1
 62
     7
100
AcDbSpline
210
0.0
220
0.0
230
1.0
 70
     8
 71
     3
 72
     8
 73
     4
 74
     0
 42
0.0000000001
 43
0.0000000001
 12
1.0
 22
0.0
 32
0.0
 13
1.0
 23
0.0
 33
0.0
 40
0.0
 40
0.0
 40
0.0
 40
0.0
 40
1.0
 40
1.0
 40
1.0
 40
1.0
 10
4.608312748182875
 20
8.05294508222342
 30
0.0
 10
4.590402730261379
 20
7.683242954725263
 30
0.0
 10
4.679799183849986
 20
7.308965481393417
 30
0.0
 10
4.862851616201447
 20
6.987263384992375
 30
0.0
  0
SPLINE
  5
189
330
1F
100
AcDbEntity
  8
LAYER_1
 62
     7
100
AcDbSpline
210
0.0
220
0.0
230
1.0
 70
     8
 71
     3
 72
    11
 73
     7
 74
     0
 42
0.0000000001
 43
0.0000000001
 12
1.0
 22
0.0
 32
0.0
 13
1.0
 23
0.0
 33
0.0
 40
0.0
 40
0.0
 40
0.0
 40
0.0
 40
1.0
 40
1.0
 40
1.0
 40
2.0
 40
2.0
 40
2.0
 40
2.0
 10
3.104609013397774
 20
6.675563528558087
 30
0.0
 10
2.648699622732225
 20
6.147521612937541
 30
0.0
 10
2.611710726619018
 20
5.391899377959716
 30
0.0
 10
2.517983828121765
 20
4.700598498712957
 30
0.0
 10
2.381066980621072
 20
3.690739962855029
 30
0.0
 10
2.075640613183219
 20
2.703932192927722
 30
0.0
 10
1.618146089191972
 20
1.793295474431968
 30
0.0
  0
SPLINE
  5
18A
330
1F
100
AcDbEntity
  8
LAYER_1
 62
     7
100
AcDbSpline
210
0.0
220
0.0
230
1.0
 70
     8
 71
     3
 72
    17
 73
    13
 74
     0
 42
0.0000000001
 43
0.0000000001
 12
1.0
 22
0.0
 32
0.0
 13
1.0
 23
0.0
 33
0.0
 40
0.0
 40
0.0
 40
0.0
 40
0.0
 40
1.0
 40
1.0
 40
1.0
 40
2.0
 40
2.0
 40
2.0
 40
3.0
 40
3.0
 40
3.0
 40
4.0
 40
4.0
 40
4.0
 40
4.0
 10
10.33658572154837
 20
16.99690003380902
 30
0.0
 10
10.51807336663622
 20
18.49561126423237
 30
0.0
 10
10.70083750583785
 20
20.00090659287167
 30
0.0
 10
11.10291505862198
 20
21.45603777563958
 30
0.0
 10
11.50499261140612
 20
22.9111689584075
 30
0.0
 10
12.13811979800696
 20
24.3254886991857
 30
0.0
 10
13.12996798004385
 20
25.46360569726055
 30
0.0
 10
14.1218161620807
 20
26.60172269533528
 30
0.0
 10
15.49860701966223
 20
27.44587659324361
 30
0.0
 10
16.99938039942557
 20
27.60943814162945
 30
0.0
 10
17.66845685421473
 20
27.68235753809611
 30
0.0
 10
18.34537207787126
 20
27.62121149580306
 30
0.0
 10
19.0106941547957
 20
27.51958927564681
 30
0.0
  0
SPLINE
  5
18B
330
1F
100
AcDbEntity
  8
LAYER_1
 62
     7
100
AcDbSpline
210
0.0
220
0.0
230
1.0
 70
     8
 71
     3
 72
    11
 73
     7
 74
     0
 42
0.0000000001
 43
0.0000000001
 12
1.0
 22
0.0
 32
0.0
 13
1.0
 23
0.0
 33
0.0
 40
0.0
 40
0.0
 40
0.0
 40
0.0
 40
1.0
 40
1.0
 40
1.0
 40
2.0
 40
2.0
 40
2.0
 40
2.0
 10
31.07194878405319
 20
-10.03636911717179
 30
0.0
 10
31.33364938018139
 20
-9.743560215575572
 30
0.0
 10
31.69825440849889
 20
-9.544600340154526
 30
0.0
 10
32.08610075673484
 20
-9.482960539473853
 30
0.0
 10
32.29907649270262
 20
-9.449112796934893
 30
0.0
 10
32.5521047588468
 20
-9.436199811595896
 30
0.0
 10
32.66819529384111
 20
-9.254465636167726
 30
0.0
  0
SPLINE
  5
18C
330
1F
100
AcDbEntity
  8
LAYER_1
 62
     7
100
AcDbSpline
210
0.0
220
0.0
230
1.0
 70
     8
 71
     3
 72
     8
 73
     4
 74
     0
 42
0.0000000001
 43
0.0000000001
 12
1.0
 22
0.0
 32
0.0
 13
1.0
 23
0.0
 33
0.0
 40
0.0
 40
0.0
 40
0.0
 40
0.0
 40
1.0
 40
1.0
 40
1.0
 40
1.0
 10
32.32456295477666
 20
-8.007686135483633
 30
0.0
 10
31.67165869220874
 20
-8.07501401758418
 30
0.0
 10
31.02884972664222
 20
-8.23943216276138
 30
0.0
 10
30.42380302297013
 20
-8.493863894593334
 30
0.0
  0
SPLINE
  5
18D
330
1F
100
AcDbEntity
  8
LAYER_1
 62
     7
100
AcDbSpline
210
0.0
220
0.0
230
1.0
 70
     8
 71
     3
 72
     8
 73
     4
 74
     0
 42
0.0000000001
 43
0.0000000001
 12
1.0
 22
0.0
 32
0.0
 13
1.0
 23
0.0
 33
0.0
 40
0.0
 40
0.0
 40
0.0
 40
0.0
 40
1.0
 40
1.0
 40
1.0
 40
1.0
 10
30.36483190074194
 20
-7.876599571747469
 30
0.0
 10
30.93753864071638
 20
-7.833735394359614
 30
0.0
 10
31.49940896448958
 20
-7.652521356495501
 30
0.0
 10
31.98924085253333
 20
-7.352696292214962
 30
0.0
  0
SPLINE
  5
18E
330
1F
100
AcDbEntity
  8
LAYER_1
 62
     7
100
AcDbSpline
210
0.0
220
0.0
230
1.0
 70
     8
 71
     3
 72
    14
 73
    10
 74
     0
 42
0.0000000001
 43
0.0000000001
 12
1.0
 22
0.0
 32
0.0
 13
1.0
 23
0.0
 33
0.0
 40
0.0
 40
0.0
 40
0.0
 40
0.0
 40
1.0
 40
1.0
 40
1.0
 40
2.0
 40
2.0
 40
2.0
 40
3.0
 40
3.0
 40
3.0
 40
3.0
 10
32.55051507459972
 20
-6.611054000534826
 30
0.0
 10
32.2502150880886
 20
-6.636090764892868
 30
0.0
 10
31.97137893624694
 20
-6.773094599741575
 30
0.0
 10
31.7098439441332
 20
-6.92278217226567
 30
0.0
 10
31.44830895201943
 20
-7.07246974478979
 30
0.0
 10
31.19240418746666
 20
-7.238775524425086
 30
0.0
 10
30.90594079329458
 20
-7.332293679173087
 30
0.0
 10
30.61947739912249
 20
-7.425811833921064
 30
0.0
 10
30.29011280102723
 20
-7.438080278026064
 30
0.0
 10
30.03006341608986
 20
-7.285826414817948
 30
0.0
  0
SPLINE
  5
18F
330
1F
100
AcDbEntity
  8
LAYER_1
 62
     7
100
AcDbSpline
210
0.0
220
0.0
230
1.0
 70
     8
 71
     3
 72
     8
 73
     4
 74
     0
 42
0.0000000001
 43
0.0000000001
 12
1.0
 22
0.0
 32
0.0
 13
1.0
 23
0.0
 33
0.0
 40
0.0
 40
0.0
 40
0.0
 40
0.0
 40
1.0
 40
1.0
 40
1.0
 40
1.0
 10
31.05373519185514
 20
-6.92463200563399
 30
0.0
 10
30.68126346578111
 20
-6.574210139656795
 30
0.0
 10
30.16483303488404
 20
-6.381650853435278
 30
0.0
 10
29.6538643934814
 20
-6.402667950826222
 30
0.0
  0
SPLINE
  5
190
330
1F
100
AcDbEntity
  8
LAYER_1
 62
     7
100
AcDbSpline
210
0.0
220
0.0
230
1.0
 70
     8
 71
     3
 72
    14
 73
    10
 74
     0
 42
0.0000000001
 43
0.0000000001
 12
1.0
 22
0.0
 32
0.0
 13
1.0
 23
0.0
 33
0.0
 40
0.0
 40
0.0
 40
0.0
 40
0.0
 40
1.0
 40
1.0
 40
1.0
 40
2.0
 40
2.0
 40
2.0
 40
3.0
 40
3.0
 40
3.0
 40
3.0
 10
32.24588065764738
 20
-5.759944801479782
 30
0.0
 10
31.32028986678167
 20
-5.352884008783854
 30
0.0
 10
30.21737218587388
 20
-5.371358697411627
 30
0.0
 10
29.30593398204458
 20
-5.809191087357854
 30
0.0
 10
29.62867711902486
 20
-5.410090428367639
 30
0.0
 10
30.11576748333042
 20
-5.161898372143544
 30
0.0
 10
30.62167699466737
 20
-5.075295691284282
 30
0.0
 10
31.12758650600416
 20
-4.988693010425019
 30
0.0
 10
31.6511976528275
 20
-5.054750666466993
 30
0.0
 10
32.14191238927166
 20
-5.205228257588336
 30
0.0
  0
SPLINE
  5
191
330
1F
100
AcDbEntity
  8
LAYER_1
 62
     7
100
AcDbSpline
210
0.0
220
0.0
230
1.0
 70
     8
 71
     3
 72
    17
 73
    13
 74
     0
 42
0.0000000001
 43
0.0000000001
 12
1.0
 22
0.0
 32
0.0
 13
1.0
 23
0.0
 33
0.0
 40
0.0
 40
0.0
 40
0.0
 40
0.0
 40
1.0
 40
1.0
 40
1.0
 40
2.0
 40
2.0
 40
2.0
 40
3.0
 40
3.0
 40
3.0
 40
4.0
 40
4.0
 40
4.0
 40
4.0
 10
32.22170960826639
 20
-4.533322836005582
 30
0.0
 10
32.07097073863694
 20
-4.437183740707218
 30
0.0
 10
31.87576682639307
 20
-4.447905532023216
 30
0.0
 10
31.70174638380874
 20
-4.488915506721065
 30
0.0
 10
31.52772594122444
 20
-4.529925481418937
 30
0.0
 10
31.35810434752986
 20
-4.597923818912149
 30
0.0
 10
31.17950520734333
 20
-4.606126232372136
 30
0.0
 10
30.81042209706612
 20
-4.623076998589972
 30
0.0
 10
30.48449881007097
 20
-4.387512197646275
 30
0.0
 10
30.17769874930013
 20
-4.181639911519116
 30
0.0
 10
29.87089868852917
 20
-3.975767625391957
 30
0.0
 10
29.50034093531945
 20
-3.782234674985804
 30
0.0
 10
29.14738133813833
 20
-3.891455544062789
 30
0.0
  0
SPLINE
  5
192
330
1F
100
AcDbEntity
  8
LAYER_1
 62
     7
100
AcDbSpline
210
0.0
220
0.0
230
1.0
 70
     8
 71
     3
 72
    20
 73
    16
 74
     0
 42
0.0000000001
 43
0.0000000001
 12
1.0
 22
0.0
 32
0.0
 13
1.0
 23
0.0
 33
0.0
 40
0.0
 40
0.0
 40
0.0
 40
0.0
 40
1.0
 40
1.0
 40
1.0
 40
2.0
 40
2.0
 40
2.0
 40
3.0
 40
3.0
 40
3.0
 40
4.0
 40
4.0
 40
4.0
 40
5.0
 40
5.0
 40
5.0
 40
5.0
 10
32.26482884664152
 20
-3.596684406454692
 30
0.0
 10
32.20840965488625
 20
-3.435518298027141
 30
0.0
 10
32.03913241004557
 20
-3.337619175022458
 30
0.0
 10
31.87102516667541
 20
-3.307659294674244
 30
0.0
 10
31.70291792330514
 20
-3.27769941432603
 30
0.0
 10
31.53060989527138
 20
-3.301535588929381
 30
0.0
 10
31.3599451853054
 20
-3.307120969509469
 30
0.0
 10
30.97974231448777
 20
-3.319564058943747
 30
0.0
 10
30.59683183916362
 20
-3.239142426980025
 30
0.0
 10
30.25376039810443
 20
-3.074792099044821
 30
0.0
 10
30.15061498882389
 20
-3.025379583035576
 30
0.0
 10
30.0455374774336
 20
-2.967129338980991
 30
0.0
 10
29.93116963582042
 20
-2.967882069360005
 30
0.0
 10
29.81680179420735
 20
-2.968634799739043
 30
0.0
 10
29.69332288555804
 20
-3.056665301095361
 30
0.0
 10
29.7029294207521
 20
-3.170631455193087
 30
0.0
  0
SPLINE
  5
193
330
1F
100
AcDbEntity
  8
LAYER_1
 62
     7
100
AcDbSpline
210
0.0
220
0.0
230
1.0
 70
     8
 71
     3
 72
    11
 73
     7
 74
     0
 42
0.0000000001
 43
0.0000000001
 12
1.0
 22
0.0
 32
0.0
 13
1.0
 23
0.0
 33
0.0
 40
0.0
 40
0.0
 40
0.0
 40
0.0
 40
1.0
 40
1.0
 40
1.0
 40
2.0
 40
2.0
 40
2.0
 40
2.0
 10
31.74296541437944
 20
-2.701638147033564
 30
0.0
 10
31.31817184101207
 20
-2.447580619841372
 30
0.0
 10
30.80558864835138
 20
-2.343629926409827
 30
0.0
 10
30.31538165375681
 20
-2.412127441311668
 30
0.0
 10
29.82517465916208
 20
-2.480624956213508
 30
0.0
 10
29.36071857880125
 20
-2.721099124220927
 30
0.0
 10
29.0218356160804
 20
-3.081866562711209
 30
0.0
  0
SPLINE
  5
194
330
1F
100
AcDbEntity
  8
LAYER_1
 62
     7
100
AcDbSpline
210
0.0
220
0.0
230
1.0
 70
     8
 71
     3
 72
    20
 73
    16
 74
     0
 42
0.0000000001
 43
0.0000000001
 12
1.0
 22
0.0
 32
0.0
 13
1.0
 23
0.0
 33
0.0
 40
0.0
 40
0.0
 40
0.0
 40
0.0
 40
1.0
 40
1.0
 40
1.0
 40
2.0
 40
2.0
 40
2.0
 40
3.0
 40
3.0
 40
3.0
 40
4.0
 40
4.0
 40
4.0
 40
5.0
 40
5.0
 40
5.0
 40
5.0
 10
32.24118572632374
 20
-2.422762586815149
 30
0.0
 10
31.76512033793056
 20
-2.071792083296865
 30
0.0
 10
31.17238507832083
 20
-1.881995650031614
 30
0.0
 10
30.58100154469583
 20
-1.891164320763184
 30
0.0
 10
29.98961801107084
 20
-1.900332991494755
 30
0.0
 10
29.40305133458736
 20
-2.108413043647488
 30
0.0
 10
28.93809486421737
 20
-2.473972927971343
 30
0.0
 10
29.27529155027959
 20
-2.023805324312586
 30
0.0
 10
29.77892865134764
 20
-1.701325838026656
 30
0.0
 10
30.32888928175723
 20
-1.583445466747965
 30
0.0
 10
30.63999896632443
 20
-1.516761163218462
 30
0.0
 10
30.96167640439737
 20
-1.513686072012004
 30
0.0
 10
31.27414228438445
 20
-1.453676909153425
 30
0.0
 10
31.58660816437138
 20
-1.393667746294846
 30
0.0
 10
31.90427398371278
 20
-1.264312460390809
 30
0.0
 10
32.09284216763651
 20
-1.008035138345399
 30
0.0
  0
SPLINE
  5
195
330
1F
100
AcDbEntity
  8
LAYER_1
 62
     7
100
AcDbSpline
210
0.0
220
0.0
230
1.0
 70
     8
 71
     3
 72
    11
 73
     7
 74
     0
 42
0.0000000001
 43
0.0000000001
 12
1.0
 22
0.0
 32
0.0
 13
1.0
 23
0.0
 33
0.0
 40
0.0
 40
0.0
 40
0.0
 40
0.0
 40
1.0
 40
1.0
 40
1.0
 40
2.0
 40
2.0
 40
2.0
 40
2.0
 10
32.16490791856373
 20
-0.3721653317841931
 30
0.0
 10
31.93384242833346
 20
-0.1676011719723394
 30
0.0
 10
31.60706930748832
 20
-0.0761123265637404
 30
0.0
 10
31.30337557145013
 20
-0.1309563868265084
 30
0.0
 10
30.9996818354121
 20
-0.1858004470892512
 30
0.0
 10
30.725549834285
 20
-0.3858067652372736
 30
0.0
 10
30.58063073326055
 20
-0.6582699928720406
 30
0.0
  0
SPLINE
  5
196
330
1F
100
AcDbEntity
  8
LAYER_1
 62
     7
100
AcDbSpline
210
0.0
220
0.0
230
1.0
 70
     8
 71
     3
 72
    11
 73
     7
 74
     0
 42
0.0000000001
 43
0.0000000001
 12
1.0
 22
0.0
 32
0.0
 13
1.0
 23
0.0
 33
0.0
 40
0.0
 40
0.0
 40
0.0
 40
0.0
 40
1.0
 40
1.0
 40
1.0
 40
2.0
 40
2.0
 40
2.0
 40
2.0
 10
32.16539484913501
 20
0.2757877078217916
 30
0.0
 10
31.48590990278861
 20
0.3785181552643229
 30
0.0
 10
30.77472836047792
 20
0.2596588915901571
 30
0.0
 10
30.16557640836112
 20
-0.0584405211338132
 30
0.0
 10
29.55642445624431
 20
-0.3765399338577834
 30
0.0
 10
29.05246656730527
 20
-0.8922270064713808
 30
0.0
 10
28.74846387138624
 20
-1.508535125854021
 30
0.0
  0
SPLINE
  5
197
330
1F
100
AcDbEntity
  8
LAYER_1
 62
     7
100
AcDbSpline
210
0.0
220
0.0
230
1.0
 70
     8
 71
     3
 72
    14
 73
    10
 74
     0
 42
0.0000000001
 43
0.0000000001
 12
1.0
 22
0.0
 32
0.0
 13
1.0
 23
0.0
 33
0.0
 40
0.0
 40
0.0
 40
0.0
 40
0.0
 40
1.0
 40
1.0
 40
1.0
 40
2.0
 40
2.0
 40
2.0
 40
3.0
 40
3.0
 40
3.0
 40
3.0
 10
32.12505797328387
 20
0.7023622164109484
 30
0.0
 10
31.73827040513374
 20
0.9101107270424159
 30
0.0
 10
31.26139753848264
 20
0.886532002279561
 30
0.0
 10
30.84542217377207
 20
0.7460736009683285
 30
0.0
 10
30.4294468090614
 20
0.6056151996570962
 30
0.0
 10
30.05899841625263
 20
0.3594692196847467
 30
0.0
 10
29.68633032495889
 20
0.1273430465018919
 30
0.0
 10
29.31366223366513
 20
-0.104783126680963
 30
0.0
 10
28.92490242739041
 20
-0.3288226907708728
 30
0.0
 10
28.49472747353901
 20
-0.4166496548768919
 30
0.0
  0
SPLINE
  5
198
330
1F
100
AcDbEntity
  8
LAYER_1
 62
     7
100
AcDbSpline
210
0.0
220
0.0
230
1.0
 70
     8
 71
     3
 72
     8
 73
     4
 74
     0
 42
0.0000000001
 43
0.0000000001
 12
1.0
 22
0.0
 32
0.0
 13
1.0
 23
0.0
 33
0.0
 40
0.0
 40
0.0
 40
0.0
 40
0.0
 40
1.0
 40
1.0
 40
1.0
 40
1.0
 10
-9.140228776487875
 20
-2.404645872559386
 30
0.0
 10
-7.146768333755428
 20
-4.781191896427875
 30
0.0
 10
-4.52227169701569
 20
-6.62349113359048
 30
0.0
 10
-1.609749352895556
 20
-7.690762952437581
 30
0.0
  0
SPLINE
  5
199
330
1F
100
AcDbEntity
  8
LAYER_1
 62
     7
100
AcDbSpline
210
0.0
220
0.0
230
1.0
 70
     8
 71
     3
 72
    11
 73
     7
 74
     0
 42
0.0000000001
 43
0.0000000001
 12
1.0
 22
0.0
 32
0.0
 13
1.0
 23
0.0
 33
0.0
 40
0.0
 40
0.0
 40
0.0
 40
0.0
 40
1.0
 40
1.0
 40
1.0
 40
2.0
 40
2.0
 40
2.0
 40
2.0
 10
-7.970446475280546
 20
10.71936447554736
 30
0.0
 10
-7.330878901321928
 20
9.936511422014707
 30
0.0
 10
-6.422856557248198
 20
9.377204605582177
 30
0.0
 10
-5.435966333025072
 20
9.158222253741794
 30
0.0
 10
-4.449076108801945
 20
8.939239901901399
 30
0.0
 10
-3.389709024389945
 20
9.062000126361289
 30
0.0
 10
-2.479051388888744
 20
9.500871697539095
 30
0.0
  0
SPLINE
  5
19A
330
1F
100
AcDbEntity
  8
LAYER_1
 62
     7
100
AcDbSpline
210
0.0
220
0.0
230
1.0
 70
     8
 71
     3
 72
    17
 73
    13
 74
     0
 42
0.0000000001
 43
0.0000000001
 12
1.0
 22
0.0
 32
0.0
 13
1.0
 23
0.0
 33
0.0
 40
0.0
 40
0.0
 40
0.0
 40
0.0
 40
1.0
 40
1.0
 40
1.0
 40
2.0
 40
2.0
 40
2.0
 40
3.0
 40
3.0
 40
3.0
 40
4.0
 40
4.0
 40
4.0
 40
4.0
 10
-10.71456617272404
 20
12.67223831392554
 30
0.0
 10
-9.895046135335821
 20
11.99688241176878
 30
0.0
 10
-9.515666198760147
 20
10.94032038467553
 30
0.0
 10
-8.93392035373563
 20
10.05190018113699
 30
0.0
 10
-8.546048856654288
 20
9.459557220779136
 30
0.0
 10
-8.061149306221308
 20
8.93413432975011
 30
0.0
 10
-7.689903005781312
 20
8.331232460561296
 30
0.0
 10
-7.415002156961893
 20
7.884795125786392
 30
0.0
 10
-7.202771680699217
 20
7.396579011289885
 30
0.0
 10
-6.870879939246757
 20
6.9907161731105
 30
0.0
 10
-6.538988197794297
 20
6.584853334931128
 30
0.0
 10
-6.045396632208318
 20
6.260984360255949
 30
0.0
 10
-5.523274045421102
 20
6.308574021170885
 30
0.0
  0
SPLINE
  5
19B
330
1F
100
AcDbEntity
  8
LAYER_1
 62
     7
100
AcDbSpline
210
0.0
220
0.0
230
1.0
 70
     8
 71
     3
 72
     8
 73
     4
 74
     0
 42
0.0000000001
 43
0.0000000001
 12
1.0
 22
0.0
 32
0.0
 13
1.0
 23
0.0
 33
0.0
 40
0.0
 40
0.0
 40
0.0
 40
0.0
 40
1.0
 40
1.0
 40
1.0
 40
1.0
 10
-6.863835504374694
 20
9.349280518116984
 30
0.0
 10
-6.182668770755956
 20
8.351227128402797
 30
0.0
 10
-5.252004216304865
 20
7.524862779433684
 30
0.0
 10
-4.180373583132829
 20
6.966555987646112
 30
0.0
  0
SPLINE
  5
19C
330
1F
100
AcDbEntity
  8
LAYER_1
 62
     7
100
AcDbSpline
210
0.0
220
0.0
230
1.0
 70
     8
 71
     3
 72
     8
 73
     4
 74
     0
 42
0.0000000001
 43
0.0000000001
 12
1.0
 22
0.0
 32
0.0
 13
1.0
 23
0.0
 33
0.0
 40
0.0
 40
0.0
 40
0.0
 40
0.0
 40
1.0
 40
1.0
 40
1.0
 40
1.0
 10
-3.72218484937692
 20
7.451697906375077
 30
0.0
 10
-3.455317174991023
 20
7.069767444407185
 30
0.0
 10
-3.067117273179659
 20
6.773987297651324
 30
0.0
 10
-2.628057481058919
 20
6.618052271585762
 30
0.0
  0
SPLINE
  5
19D
330
1F
100
AcDbEntity
  8
LAYER_1
 62
     7
100
AcDbSpline
210
0.0
220
0.0
230
1.0
 70
     8
 71
     3
 72
    14
 73
    10
 74
     0
 42
0.0000000001
 43
0.0000000001
 12
1.0
 22
0.0
 32
0.0
 13
1.0
 23
0.0
 33
0.0
 40
0.0
 40
0.0
 40
0.0
 40
0.0
 40
1.0
 40
1.0
 40
1.0
 40
2.0
 40
2.0
 40
2.0
 40
3.0
 40
3.0
 40
3.0
 40
3.0
 10
-3.141291575150553
 20
3.976656638311902
 30
0.0
 10
-3.42701291564822
 20
3.820939553632469
 30
0.0
 10
-3.786462036423169
 20
3.857269163544743
 30
0.0
 10
-4.08257088713564
 20
3.992191524206646
 30
0.0
 10
-4.378679737848099
 20
4.127113884868574
 30
0.0
 10
-4.624915332607038
 20
4.349099232310587
 30
0.0
 10
-4.866002928959688
 20
4.567642742307448
 30
0.0
 10
-5.230081319751561
 20
4.897676404186667
 30
0.0
 10
-5.594159765316261
 20
5.227709976799688
 30
0.0
 10
-5.95823821088095
 20
5.557743549412698
 30
0.0
  0
SPLINE
  5
19E
330
1F
100
AcDbEntity
  8
LAYER_1
 62
     7
100
AcDbSpline
210
0.0
220
0.0
230
1.0
 70
     8
 71
     3
 72
    11
 73
     7
 74
     0
 42
0.0000000001
 43
0.0000000001
 12
1.0
 22
0.0
 32
0.0
 13
1.0
 23
0.0
 33
0.0
 40
0.0
 40
0.0
 40
0.0
 40
0.0
 40
1.0
 40
1.0
 40
1.0
 40
2.0
 40
2.0
 40
2.0
 40
2.0
 10
-6.056855988261733
 20
4.199468753743885
 30
0.0
 10
-6.269711229395853
 20
4.931435957896585
 30
0.0
 10
-6.906819010164782
 20
5.449839547391522
 30
0.0
 10
-7.527897455675593
 20
5.891817947491859
 30
0.0
 10
-8.148975901186393
 20
6.333796347592207
 30
0.0
 10
-8.817067048078798
 20
6.78023642707506
 30
0.0
 10
-9.152542797404685
 20
7.464735779337413
 30
0.0
  0
SPLINE
  5
19F
330
1F
100
AcDbEntity
  8
LAYER_1
 62
     7
100
AcDbSpline
210
0.0
220
0.0
230
1.0
 70
     8
 71
     3
 72
    11
 73
     7
 74
     0
 42
0.0000000001
 43
0.0000000001
 12
1.0
 22
0.0
 32
0.0
 13
1.0
 23
0.0
 33
0.0
 40
0.0
 40
0.0
 40
0.0
 40
0.0
 40
1.0
 40
1.0
 40
1.0
 40
2.0
 40
2.0
 40
2.0
 40
2.0
 10
-7.337398576827657
 20
6.909292316866804
 30
0.0
 10
-7.700187807833268
 20
7.541471703521816
 30
0.0
 10
-8.330688703829297
 20
7.962817919047741
 30
0.0
 10
-8.87088737417245
 20
8.452156451767804
 30
0.0
 10
-9.667893776307032
 20
9.17412382787653
 30
0.0
 10
-10.29526638658487
 20
10.08216946079877
 30
0.0
 10
-10.68858206034258
 20
11.08304851269209
 30
0.0
  0
SPLINE
  5
1A0
330
1F
100
AcDbEntity
  8
LAYER_1
 62
     7
100
AcDbSpline
210
0.0
220
0.0
230
1.0
 70
     8
 71
     3
 72
    11
 73
     7
 74
     0
 42
0.0000000001
 43
0.0000000001
 12
1.0
 22
0.0
 32
0.0
 13
1.0
 23
0.0
 33
0.0
 40
0.0
 40
0.0
 40
0.0
 40
0.0
 40
1.0
 40
1.0
 40
1.0
 40
2.0
 40
2.0
 40
2.0
 40
2.0
 10
-11.35509549913953
 20
9.909616317934706
 30
0.0
 10
-11.24989453564831
 20
9.439297675979812
 30
0.0
 10
-10.90004974177771
 20
9.069069781206924
 30
0.0
 10
-10.57504334116716
 20
8.71320785959694
 30
0.0
 10
-10.25003694055661
 20
8.357345937986944
 30
0.0
 10
-9.921278395064974
 20
7.957481410992727
 30
0.0
 10
-9.87639564979084
 20
7.477635178469781
 30
0.0
  0
SPLINE
  5
1A1
330
1F
100
AcDbEntity
  8
LAYER_1
 62
     7
100
AcDbSpline
210
0.0
220
0.0
230
1.0
 70
     8
 71
     3
 72
    14
 73
    10
 74
     0
 42
0.0000000001
 43
0.0000000001
 12
1.0
 22
0.0
 32
0.0
 13
1.0
 23
0.0
 33
0.0
 40
0.0
 40
0.0
 40
0.0
 40
0.0
 40
1.0
 40
1.0
 40
1.0
 40
2.0
 40
2.0
 40
2.0
 40
3.0
 40
3.0
 40
3.0
 40
3.0
 10
-10.78917179941029
 20
7.395647870131698
 30
0.0
 10
-11.01480310545973
 20
7.483608539862845
 30
0.0
 10
-11.2049943655458
 20
7.65910777922924
 30
0.0
 10
-11.31077229310467
 20
7.876955422618998
 30
0.0
 10
-11.40151865974724
 20
8.063845830494996
 30
0.0
 10
-11.42996555501094
 20
8.273843260249198
 30
0.0
 10
-11.48820803490321
 20
8.473269285231128
 30
0.0
 10
-11.54645051479549
 20
8.672695310213056
 30
0.0
 10
-11.64641186528982
 20
8.87553217678145
 30
0.0
 10
-11.82788141067286
 20
8.976684191109218
 30
0.0
  0
SPLINE
  5
1A2
330
1F
100
AcDbEntity
  8
LAYER_1
 62
     7
100
AcDbSpline
210
0.0
220
0.0
230
1.0
 70
     8
 71
     3
 72
     8
 73
     4
 74
     0
 42
0.0000000001
 43
0.0000000001
 12
1.0
 22
0.0
 32
0.0
 13
1.0
 23
0.0
 33
0.0
 40
0.0
 40
0.0
 40
0.0
 40
0.0
 40
1.0
 40
1.0
 40
1.0
 40
1.0
 10
-11.55775165547168
 20
6.360529425075583
 30
0.0
 10
-10.93660902556526
 20
5.26136745139249
 30
0.0
 10
-10.12148150836104
 20
4.272186897985724
 30
0.0
 10
-9.161320025263093
 20
3.452391107893391
 30
0.0
  0
SPLINE
  5
1A3
330
1F
100
AcDbEntity
  8
LAYER_1
 62
     7
100
AcDbSpline
210
0.0
220
0.0
230
1.0
 70
     8
 71
     3
 72
     8
 73
     4
 74
     0
 42
0.0000000001
 43
0.0000000001
 12
1.0
 22
0.0
 32
0.0
 13
1.0
 23
0.0
 33
0.0
 40
0.0
 40
0.0
 40
0.0
 40
0.0
 40
1.0
 40
1.0
 40
1.0
 40
1.0
 10
-1.423718990845588
 20
-7.205773899678029
 30
0.0
 10
-3.173450859510391
 20
-5.431739216986316
 30
0.0
 10
-5.798527133406954
 20
-4.635060989292444
 30
0.0
 10
-7.311342352633422
 20
-2.655123924613109
 30
0.0
  0
SPLINE
  5
1A4
330
1F
100
AcDbEntity
  8
LAYER_1
 62
     7
100
AcDbSpline
210
0.0
220
0.0
230
1.0
 70
     8
 71
     3
 72
    14
 73
    10
 74
     0
 42
0.0000000001
 43
0.0000000001
 12
1.0
 22
0.0
 32
0.0
 13
1.0
 23
0.0
 33
0.0
 40
0.0
 40
0.0
 40
0.0
 40
0.0
 40
1.0
 40
1.0
 40
1.0
 40
2.0
 40
2.0
 40
2.0
 40
3.0
 40
3.0
 40
3.0
 40
3.0
 10
-3.693313933779336
 20
1.154933434989617
 30
0.0
 10
-4.459553125151008
 20
1.699271126792584
 30
0.0
 10
-5.225792316522694
 20
2.243608818595577
 30
0.0
 10
-5.992031507894366
 20
2.787946510398544
 30
0.0
 10
-6.631133663195037
 20
3.24196578066767
 30
0.0
 10
-7.27201549130282
 20
3.697409894282676
 30
0.0
 10
-7.851850647789774
 20
4.225023629417718
 30
0.0
 10
-8.642820357813143
 20
4.94475689122444
 30
0.0
 10
-9.310510032253292
 20
5.790301448325711
 30
0.0
 10
-9.91403381180319
 20
6.673142362123472
 30
0.0
  0
SPLINE
  5
1A5
330
1F
100
AcDbEntity
  8
LAYER_1
 62
     7
100
AcDbSpline
210
0.0
220
0.0
230
1.0
 70
     8
 71
     3
 72
    11
 73
     7
 74
     0
 42
0.0000000001
 43
0.0000000001
 12
1.0
 22
0.0
 32
0.0
 13
1.0
 23
0.0
 33
0.0
 40
0.0
 40
0.0
 40
0.0
 40
0.0
 40
1.0
 40
1.0
 40
1.0
 40
2.0
 40
2.0
 40
2.0
 40
2.0
 10
-6.605662241976738
 20
2.453105470979886
 30
0.0
 10
-5.743285691170753
 20
1.501551020464755
 30
0.0
 10
-4.81695360725108
 20
0.6079676800536364
 30
0.0
 10
-3.83498891399894
 20
-0.219615867922913
 30
0.0
 10
-3.590057250830228
 20
-0.4260403210522175
 30
0.0
 10
-3.323867473874998
 20
-0.6363962173174715
 30
0.0
 10
-3.006380675015003
 20
-0.6788780272001986
 30
0.0
  0
SPLINE
  5
1A6
330
1F
100
AcDbEntity
  8
LAYER_1
 62
     7
100
AcDbSpline
210
0.0
220
0.0
230
1.0
 70
     8
 71
     3
 72
    17
 73
    13
 74
     0
 42
0.0000000001
 43
0.0000000001
 12
1.0
 22
0.0
 32
0.0
 13
1.0
 23
0.0
 33
0.0
 40
0.0
 40
0.0
 40
0.0
 40
0.0
 40
1.0
 40
1.0
 40
1.0
 40
2.0
 40
2.0
 40
2.0
 40
3.0
 40
3.0
 40
3.0
 40
4.0
 40
4.0
 40
4.0
 40
4.0
 10
-1.099120503113176
 20
-1.830044115178528
 30
0.0
 10
-1.835059757166656
 20
-1.345182660805727
 30
0.0
 10
-2.787010469122682
 20
-1.385408328108825
 30
0.0
 10
-3.633939432089063
 20
-1.14166964163908
 30
0.0
 10
-4.430984375619636
 20
-0.9122873876183853
 30
0.0
 10
-5.130785052167867
 20
-0.430291661866022
 30
0.0
 10
-5.775131219017099
 20
0.0919294498170934
 30
0.0
 10
-6.419477385866331
 20
0.614150561500234
 30
0.0
 10
-7.026982206711472
 20
1.18611279305378
 30
0.0
 10
-7.721192523234928
 20
1.639950769266938
 30
0.0
 10
-7.703397807418544
 20
1.618097877856321
 30
0.0
 10
-7.68560307621452
 20
1.596244982947004
 30
0.0
 10
-7.667808345010522
 20
1.574392088037661
 30
0.0
  0
SPLINE
  5
1A7
330
1F
100
AcDbEntity
  8
LAYER_1
 62
     7
100
AcDbSpline
210
0.0
220
0.0
230
1.0
 70
     8
 71
     3
 72
    14
 73
    10
 74
     0
 42
0.0000000001
 43
0.0000000001
 12
1.0
 22
0.0
 32
0.0
 13
1.0
 23
0.0
 33
0.0
 40
0.0
 40
0.0
 40
0.0
 40
0.0
 40
1.0
 40
1.0
 40
1.0
 40
2.0
 40
2.0
 40
2.0
 40
3.0
 40
3.0
 40
3.0
 40
3.0
 10
-6.275761150872135
 20
1.331356382112644
 30
0.0
 10
-6.658692147785283
 20
1.713067660729166
 30
0.0
 10
-7.230087663510353
 20
1.825368526052191
 30
0.0
 10
-7.768452037909229
 20
1.875403004144826
 30
0.0
 10
-8.306816412308155
 20
1.92543748223746
 30
0.0
 10
-8.867145131979719
 20
1.936087555988555
 30
0.0
 10
-9.352182358632136
 20
2.174998705542672
 30
0.0
 10
-9.73241782612826
 20
2.362288303701108
 30
0.0
 10
-10.04305552414774
 20
2.687123017251123
 30
0.0
 10
-10.21317723281173
 20
3.075343337766172
 30
0.0
  0
SPLINE
  5
1A8
330
1F
100
AcDbEntity
  8
LAYER_1
 62
     7
100
AcDbSpline
210
0.0
220
0.0
230
1.0
 70
     8
 71
     3
 72
    20
 73
    16
 74
     0
 42
0.0000000001
 43
0.0000000001
 12
1.0
 22
0.0
 32
0.0
 13
1.0
 23
0.0
 33
0.0
 40
0.0
 40
0.0
 40
0.0
 40
0.0
 40
1.0
 40
1.0
 40
1.0
 40
2.0
 40
2.0
 40
2.0
 40
3.0
 40
3.0
 40
3.0
 40
4.0
 40
4.0
 40
4.0
 40
5.0
 40
5.0
 40
5.0
 40
5.0
 10
-1.367309457667274
 20
-4.430228512825528
 30
0.0
 10
-1.727019938920585
 20
-3.751781534910783
 30
0.0
 10
-2.421296845621504
 20
-3.320717227116372
 30
0.0
 10
-3.116837662373945
 20
-2.995286889875817
 30
0.0
 10
-3.812378479126399
 20
-2.669856552635262
 30
0.0
 10
-4.552046813001905
 20
-2.410562295506047
 30
0.0
 10
-5.154873915975902
 20
-1.934871833035837
 30
0.0
 10
-5.644945207131008
 20
-1.54815707341979
 30
0.0
 10
-6.034351461949793
 20
-1.025703033062225
 30
0.0
 10
-6.589019424927983
 20
-0.7392390041259457
 30
0.0
 10
-7.023561292454574
 20
-0.5148153631279102
 30
0.0
 10
-7.523348782053997
 20
-0.4550556392439628
 30
0.0
 10
-7.980483480976292
 20
-0.281215258258726
 30
0.0
 10
-8.784709061656864
 20
0.0246176194719081
 30
0.0
 10
-9.439097395405458
 20
0.7013941453435564
 30
0.0
 10
-9.717713293770657
 20
1.515449251573778
 30
0.0
  0
SPLINE
  5
1A9
330
1F
100
AcDbEntity
  8
LAYER_1
 62
     7
100
AcDbSpline
210
0.0
220
0.0
230
1.0
 70
     8
 71
     3
 72
    11
 73
     7
 74
     0
 42
0.0000000001
 43
0.0000000001
 12
1.0
 22
0.0
 32
0.0
 13
1.0
 23
0.0
 33
0.0
 40
0.0
 40
0.0
 40
0.0
 40
0.0
 40
1.0
 40
1.0
 40
1.0
 40
2.0
 40
2.0
 40
2.0
 40
2.0
 10
-9.714896620995786
 20
0.3597499532709965
 30
0.0
 10
-10.44546417517632
 20
0.9094055200981882
 30
0.0
 10
-10.83444777421861
 20
1.788640249039114
 30
0.0
 10
-11.20928953803655
 20
2.622513048369632
 30
0.0
 10
-11.58413130185448
 20
3.456385847700125
 30
0.0
 10
-12.01163404842417
 20
4.327126592064587
 30
0.0
 10
-12.78085265478328
 20
4.821244927077966
 30
0.0
  0
SPLINE
  5
1AA
330
1F
100
AcDbEntity
  8
LAYER_1
 62
     7
100
AcDbSpline
210
0.0
220
0.0
230
1.0
 70
     8
 71
     3
 72
    17
 73
    13
 74
     0
 42
0.0000000001
 43
0.0000000001
 12
1.0
 22
0.0
 32
0.0
 13
1.0
 23
0.0
 33
0.0
 40
0.0
 40
0.0
 40
0.0
 40
0.0
 40
1.0
 40
1.0
 40
1.0
 40
2.0
 40
2.0
 40
2.0
 40
3.0
 40
3.0
 40
3.0
 40
4.0
 40
4.0
 40
4.0
 40
4.0
 10
-1.53496280562653
 20
-5.517349586936007
 30
0.0
 10
-2.260662701655469
 20
-4.775947963512534
 30
0.0
 10
-3.281626136718462
 20
-4.408532964760525
 30
0.0
 10
-4.111611856965561
 20
-3.786085850141717
 30
0.0
 10
-4.581725168866089
 20
-3.433525022557761
 30
0.0
 10
-4.986409435787537
 20
-3.002116719993056
 30
0.0
 10
-5.433502812708121
 20
-2.620785910326326
 30
0.0
 10
-5.880596189628717
 20
-2.239455100659623
 30
0.0
 10
-6.387835135635176
 20
-1.900791597678436
 30
0.0
 10
-6.964145016237315
 20
-1.786019669021294
 30
0.0
 10
-6.918487482311775
 20
-1.779180910990489
 30
0.0
 10
-6.872829897467088
 20
-1.772342066920499
 30
0.0
 10
-6.827172312622388
 20
-1.765503222850536
 30
0.0
  0
SPLINE
  5
1AB
330
1F
100
AcDbEntity
  8
LAYER_1
 62
     7
100
AcDbSpline
210
0.0
220
0.0
230
1.0
 70
     8
 71
     3
 72
    17
 73
    13
 74
     0
 42
0.0000000001
 43
0.0000000001
 12
1.0
 22
0.0
 32
0.0
 13
1.0
 23
0.0
 33
0.0
 40
0.0
 40
0.0
 40
0.0
 40
0.0
 40
1.0
 40
1.0
 40
1.0
 40
2.0
 40
2.0
 40
2.0
 40
3.0
 40
3.0
 40
3.0
 40
4.0
 40
4.0
 40
4.0
 40
4.0
 10
-1.352200150422441
 20
-6.547367246926164
 30
0.0
 10
-1.609075624593364
 20
-6.105640657932478
 30
0.0
 10
-2.046727329161841
 20
-5.79919064569026
 30
0.0
 10
-2.498043323227054
 20
-5.559563305523372
 30
0.0
 10
-2.94935931729228
 20
-5.319935965356509
 30
0.0
 10
-3.429328087207144
 20
-5.13153213002493
 30
0.0
 10
-3.855566285700724
 20
-4.849701707963251
 30
0.0
 10
-4.35496395573605
 20
-4.519498153680514
 30
0.0
 10
-4.764197192881157
 20
-4.072031536673699
 30
0.0
 10
-5.228383415466547
 20
-3.693926296030314
 30
0.0
 10
-5.738880980660483
 20
-3.278097892175209
 30
0.0
 10
-6.313431053796332
 20
-2.948183855458031
 30
0.0
 10
-6.89716209125888
 20
-2.64358729230763
 30
0.0
  0
SPLINE
  5
1AC
330
1F
100
AcDbEntity
  8
LAYER_1
 62
     7
100
AcDbSpline
210
0.0
220
0.0
230
1.0
 70
     8
 71
     3
 72
    17
 73
    13
 74
     0
 42
0.0000000001
 43
0.0000000001
 12
1.0
 22
0.0
 32
0.0
 13
1.0
 23
0.0
 33
0.0
 40
0.0
 40
0.0
 40
0.0
 40
0.0
 40
1.0
 40
1.0
 40
1.0
 40
2.0
 40
2.0
 40
2.0
 40
3.0
 40
3.0
 40
3.0
 40
4.0
 40
4.0
 40
4.0
 40
4.0
 10
-9.302247067727421
 20
1.734566535551039
 30
0.0
 10
-9.317742639140052
 20
1.755373830960707
 30
0.0
 10
-9.333238210552684
 20
1.77618112637035
 30
0.0
 10
-9.348733781965317
 20
1.796988421779992
 30
0.0
 10
-9.10100434209336
 20
1.656427474340818
 30
0.0
 10
-8.918151543077228
 20
1.425376260190837
 30
0.0
 10
-8.761733275042312
 20
1.187341388673834
 30
0.0
 10
-8.605315007007384
 20
0.949306517156856
 30
0.0
 10
-8.46748998547423
 20
0.6969216947604259
 30
0.0
 10
-8.278744242406674
 20
0.4836089686819428
 30
0.0
 10
-8.089998499339142
 20
0.2702962426034597
 30
0.0
 10
-7.838258584594162
 20
0.0950401361001999
 30
0.0
 10
-7.554509517315245
 20
0.0702663303470925
 30
0.0
  0
SPLINE
  5
1AD
330
1F
100
AcDbEntity
  8
LAYER_1
 62
     7
100
AcDbSpline
210
0.0
220
0.0
230
1.0
 70
     8
 71
     3
 72
     8
 73
     4
 74
     0
 42
0.0000000001
 43
0.0000000001
 12
1.0
 22
0.0
 32
0.0
 13
1.0
 23
0.0
 33
0.0
 40
0.0
 40
0.0
 40
0.0
 40
0.0
 40
1.0
 40
1.0
 40
1.0
 40
1.0
 10
-1.80387001403791
 20
8.144902709900432
 30
0.0
 10
-2.414432422382207
 20
8.43287448994589
 30
0.0
 10
-3.070295896332065
 20
8.624546993062255
 30
0.0
 10
-3.739844401810842
 20
8.710680606691742
 30
0.0
  0
SPLINE
  5
1AE
330
1F
100
AcDbEntity
  8
LAYER_1
 62
     7
100
AcDbSpline
210
0.0
220
0.0
230
1.0
 70
     8
 71
     3
 72
    14
 73
    10
 74
     0
 42
0.0000000001
 43
0.0000000001
 12
1.0
 22
0.0
 32
0.0
 13
1.0
 23
0.0
 33
0.0
 40
0.0
 40
0.0
 40
0.0
 40
0.0
 40
1.0
 40
1.0
 40
1.0
 40
2.0
 40
2.0
 40
2.0
 40
3.0
 40
3.0
 40
3.0
 40
3.0
 10
1.006728338998881
 20
22.12824248601376
 30
0.0
 10
0.5516169200089204
 20
22.06866395791458
 30
0.0
 10
0.1725813459095965
 20
21.76665857982264
 30
0.0
 10
-0.2138734179123831
 20
21.51901221860402
 30
0.0
 10
-0.6003281817343501
 20
21.27136585738541
 30
0.0
 10
-1.074945222424263
 20
21.06449704759388
 30
0.0
 10
-1.507537397196542
 20
21.21792460389098
 30
0.0
 10
-1.891250267411124
 20
21.35401602170792
 30
0.0
 10
-2.193991478177509
 20
21.75854049477583
 30
0.0
 10
-2.598959383787966
 20
21.71661843615458
 30
0.0
  0
SPLINE
  5
1AF
330
1F
100
AcDbEntity
  8
LAYER_1
 62
     7
100
AcDbSpline
210
0.0
220
0.0
230
1.0
 70
     8
 71
     3
 72
    17
 73
    13
 74
     0
 42
0.0000000001
 43
0.0000000001
 12
1.0
 22
0.0
 32
0.0
 13
1.0
 23
0.0
 33
0.0
 40
0.0
 40
0.0
 40
0.0
 40
0.0
 40
1.0
 40
1.0
 40
1.0
 40
2.0
 40
2.0
 40
2.0
 40
3.0
 40
3.0
 40
3.0
 40
4.0
 40
4.0
 40
4.0
 40
4.0
 10
-1.378579051395528
 20
22.53414871111292
 30
0.0
 10
-1.773816833333298
 20
22.54695939589486
 30
0.0
 10
-2.238293216292593
 20
22.59908184891138
 30
0.0
 10
-2.435356197892133
 20
22.94192758564833
 30
0.0
 10
-2.534127245813478
 20
23.11376711391736
 30
0.0
 10
-2.539390588701697
 20
23.32281732898694
 30
0.0
 10
-2.606105334607605
 20
23.50945517866555
 30
0.0
 10
-2.74384991079008
 20
23.89480299559694
 30
0.0
 10
-3.116732444402739
 20
24.13388928161541
 30
0.0
 10
-3.43435734678466
 20
24.39192207358347
 30
0.0
 10
-3.751982249166606
 20
24.64995486555166
 30
0.0
 10
-4.056526864257547
 20
25.02553367554597
 30
0.0
 10
-3.970743055763238
 20
25.42566820110486
 30
0.0
  0
SPLINE
  5
1B0
330
1F
100
AcDbEntity
  8
LAYER_1
 62
     7
100
AcDbSpline
210
0.0
220
0.0
230
1.0
 70
     8
 71
     3
 72
     8
 73
     4
 74
     0
 42
0.0000000001
 43
0.0000000001
 12
1.0
 22
0.0
 32
0.0
 13
1.0
 23
0.0
 33
0.0
 40
0.0
 40
0.0
 40
0.0
 40
0.0
 40
1.0
 40
1.0
 40
1.0
 40
1.0
 10
30.55764837194195
 20
18.04171537487569
 30
0.0
 10
30.13875089750652
 20
18.46483058866958
 30
0.0
 10
29.70454247948666
 20
18.91337950718736
 30
0.0
 10
29.54029346858417
 20
19.48567649359361
 30
0.0
  0
SPLINE
  5
1B1
330
1F
100
AcDbEntity
  8
LAYER_1
 62
     7
100
AcDbSpline
210
0.0
220
0.0
230
1.0
 70
     8
 71
     3
 72
    14
 73
    10
 74
     0
 42
0.0000000001
 43
0.0000000001
 12
1.0
 22
0.0
 32
0.0
 13
1.0
 23
0.0
 33
0.0
 40
0.0
 40
0.0
 40
0.0
 40
0.0
 40
1.0
 40
1.0
 40
1.0
 40
2.0
 40
2.0
 40
2.0
 40
3.0
 40
3.0
 40
3.0
 40
3.0
 10
26.67342769613404
 20
24.4920310778868
 30
0.0
 10
27.04550516332069
 20
23.97527323785833
 30
0.0
 10
27.42902795941735
 20
23.43087267326583
 30
0.0
 10
27.51655174768972
 20
22.80014302174681
 30
0.0
 10
27.58985061153223
 20
22.27192469404791
 30
0.0
 10
27.44660042907945
 20
21.73877821894416
 30
0.0
 10
27.44098127948374
 20
21.20552802956542
 30
0.0
 10
27.43536212988819
 20
20.6722778401868
 30
0.0
 10
27.62814946077292
 20
20.06749124154083
 30
0.0
 10
28.11973795573125
 20
19.86078349872708
 30
0.0
  0
SPLINE
  5
1B2
330
1F
100
AcDbEntity
  8
LAYER_1
 62
     7
100
AcDbSpline
210
0.0
220
0.0
230
1.0
 70
     8
 71
     3
 72
    11
 73
     7
 74
     0
 42
0.0000000001
 43
0.0000000001
 12
1.0
 22
0.0
 32
0.0
 13
1.0
 23
0.0
 33
0.0
 40
0.0
 40
0.0
 40
0.0
 40
0.0
 40
1.0
 40
1.0
 40
1.0
 40
2.0
 40
2.0
 40
2.0
 40
2.0
 10
26.94953157831583
 20
21.22631032551208
 30
0.0
 10
26.95087854114862
 20
21.62425097219305
 30
0.0
 10
26.79281661567943
 20
22.00963227074875
 30
0.0
 10
26.57033432193096
 20
22.33957196456903
 30
0.0
 10
26.34785202818249
 20
22.66951165838931
 30
0.0
 10
26.0625465217732
 20
22.95140012578541
 30
0.0
 10
25.77926098292361
 20
23.2308779890743
 30
0.0
  0
SPLINE
  5
1B3
330
1F
100
AcDbEntity
  8
LAYER_1
 62
     7
100
AcDbSpline
210
0.0
220
0.0
230
1.0
 70
     8
 71
     3
 72
     8
 73
     4
 74
     0
 42
0.0000000001
 43
0.0000000001
 12
1.0
 22
0.0
 32
0.0
 13
1.0
 23
0.0
 33
0.0
 40
0.0
 40
0.0
 40
0.0
 40
0.0
 40
1.0
 40
1.0
 40
1.0
 40
1.0
 10
25.12493777752166
 20
25.13776643069055
 30
0.0
 10
25.59591339713582
 20
25.92013667501833
 30
0.0
 10
25.66257532447457
 20
26.93191407249333
 30
0.0
 10
25.29831984232166
 20
27.76931432159889
 30
0.0
  0
SPLINE
  5
1B4
330
1F
100
AcDbEntity
  8
LAYER_1
 62
     7
100
AcDbSpline
210
0.0
220
0.0
230
1.0
 70
     8
 71
     3
 72
    20
 73
    16
 74
     0
 42
0.0000000001
 43
0.0000000001
 12
1.0
 22
0.0
 32
0.0
 13
1.0
 23
0.0
 33
0.0
 40
0.0
 40
0.0
 40
0.0
 40
0.0
 40
1.0
 40
1.0
 40
1.0
 40
2.0
 40
2.0
 40
2.0
 40
3.0
 40
3.0
 40
3.0
 40
4.0
 40
4.0
 40
4.0
 40
5.0
 40
5.0
 40
5.0
 40
5.0
 10
4.06257827000694
 20
24.85918675766403
 30
0.0
 10
4.044552751779924
 20
25.49552112049042
 30
0.0
 10
3.436044971944852
 20
25.77420998418514
 30
0.0
 10
2.949587485586271
 20
26.0347382089443
 30
0.0
 10
2.7092004696249
 20
26.16348039974153
 30
0.0
 10
2.454401701178287
 20
26.29008414859903
 30
0.0
 10
2.296097186630327
 20
26.51584525444236
 30
0.0
 10
2.051294134963819
 20
26.86496358385889
 30
0.0
 10
1.980868621909483
 20
27.32912424981125
 30
0.0
 10
1.99090166704808
 20
27.74635024004847
 30
0.0
 10
2.013819738609691
 20
28.69939354012902
 30
0.0
 10
2.537717516028617
 20
29.54885042455541
 30
0.0
 10
2.632547758221588
 20
30.48949786270597
 30
0.0
 10
2.716262616302843
 20
31.31988873771416
 30
0.0
 10
2.611879099278174
 20
32.16524266019653
 30
0.0
 10
2.336962414979439
 20
32.9529831722057
 30
0.0
  0
SPLINE
  5
1B5
330
1F
100
AcDbEntity
  8
LAYER_1
 62
     7
100
AcDbSpline
210
0.0
220
0.0
230
1.0
 70
     8
 71
     3
 72
    14
 73
    10
 74
     0
 42
0.0000000001
 43
0.0000000001
 12
1.0
 22
0.0
 32
0.0
 13
1.0
 23
0.0
 33
0.0
 40
0.0
 40
0.0
 40
0.0
 40
0.0
 40
1.0
 40
1.0
 40
1.0
 40
2.0
 40
2.0
 40
2.0
 40
3.0
 40
3.0
 40
3.0
 40
3.0
 10
2.713295016627942
 20
32.96171534840916
 30
0.0
 10
3.241020548146985
 20
31.75654632415847
 30
0.0
 10
3.275645588788241
 20
30.34390980249153
 30
0.0
 10
2.807596650210447
 20
29.11433005726889
 30
0.0
 10
2.640089461145269
 20
28.67428432774555
 30
0.0
 10
2.393949251684401
 20
28.22674453306806
 30
0.0
 10
2.431490039442994
 20
27.74046154237972
 30
0.0
 10
2.455658509720908
 20
27.42739629498333
 30
0.0
 10
2.655201977691958
 20
26.95596278383555
 30
0.0
 10
2.88818940440678
 20
26.74993152859777
 30
0.0
  0
SPLINE
  5
1B6
330
1F
100
AcDbEntity
  8
LAYER_1
 62
     7
100
AcDbSpline
210
0.0
220
0.0
230
1.0
 70
     8
 71
     3
 72
    11
 73
     7
 74
     0
 42
0.0000000001
 43
0.0000000001
 12
1.0
 22
0.0
 32
0.0
 13
1.0
 23
0.0
 33
0.0
 40
0.0
 40
0.0
 40
0.0
 40
0.0
 40
1.0
 40
1.0
 40
1.0
 40
2.0
 40
2.0
 40
2.0
 40
2.0
 10
4.025116957532823
 20
25.86869303077611
 30
0.0
 10
4.262728127747374
 20
25.67344585899416
 30
0.0
 10
4.430222933918205
 20
25.3945979228111
 30
0.0
 10
4.490978570049214
 20
25.09311943439472
 30
0.0
 10
4.944555942110228
 20
25.55192842019097
 30
0.0
 10
5.46888772468651
 20
25.94065722014027
 30
0.0
 10
6.039712344341094
 20
26.24131878868166
 30
0.0
  0
SPLINE
  5
1B7
330
1F
100
AcDbEntity
  8
LAYER_1
 62
     7
100
AcDbSpline
210
0.0
220
0.0
230
1.0
 70
     8
 71
     3
 72
     8
 73
     4
 74
     0
 42
0.0000000001
 43
0.0000000001
 12
1.0
 22
0.0
 32
0.0
 13
1.0
 23
0.0
 33
0.0
 40
0.0
 40
0.0
 40
0.0
 40
0.0
 40
1.0
 40
1.0
 40
1.0
 40
1.0
 10
9.454854418915803
 20
27.08303788012277
 30
0.0
 10
9.945475631218212
 20
27.39265300975486
 30
0.0
 10
10.39880386925428
 20
27.76130366467902
 30
0.0
 10
10.80193936235294
 20
28.17849963381374
 30
0.0
  0
SPLINE
  5
1B8
330
1F
100
AcDbEntity
  8
LAYER_1
 62
     7
100
AcDbSpline
210
0.0
220
0.0
230
1.0
 70
     8
 71
     3
 72
    11
 73
     7
 74
     0
 42
0.0000000001
 43
0.0000000001
 12
1.0
 22
0.0
 32
0.0
 13
1.0
 23
0.0
 33
0.0
 40
0.0
 40
0.0
 40
0.0
 40
0.0
 40
1.0
 40
1.0
 40
1.0
 40
2.0
 40
2.0
 40
2.0
 40
2.0
 10
0.3853613013619931
 20
1.146584662082432
 30
0.0
 10
0.075097941105317
 20
-1.210138646264947
 30
0.0
 10
-0.2056883051452461
 20
-3.577272942442429
 30
0.0
 10
-0.2139260501838862
 20
-5.954317377109596
 30
0.0
 10
-0.2221637952225264
 20
-8.331361811776787
 30
0.0
 10
0.0476599978625498
 20
-10.72763599054062
 30
0.0
 10
0.8136311387865286
 20
-12.97790182285846
 30
0.0
  0
SPLINE
  5
1B9
330
1F
100
AcDbEntity
  8
LAYER_1
 62
     7
100
AcDbSpline
210
0.0
220
0.0
230
1.0
 70
     8
 71
     3
 72
    14
 73
    10
 74
     0
 42
0.0000000001
 43
0.0000000001
 12
1.0
 22
0.0
 32
0.0
 13
1.0
 23
0.0
 33
0.0
 40
0.0
 40
0.0
 40
0.0
 40
0.0
 40
1.0
 40
1.0
 40
1.0
 40
2.0
 40
2.0
 40
2.0
 40
3.0
 40
3.0
 40
3.0
 40
3.0
 10
0.8512530881336285
 20
0.8897938823084183
 30
0.0
 10
0.6714049384250731
 20
-1.220711259228968
 30
0.0
 10
0.4913919675746254
 20
-3.336029520658106
 30
0.0
 10
0.5371980313222163
 20
-5.453688396382252
 30
0.0
 10
0.5830040950698073
 20
-7.571347272106398
 30
0.0
 10
0.8593896963185949
 20
-9.700408360372649
 30
0.0
 10
1.56884023563695
 20
-11.69621828160017
 30
0.0
 10
1.84066478168663
 20
-12.4609096813476
 30
0.0
 10
2.174649868706878
 20
-13.20239481357693
 30
0.0
 10
2.539366482885435
 20
-13.92739366090958
 30
0.0
  0
ENDSEC
  0
SECTION
  2
OBJECTS
  0
DICTIONARY
  5
C
330
0
100
AcDbDictionary
  3
ACAD_GROUP
350
D
  3
ACAD_LAYOUT
350
1A
  3
ACAD_MATERIAL
350
3B
  3
ACAD_MLEADERSTYLE
350
1BC
  3
ACAD_MLINESTYLE
350
17
  3
ACAD_PLOTSETTINGS
350
19
  3
ACAD_VISUALSTYLE
350
2A
  3
ACDBVARIABLEDICTIONARY
350
1BA
1001
ACAD
1000
TREAT_AS_HARD
1070
     0
  0
DICTIONARY
  5
D
102
{ACAD_REACTORS
330
C
102
}
330
C
100
AcDbDictionary
1001
ACAD
1000
TREAT_AS_HARD
1070
     0
  0
DICTIONARY
  5
1A
102
{ACAD_REACTORS
330
C
102
}
330
C
100
AcDbDictionary
1001
ACAD
1000
TREAT_AS_HARD
1070
     0
  0
DICTIONARY
  5
3B
102
{ACAD_REACTORS
330
C
102
}
330
C
100
AcDbDictionary
  3
BYBLOCK
350
3D
  3
BYLAYER
350
3C
  3
GLOBAL
350
3E
1001
ACAD
1000
TREAT_AS_HARD
1070
     0
  0
DICTIONARY
  5
1BC
102
{ACAD_REACTORS
330
C
102
}
330
C
100
AcDbDictionary
1001
ACAD
1000
TREAT_AS_HARD
1070
     0
  0
DICTIONARY
  5
17
102
{ACAD_REACTORS
330
C
102
}
330
C
100
AcDbDictionary
  3
STANDARD
350
18
1001
ACAD
1000
TREAT_AS_HARD
1070
     0
  0
DICTIONARY
  5
19
102
{ACAD_REACTORS
330
C
102
}
330
C
100
AcDbDictionary
1001
ACAD
1000
TREAT_AS_HARD
1070
     0
  0
DICTIONARY
  5
2A
102
{ACAD_REACTORS
330
C
102
}
330
C
100
AcDbDictionary
  3
2DWIREFRAME
350
2F
  3
3D_HIDDEN
350
31
  3
3DWIREFRAME
350
30
  3
BASIC
350
32
  3
BRIGHTEN
350
36
  3
COLORCHANGE
350
3A
  3
CONCEPTUAL
350
34
  3
DIM
350
35
  3
FACEPATTERN
350
39
  3
FLAT
350
2B
  3
FLATWITHEDGES
350
2C
  3
GOURAUD
350
2D
  3
GOURAUDWITHEDGES
350
2E
  3
LINEPATTERN
350
38
  3
REALISTIC
350
33
  3
THICKEN
350
37
1001
ACAD
1000
TREAT_AS_HARD
1070
     0
  0
DICTIONARY
  5
1BA
102
{ACAD_REACTORS
330
C
102
}
330
C
100
AcDbDictionary
  3
DIMASSOC
350
1BD
  3
HIDETEXT
350
1BE
1001
ACAD
1000
TREAT_AS_HARD
1070
     0
  0
MATERIAL
  5
3D
102
{ACAD_REACTORS
330
3B
102
}
102
{ACAD_XDICTIONARY
360
1C1
102
}
330
3B
100
AcDbMaterial
  1
ByBlock
  0
MATERIAL
  5
3C
102
{ACAD_REACTORS
330
3B
102
}
102
{ACAD_XDICTIONARY
360
1BF
102
}
330
3B
100
AcDbMaterial
  1
ByLayer
  0
MATERIAL
  5
3E
102
{ACAD_REACTORS
330
3B
102
}
102
{ACAD_XDICTIONARY
360
1C3
102
}
330
3B
100
AcDbMaterial
  1
Global
  0
MLINESTYLE
  5
18
102
{ACAD_REACTORS
330
17
102
}
330
17
100
AcDbMlineStyle
  2
Standard
 70
     0
  3

 62
   256
 51
90.0
 52
90.0
 71
     2
 49
0.5
 62
   256
  6
BYLAYER
 49
-0.5
 62
   256
  6
BYLAYER
  0
ACAD_PROXY_OBJECT
  5
2F
102
{ACAD_REACTORS
330
2A
102
}
330
2A
100
AcDbZombieObject
 90
      499
 91
      501
 93
      436
310
42CC9915DA5C99599C985B595049028333333333333E3BF0000000000000FB0107901411070040501600405405064090741402480A0340
1001
ACAD
1000
AcDbSavedByObjectVersion
1070
     0
  0
ACAD_PROXY_OBJECT
  5
31
102
{ACAD_REACTORS
330
2A
102
}
330
2A
100
AcDbZombieObject
 90
      499
 91
      501
 93
      500
310
424CD108121A5919195B90640502408333333333333E3BF0000000000000FB01079024090700405020000000000001110200405405064090740C02480A0340
1001
ACAD
1000
AcDbSavedByObjectVersion
1070
     0
  0
ACAD_PROXY_OBJECT
  5
30
102
{ACAD_REACTORS
330
2A
102
}
330
2A
100
AcDbZombieObject
 90
      499
 91
      501
 93
      436
310
42CCD915DA5C99599C985B595059028333333333333E3BF0000000000000FB0107901411070040501600405405064090741402480A0340
1001
ACAD
1000
AcDbSavedByObjectVersion
1070
     0
  0
ACAD_PROXY_OBJECT
  5
32
102
{ACAD_REACTORS
330
2A
102
}
330
2A
100
AcDbZombieObject
 90
      499
 91
      501
 93
      388
310
4150985CDA58D07406404333333333333E3BF0000000000000FB0107A41107004050150841D405064090741402480A0350
1001
ACAD
1000
AcDbSavedByObjectVersion
1070
     0
  0
ACAD_PROXY_OBJECT
  5
36
102
{ACAD_REACTORS
330
2A
102
}
330
2A
100
AcDbZombieObject
 90
      499
 91
      501
 93
      428
310
42109C9A59DA1D195B90C409028333333333333E3BF0000000000000FB010790141107004050150841D405064090741402480A029950
1001
ACAD
1000
AcDbSavedByObjectVersion
1070
     0
  0
ACAD_PROXY_OBJECT
  5
3A
102
{ACAD_REACTORS
330
2A
102
}
330
2A
100
AcDbZombieObject
 90
      499
 91
      501
 93
      452
310
42D0DBDB1BDC90DA185B99D95104090240C333333333333E3BF0000000000000FB0108901411070040501508421405064090741402480A0350
1001
ACAD
1000
AcDbSavedByObjectVersion
1070
     0
  0
ACAD_PROXY_OBJECT
  5
34
102
{ACAD_REACTORS
330
2A
102
}
330
2A
100
AcDbZombieObject
 90
      499
 91
      501
 93
      500
310
4290DBDB98D95C1D1D585B10940D028333333333333E3BF0000000000000FB0107902409070040501000000000000111010841D405064090740C02480A0340
1001
ACAD
1000
AcDbSavedByObjectVersion
1070
     0
  0
ACAD_PROXY_OBJECT
  5
35
102
{ACAD_REACTORS
330
2A
102
}
330
2A
100
AcDbZombieObject
 90
      499
 91
      501
 93
      412
310
40D11A5B50B409028333333333333E3BF0000000000000FB010790141107004050150841D405064090741402480A02677FFFFFD0
1001
ACAD
1000
AcDbSavedByObjectVersion
1070
     0
  0
ACAD_PROXY_OBJECT
  5
39
102
{ACAD_REACTORS
330
2A
102
}
330
2A
100
AcDbZombieObject
 90
      499
 91
      501
 93
      444
310
42D19858D95C185D1D195C9B90F409028333333333333E3BF0000000000000FB010790141107004050150841D405064090741402480A0350
1001
ACAD
1000
AcDbSavedByObjectVersion
1070
     0
  0
ACAD_PROXY_OBJECT
  5
2B
102
{ACAD_REACTORS
330
2A
102
}
330
2A
100
AcDbZombieObject
 90
      499
 91
      501
 93
      388
310
41119B185D240901404333333333333E3BF0000000000000F9010740A41107004050150841D405064090741402480A1B50
1001
ACAD
1000
AcDbSavedByObjectVersion
1070
     0
  0
ACAD_PROXY_OBJECT
  5
2C
102
{ACAD_REACTORS
330
2A
102
}
330
2A
100
AcDbZombieObject
 90
      499
 91
      501
 93
      476
310
43519B185D15DA5D1A115919D95CD0140901404333333333333E3BF0000000000000F9010740901411070040501600405405064090741402480A1B50
1001
ACAD
1000
AcDbSavedByObjectVersion
1070
     0
  0
ACAD_PROXY_OBJECT
  5
2D
102
{ACAD_REACTORS
330
2A
102
}
330
2A
100
AcDbZombieObject
 90
      499
 91
      501
 93
      412
310
41D1DBDD5C985D5910240902404333333333333E3BF0000000000000F9010740A411070040501641D405064090741402480A1B50
1001
ACAD
1000
AcDbSavedByObjectVersion
1070
     0
  0
ACAD_PROXY_OBJECT
  5
2E
102
{ACAD_REACTORS
330
2A
102
}
330
2A
100
AcDbZombieObject
 90
      499
 91
      501
 93
      500
310
4411DBDD5C985D5915DA5D1A115919D95CD0340902404333333333333E3BF0000000000000F9010740901411070040501600405405064090741402480A1B50
1001
ACAD
1000
AcDbSavedByObjectVersion
1070
     0
  0
ACAD_PROXY_OBJECT
  5
38
102
{ACAD_REACTORS
330
2A
102
}
330
2A
100
AcDbZombieObject
 90
      499
 91
      501
 93
      444
310
42D31A5B995C185D1D195C9B90E409028333333333333E3BF0000000000000FB010790141107004050750841D405064090741402483A0350
1001
ACAD
1000
AcDbSavedByObjectVersion
1070
     0
  0
ACAD_PROXY_OBJECT
  5
33
102
{ACAD_REACTORS
330
2A
102
}
330
2A
100
AcDbZombieObject
 90
      499
 91
      501
 93
      420
310
425499585B1A5CDD1A58D08409028333333333333E3BF0000000000000FB01079019070040501508421405064090741402480A1B40
1001
ACAD
1000
AcDbSavedByObjectVersion
1070
     0
  0
ACAD_PROXY_OBJECT
  5
37
102
{ACAD_REACTORS
330
2A
102
}
330
2A
100
AcDbZombieObject
 90
      499
 91
      501
 93
      412
310
41D51A1A58DAD95B90D409028333333333333E3BF0000000000000FB010790141107004050150C41D405064090741402480A0350
1001
ACAD
1000
AcDbSavedByObjectVersion
1070
     0
  0
DICTIONARYVAR
  5
1BD
102
{ACAD_REACTORS
330
1BA
102
}
330
1BA
100
DictionaryVariables
280
     0
  1
2
  0
DICTIONARYVAR
  5
1BE
102
{ACAD_REACTORS
330
1BA
102
}
330
1BA
100
DictionaryVariables
280
     0
  1
1
  0
DICTIONARY
  5
1C1
330
3D
100
AcDbDictionary
  3
ACAD_XREC_ROUNDTRIP
360
1C2
1001
ACAD
1000
TREAT_AS_HARD
1070
     1
  0
DICTIONARY
  5
1BF
330
3C
100
AcDbDictionary
  3
ACAD_XREC_ROUNDTRIP
360
1C0
1001
ACAD
1000
TREAT_AS_HARD
1070
     1
  0
DICTIONARY
  5
1C3
330
3E
100
AcDbDictionary
  3
ACAD_XREC_ROUNDTRIP
360
1C4
1001
ACAD
1000
TREAT_AS_HARD
1070
     1
  0
XRECORD
  5
1C2
102
{ACAD_REACTORS
330
1C1
102
}
330
1C1
100
AcDbXrecord
102
MATERIAL
148
0.0
149
0.0
149
0.0
 93
        0
 94
      127
282
     0
 72
     1
 77
     1
171
     1
175
     1
179
     1
273
     0
  0
XRECORD
  5
1C0
102
{ACAD_REACTORS
330
1BF
102
}
330
1BF
100
AcDbXrecord
102
MATERIAL
148
0.0
149
0.0
149
0.0
 93
        0
 94
      127
282
     0
 72
     1
 77
     1
171
     1
175
     1
179
     1
273
     0
  0
XRECORD
  5
1C4
102
{ACAD_REACTORS
330
1C3
102
}
330
1C3
100
AcDbXrecord
102
MATERIAL
148
0.0
149
0.0
149
0.0
 93
        0
 94
      127
282
     0
 72
     1
 77
     1
171
     1
175
     1
179
     1
273
     0
  0
ENDSEC
  0
EOF
